timestamp,log_volume_change,log_comments_change,log_volume_change_lag1,log_comments_change_lag1,log_volume_change_lag2,log_comments_change_lag2,log_volume_change_lag3,log_comments_change_lag3,log_volume_change_lag4,log_comments_change_lag4,log_volume_change_lag5,log_comments_change_lag5,log_volume_change_lag6,log_comments_change_lag6,log_volume_change_lag7,log_comments_change_lag7,log_volume_change_lag8,log_comments_change_lag8,log_volume_change_lag9,log_comments_change_lag9,log_volume_change_lag10,log_comments_change_lag10,log_volume_change_lag11,log_comments_change_lag11,log_volume_change_lag12,log_comments_change_lag12
2025-06-25 17:00:00,0.44521808744652525,0.0,-1.0294729238646543,0.0,2.6186107228050943,0.0,-0.9016653351756752,0.0,9.190953658175992,0.0,0.0,0.0,0.0,0.0,0.0,0.0,0.0,0.0,-6.616065185132817,0.0,-2.8864222762543053,0.0,-1.7566677049769819,-0.6931471805599453,3.6949166911936135,-0.4054651081081645
2025-06-25 18:00:00,-2.5983141714701476,0.0,0.44521808744652525,0.0,-1.0294729238646543,0.0,2.6186107228050943,0.0,-0.9016653351756752,0.0,9.190953658175992,0.0,0.0,0.0,0.0,0.0,0.0,0.0,0.0,0.0,-6.616065185132817,0.0,-2.8864222762543053,0.0,-1.7566677049769819,-0.6931471805599453
2025-06-25 19:00:00,2.1888006747174726,0.0,-2.5983141714701476,0.0,0.44521808744652525,0.0,-1.0294729238646543,0.0,2.6186107228050943,0.0,-0.9016653351756752,0.0,9.190953658175992,0.0,0.0,0.0,0.0,0.0,0.0,0.0,0.0,0.0,-6.616065185132817,0.0,-2.8864222762543053,0.0
2025-06-25 20:00:00,0.0929958746610069,0.0,2.1888006747174726,0.0,-2.5983141714701476,0.0,0.44521808744652525,0.0,-1.0294729238646543,0.0,2.6186107228050943,0.0,-0.9016653351756752,0.0,9.190953658175992,0.0,0.0,0.0,0.0,0.0,0.0,0.0,0.0,0.0,-6.616065185132817,0.0
2025-06-25 21:00:00,-2.600415857117974,1.0986122886681098,0.0929958746610069,0.0,2.1888006747174726,0.0,-2.5983141714701476,0.0,0.44521808744652525,0.0,-1.0294729238646543,0.0,2.6186107228050943,0.0,-0.9016653351756752,0.0,9.190953658175992,0.0,0.0,0.0,0.0,0.0,0.0,0.0,0.0,0.0
2025-06-25 22:00:00,2.3965696719414558,-1.0986122886681098,-2.600415857117974,1.0986122886681098,0.0929958746610069,0.0,2.1888006747174726,0.0,-2.5983141714701476,0.0,0.44521808744652525,0.0,-1.0294729238646543,0.0,2.6186107228050943,0.0,-0.9016653351756752,0.0,9.190953658175992,0.0,0.0,0.0,0.0,0.0,0.0,0.0
2025-06-25 23:00:00,-0.27710791427478654,0.0,2.3965696719414558,-1.0986122886681098,-2.600415857117974,1.0986122886681098,0.0929958746610069,0.0,2.1888006747174726,0.0,-2.5983141714701476,0.0,0.44521808744652525,0.0,-1.0294729238646543,0.0,2.6186107228050943,0.0,-0.9016653351756752,0.0,9.190953658175992,0.0,0.0,0.0,0.0,0.0
2025-06-26 00:00:00,1.9776617771141378,0.0,-0.27710791427478654,0.0,2.3965696719414558,-1.0986122886681098,-2.600415857117974,1.0986122886681098,0.0929958746610069,0.0,2.1888006747174726,0.0,-2.5983141714701476,0.0,0.44521808744652525,0.0,-1.0294729238646543,0.0,2.6186107228050943,0.0,-0.9016653351756752,0.0,9.190953658175992,0.0,0.0,0.0
2025-06-26 01:00:00,-1.2899251530010485,0.0,1.9776617771141378,0.0,-0.27710791427478654,0.0,2.3965696719414558,-1.0986122886681098,-2.600415857117974,1.0986122886681098,0.0929958746610069,0.0,2.1888006747174726,0.0,-2.5983141714701476,0.0,0.44521808744652525,0.0,-1.0294729238646543,0.0,2.6186107228050943,0.0,-0.9016653351756752,0.0,9.190953658175992,0.0
2025-06-26 02:00:00,-0.8930117494165728,0.0,-1.2899251530010485,0.0,1.9776617771141378,0.0,-0.27710791427478654,0.0,2.3965696719414558,-1.0986122886681098,-2.600415857117974,1.0986122886681098,0.0929958746610069,0.0,2.1888006747174726,0.0,-2.5983141714701476,0.0,0.44521808744652525,0.0,-1.0294729238646543,0.0,2.6186107228050943,0.0,-0.9016653351756752,0.0
2025-06-26 03:00:00,-0.4509368520168735,0.0,-0.8930117494165728,0.0,-1.2899251530010485,0.0,1.9776617771141378,0.0,-0.27710791427478654,0.0,2.3965696719414558,-1.0986122886681098,-2.600415857117974,1.0986122886681098,0.0929958746610069,0.0,2.1888006747174726,0.0,-2.5983141714701476,0.0,0.44521808744652525,0.0,-1.0294729238646543,0.0,2.6186107228050943,0.0
2025-06-26 04:00:00,0.8955859408989522,0.0,-0.4509368520168735,0.0,-0.8930117494165728,0.0,-1.2899251530010485,0.0,1.9776617771141378,0.0,-0.27710791427478654,0.0,2.3965696719414558,-1.0986122886681098,-2.600415857117974,1.0986122886681098,0.0929958746610069,0.0,2.1888006747174726,0.0,-2.5983141714701476,0.0,0.44521808744652525,0.0,-1.0294729238646543,0.0
2025-06-26 05:00:00,-0.8062348342504677,0.0,0.8955859408989522,0.0,-0.4509368520168735,0.0,-0.8930117494165728,0.0,-1.2899251530010485,0.0,1.9776617771141378,0.0,-0.27710791427478654,0.0,2.3965696719414558,-1.0986122886681098,-2.600415857117974,1.0986122886681098,0.0929958746610069,0.0,2.1888006747174726,0.0,-2.5983141714701476,0.0,0.44521808744652525,0.0
2025-06-26 06:00:00,0.5477944459885684,0.0,-0.8062348342504677,0.0,0.8955859408989522,0.0,-0.4509368520168735,0.0,-0.8930117494165728,0.0,-1.2899251530010485,0.0,1.9776617771141378,0.0,-0.27710791427478654,0.0,2.3965696719414558,-1.0986122886681098,-2.600415857117974,1.0986122886681098,0.0929958746610069,0.0,2.1888006747174726,0.0,-2.5983141714701476,0.0
2025-06-26 07:00:00,-1.127108110922613,0.0,0.5477944459885684,0.0,-0.8062348342504677,0.0,0.8955859408989522,0.0,-0.4509368520168735,0.0,-0.8930117494165728,0.0,-1.2899251530010485,0.0,1.9776617771141378,0.0,-0.27710791427478654,0.0,2.3965696719414558,-1.0986122886681098,-2.600415857117974,1.0986122886681098,0.0929958746610069,0.0,2.1888006747174726,0.0
2025-06-26 08:00:00,-8.379997952238393,0.0,-1.127108110922613,0.0,0.5477944459885684,0.0,-0.8062348342504677,0.0,0.8955859408989522,0.0,-0.4509368520168735,0.0,-0.8930117494165728,0.0,-1.2899251530010485,0.0,1.9776617771141378,0.0,-0.27710791427478654,0.0,2.3965696719414558,-1.0986122886681098,-2.600415857117974,1.0986122886681098,0.0929958746610069,0.0
2025-06-26 09:00:00,0.0,0.0,-8.379997952238393,0.0,-1.127108110922613,0.0,0.5477944459885684,0.0,-0.8062348342504677,0.0,0.8955859408989522,0.0,-0.4509368520168735,0.0,-0.8930117494165728,0.0,-1.2899251530010485,0.0,1.9776617771141378,0.0,-0.27710791427478654,0.0,2.3965696719414558,-1.0986122886681098,-2.600415857117974,1.0986122886681098
2025-06-26 10:00:00,0.0,0.0,0.0,0.0,-8.379997952238393,0.0,-1.127108110922613,0.0,0.5477944459885684,0.0,-0.8062348342504677,0.0,0.8955859408989522,0.0,-0.4509368520168735,0.0,-0.8930117494165728,0.0,-1.2899251530010485,0.0,1.9776617771141378,0.0,-0.27710791427478654,0.0,2.3965696719414558,-1.0986122886681098
2025-06-26 11:00:00,0.0,0.0,0.0,0.0,0.0,0.0,-8.379997952238393,0.0,-1.127108110922613,0.0,0.5477944459885684,0.0,-0.8062348342504677,0.0,0.8955859408989522,0.0,-0.4509368520168735,0.0,-0.8930117494165728,0.0,-1.2899251530010485,0.0,1.9776617771141378,0.0,-0.27710791427478654,0.0
2025-06-26 12:00:00,0.0,0.0,0.0,0.0,0.0,0.0,0.0,0.0,-8.379997952238393,0.0,-1.127108110922613,0.0,0.5477944459885684,0.0,-0.8062348342504677,0.0,0.8955859408989522,0.0,-0.4509368520168735,0.0,-0.8930117494165728,0.0,-1.2899251530010485,0.0,1.9776617771141378,0.0
2025-06-26 13:00:00,8.934191535338075,0.0,0.0,0.0,0.0,0.0,0.0,0.0,0.0,0.0,-8.379997952238393,0.0,-1.127108110922613,0.0,0.5477944459885684,0.0,-0.8062348342504677,0.0,0.8955859408989522,0.0,-0.4509368520168735,0.0,-0.8930117494165728,0.0,-1.2899251530010485,0.0
2025-06-26 14:00:00,-2.4964398856016734,0.0,8.934191535338075,0.0,0.0,0.0,0.0,0.0,0.0,0.0,0.0,0.0,-8.379997952238393,0.0,-1.127108110922613,0.0,0.5477944459885684,0.0,-0.8062348342504677,0.0,0.8955859408989522,0.0,-0.4509368520168735,0.0,-0.8930117494165728,0.0
2025-06-26 15:00:00,3.357259426463643,0.0,-2.4964398856016734,0.0,8.934191535338075,0.0,0.0,0.0,0.0,0.0,0.0,0.0,0.0,0.0,-8.379997952238393,0.0,-1.127108110922613,0.0,0.5477944459885684,0.0,-0.8062348342504677,0.0,0.8955859408989522,0.0,-0.4509368520168735,0.0
2025-06-26 16:00:00,-2.6403957192863814,0.0,3.357259426463643,0.0,-2.4964398856016734,0.0,8.934191535338075,0.0,0.0,0.0,0.0,0.0,0.0,0.0,0.0,0.0,-8.379997952238393,0.0,-1.127108110922613,0.0,0.5477944459885684,0.0,-0.8062348342504677,0.0,0.8955859408989522,0.0
2025-06-26 17:00:00,0.7545068262977486,0.0,-2.6403957192863814,0.0,3.357259426463643,0.0,-2.4964398856016734,0.0,8.934191535338075,0.0,0.0,0.0,0.0,0.0,0.0,0.0,0.0,0.0,-8.379997952238393,0.0,-1.127108110922613,0.0,0.5477944459885684,0.0,-0.8062348342504677,0.0
2025-06-26 18:00:00,1.0420587832461914,0.0,0.7545068262977486,0.0,-2.6403957192863814,0.0,3.357259426463643,0.0,-2.4964398856016734,0.0,8.934191535338075,0.0,0.0,0.0,0.0,0.0,0.0,0.0,0.0,0.0,-8.379997952238393,0.0,-1.127108110922613,0.0,0.5477944459885684,0.0
2025-06-26 19:00:00,-3.1735286432349463,0.0,1.0420587832461914,0.0,0.7545068262977486,0.0,-2.6403957192863814,0.0,3.357259426463643,0.0,-2.4964398856016734,0.0,8.934191535338075,0.0,0.0,0.0,0.0,0.0,0.0,0.0,0.0,0.0,-8.379997952238393,0.0,-1.127108110922613,0.0
2025-06-26 20:00:00,1.1596617580010253,0.0,-3.1735286432349463,0.0,1.0420587832461914,0.0,0.7545068262977486,0.0,-2.6403957192863814,0.0,3.357259426463643,0.0,-2.4964398856016734,0.0,8.934191535338075,0.0,0.0,0.0,0.0,0.0,0.0,0.0,0.0,0.0,-8.379997952238393,0.0
2025-06-26 21:00:00,3.022931805131056,0.0,1.1596617580010253,0.0,-3.1735286432349463,0.0,1.0420587832461914,0.0,0.7545068262977486,0.0,-2.6403957192863814,0.0,3.357259426463643,0.0,-2.4964398856016734,0.0,8.934191535338075,0.0,0.0,0.0,0.0,0.0,0.0,0.0,0.0,0.0
2025-06-26 22:00:00,-3.374074231500063,0.0,3.022931805131056,0.0,1.1596617580010253,0.0,-3.1735286432349463,0.0,1.0420587832461914,0.0,0.7545068262977486,0.0,-2.6403957192863814,0.0,3.357259426463643,0.0,-2.4964398856016734,0.0,8.934191535338075,0.0,0.0,0.0,0.0,0.0,0.0,0.0
2025-06-26 23:00:00,3.971150360855858,0.0,-3.374074231500063,0.0,3.022931805131056,0.0,1.1596617580010253,0.0,-3.1735286432349463,0.0,1.0420587832461914,0.0,0.7545068262977486,0.0,-2.6403957192863814,0.0,3.357259426463643,0.0,-2.4964398856016734,0.0,8.934191535338075,0.0,0.0,0.0,0.0,0.0
2025-06-27 00:00:00,0.2396788210097629,0.0,3.971150360855858,0.0,-3.374074231500063,0.0,3.022931805131056,0.0,1.1596617580010253,0.0,-3.1735286432349463,0.0,1.0420587832461914,0.0,0.7545068262977486,0.0,-2.6403957192863814,0.0,3.357259426463643,0.0,-2.4964398856016734,0.0,8.934191535338075,0.0,0.0,0.0
2025-06-27 01:00:00,-0.44594700005736776,0.0,0.2396788210097629,0.0,3.971150360855858,0.0,-3.374074231500063,0.0,3.022931805131056,0.0,1.1596617580010253,0.0,-3.1735286432349463,0.0,1.0420587832461914,0.0,0.7545068262977486,0.0,-2.6403957192863814,0.0,3.357259426463643,0.0,-2.4964398856016734,0.0,8.934191535338075,0.0
2025-06-27 02:00:00,-10.351053836662928,0.0,-0.44594700005736776,0.0,0.2396788210097629,0.0,3.971150360855858,0.0,-3.374074231500063,0.0,3.022931805131056,0.0,1.1596617580010253,0.0,-3.1735286432349463,0.0,1.0420587832461914,0.0,0.7545068262977486,0.0,-2.6403957192863814,0.0,3.357259426463643,0.0,-2.4964398856016734,0.0
2025-06-27 03:00:00,7.875499292445208,0.0,-10.351053836662928,0.0,-0.44594700005736776,0.0,0.2396788210097629,0.0,3.971150360855858,0.0,-3.374074231500063,0.0,3.022931805131056,0.0,1.1596617580010253,0.0,-3.1735286432349463,0.0,1.0420587832461914,0.0,0.7545068262977486,0.0,-2.6403957192863814,0.0,3.357259426463643,0.0
2025-06-27 04:00:00,0.8459400131807753,0.0,7.875499292445208,0.0,-10.351053836662928,0.0,-0.44594700005736776,0.0,0.2396788210097629,0.0,3.971150360855858,0.0,-3.374074231500063,0.0,3.022931805131056,0.0,1.1596617580010253,0.0,-3.1735286432349463,0.0,1.0420587832461914,0.0,0.7545068262977486,0.0,-2.6403957192863814,0.0
2025-06-27 05:00:00,-0.785136612424024,0.0,0.8459400131807753,0.0,7.875499292445208,0.0,-10.351053836662928,0.0,-0.44594700005736776,0.0,0.2396788210097629,0.0,3.971150360855858,0.0,-3.374074231500063,0.0,3.022931805131056,0.0,1.1596617580010253,0.0,-3.1735286432349463,0.0,1.0420587832461914,0.0,0.7545068262977486,0.0
2025-06-27 06:00:00,-2.047424734869079,0.0,-0.785136612424024,0.0,0.8459400131807753,0.0,7.875499292445208,0.0,-10.351053836662928,0.0,-0.44594700005736776,0.0,0.2396788210097629,0.0,3.971150360855858,0.0,-3.374074231500063,0.0,3.022931805131056,0.0,1.1596617580010253,0.0,-3.1735286432349463,0.0,1.0420587832461914,0.0
2025-06-27 07:00:00,-3.49098268553451,0.0,-2.047424734869079,0.0,-0.785136612424024,0.0,0.8459400131807753,0.0,7.875499292445208,0.0,-10.351053836662928,0.0,-0.44594700005736776,0.0,0.2396788210097629,0.0,3.971150360855858,0.0,-3.374074231500063,0.0,3.022931805131056,0.0,1.1596617580010253,0.0,-3.1735286432349463,0.0
2025-06-27 08:00:00,-2.3978952727983707,0.0,-3.49098268553451,0.0,-2.047424734869079,0.0,-0.785136612424024,0.0,0.8459400131807753,0.0,7.875499292445208,0.0,-10.351053836662928,0.0,-0.44594700005736776,0.0,0.2396788210097629,0.0,3.971150360855858,0.0,-3.374074231500063,0.0,3.022931805131056,0.0,1.1596617580010253,0.0
2025-06-27 09:00:00,0.0,0.0,-2.3978952727983707,0.0,-3.49098268553451,0.0,-2.047424734869079,0.0,-0.785136612424024,0.0,0.8459400131807753,0.0,7.875499292445208,0.0,-10.351053836662928,0.0,-0.44594700005736776,0.0,0.2396788210097629,0.0,3.971150360855858,0.0,-3.374074231500063,0.0,3.022931805131056,0.0
2025-06-27 10:00:00,0.0,0.0,0.0,0.0,-2.3978952727983707,0.0,-3.49098268553451,0.0,-2.047424734869079,0.0,-0.785136612424024,0.0,0.8459400131807753,0.0,7.875499292445208,0.0,-10.351053836662928,0.0,-0.44594700005736776,0.0,0.2396788210097629,0.0,3.971150360855858,0.0,-3.374074231500063,0.0
2025-06-27 11:00:00,0.0,0.0,0.0,0.0,0.0,0.0,-2.3978952727983707,0.0,-3.49098268553451,0.0,-2.047424734869079,0.0,-0.785136612424024,0.0,0.8459400131807753,0.0,7.875499292445208,0.0,-10.351053836662928,0.0,-0.44594700005736776,0.0,0.2396788210097629,0.0,3.971150360855858,0.0
2025-06-27 12:00:00,0.0,0.0,0.0,0.0,0.0,0.0,0.0,0.0,-2.3978952727983707,0.0,-3.49098268553451,0.0,-2.047424734869079,0.0,-0.785136612424024,0.0,0.8459400131807753,0.0,7.875499292445208,0.0,-10.351053836662928,0.0,-0.44594700005736776,0.0,0.2396788210097629,0.0
2025-06-27 13:00:00,7.399398083331354,0.0,0.0,0.0,0.0,0.0,0.0,0.0,0.0,0.0,-2.3978952727983707,0.0,-3.49098268553451,0.0,-2.047424734869079,0.0,-0.785136612424024,0.0,0.8459400131807753,0.0,7.875499292445208,0.0,-10.351053836662928,0.0,-0.44594700005736776,0.0
2025-06-27 14:00:00,3.1656943817548413,0.0,7.399398083331354,0.0,0.0,0.0,0.0,0.0,0.0,0.0,0.0,0.0,-2.3978952727983707,0.0,-3.49098268553451,0.0,-2.047424734869079,0.0,-0.785136612424024,0.0,0.8459400131807753,0.0,7.875499292445208,0.0,-10.351053836662928,0.0
2025-06-27 15:00:00,-3.0351490944846065,0.0,3.1656943817548413,0.0,7.399398083331354,0.0,0.0,0.0,0.0,0.0,0.0,0.0,0.0,0.0,-2.3978952727983707,0.0,-3.49098268553451,0.0,-2.047424734869079,0.0,-0.785136612424024,0.0,0.8459400131807753,0.0,7.875499292445208,0.0
2025-06-27 16:00:00,1.0758099977941287,0.0,-3.0351490944846065,0.0,3.1656943817548413,0.0,7.399398083331354,0.0,0.0,0.0,0.0,0.0,0.0,0.0,0.0,0.0,-2.3978952727983707,0.0,-3.49098268553451,0.0,-2.047424734869079,0.0,-0.785136612424024,0.0,0.8459400131807753,0.0
2025-06-27 17:00:00,-1.3551178564970376,0.0,1.0758099977941287,0.0,-3.0351490944846065,0.0,3.1656943817548413,0.0,7.399398083331354,0.0,0.0,0.0,0.0,0.0,0.0,0.0,0.0,0.0,-2.3978952727983707,0.0,-3.49098268553451,0.0,-2.047424734869079,0.0,-0.785136612424024,0.0
2025-06-27 18:00:00,1.5091900834156151,0.0,-1.3551178564970376,0.0,1.0758099977941287,0.0,-3.0351490944846065,0.0,3.1656943817548413,0.0,7.399398083331354,0.0,0.0,0.0,0.0,0.0,0.0,0.0,0.0,0.0,-2.3978952727983707,0.0,-3.49098268553451,0.0,-2.047424734869079,0.0
2025-06-27 19:00:00,-0.18814421861398856,0.0,1.5091900834156151,0.0,-1.3551178564970376,0.0,1.0758099977941287,0.0,-3.0351490944846065,0.0,3.1656943817548413,0.0,7.399398083331354,0.0,0.0,0.0,0.0,0.0,0.0,0.0,0.0,0.0,-2.3978952727983707,0.0,-3.49098268553451,0.0
2025-06-27 20:00:00,2.7136657176656005,0.0,-0.18814421861398856,0.0,1.5091900834156151,0.0,-1.3551178564970376,0.0,1.0758099977941287,0.0,-3.0351490944846065,0.0,3.1656943817548413,0.0,7.399398083331354,0.0,0.0,0.0,0.0,0.0,0.0,0.0,0.0,0.0,-2.3978952727983707,0.0
2025-06-27 21:00:00,-1.1853064027891005,0.0,2.7136657176656005,0.0,-0.18814421861398856,0.0,1.5091900834156151,0.0,-1.3551178564970376,0.0,1.0758099977941287,0.0,-3.0351490944846065,0.0,3.1656943817548413,0.0,7.399398083331354,0.0,0.0,0.0,0.0,0.0,0.0,0.0,0.0,0.0
2025-06-27 22:00:00,-2.0579842815180527,0.0,-1.1853064027891005,0.0,2.7136657176656005,0.0,-0.18814421861398856,0.0,1.5091900834156151,0.0,-1.3551178564970376,0.0,1.0758099977941287,0.0,-3.0351490944846065,0.0,3.1656943817548413,0.0,7.399398083331354,0.0,0.0,0.0,0.0,0.0,0.0,0.0
2025-06-27 23:00:00,-1.5498165750382826,0.0,-2.0579842815180527,0.0,-1.1853064027891005,0.0,2.7136657176656005,0.0,-0.18814421861398856,0.0,1.5091900834156151,0.0,-1.3551178564970376,0.0,1.0758099977941287,0.0,-3.0351490944846065,0.0,3.1656943817548413,0.0,7.399398083331354,0.0,0.0,0.0,0.0,0.0
2025-06-28 00:00:00,0.7626449750568671,0.0,-1.5498165750382826,0.0,-2.0579842815180527,0.0,-1.1853064027891005,0.0,2.7136657176656005,0.0,-0.18814421861398856,0.0,1.5091900834156151,0.0,-1.3551178564970376,0.0,1.0758099977941287,0.0,-3.0351490944846065,0.0,3.1656943817548413,0.0,7.399398083331354,0.0,0.0,0.0
2025-06-28 01:00:00,-0.3879515256154562,0.0,0.7626449750568671,0.0,-1.5498165750382826,0.0,-2.0579842815180527,0.0,-1.1853064027891005,0.0,2.7136657176656005,0.0,-0.18814421861398856,0.0,1.5091900834156151,0.0,-1.3551178564970376,0.0,1.0758099977941287,0.0,-3.0351490944846065,0.0,3.1656943817548413,0.0,7.399398083331354,0.0
2025-06-28 02:00:00,0.3260009367539176,0.0,-0.3879515256154562,0.0,0.7626449750568671,0.0,-1.5498165750382826,0.0,-2.0579842815180527,0.0,-1.1853064027891005,0.0,2.7136657176656005,0.0,-0.18814421861398856,0.0,1.5091900834156151,0.0,-1.3551178564970376,0.0,1.0758099977941287,0.0,-3.0351490944846065,0.0,3.1656943817548413,0.0
2025-06-28 03:00:00,-1.145562042169522,0.0,0.3260009367539176,0.0,-0.3879515256154562,0.0,0.7626449750568671,0.0,-1.5498165750382826,0.0,-2.0579842815180527,0.0,-1.1853064027891005,0.0,2.7136657176656005,0.0,-0.18814421861398856,0.0,1.5091900834156151,0.0,-1.3551178564970376,0.0,1.0758099977941287,0.0,-3.0351490944846065,0.0
2025-06-28 04:00:00,-1.142097400607848,0.0,-1.145562042169522,0.0,0.3260009367539176,0.0,-0.3879515256154562,0.0,0.7626449750568671,0.0,-1.5498165750382826,0.0,-2.0579842815180527,0.0,-1.1853064027891005,0.0,2.7136657176656005,0.0,-0.18814421861398856,0.0,1.5091900834156151,0.0,-1.3551178564970376,0.0,1.0758099977941287,0.0
2025-06-28 05:00:00,-4.90527477843843,0.0,-1.142097400607848,0.0,-1.145562042169522,0.0,0.3260009367539176,0.0,-0.3879515256154562,0.0,0.7626449750568671,0.0,-1.5498165750382826,0.0,-2.0579842815180527,0.0,-1.1853064027891005,0.0,2.7136657176656005,0.0,-0.18814421861398856,0.0,1.5091900834156151,0.0,-1.3551178564970376,0.0
2025-06-28 06:00:00,4.02535169073515,0.0,-4.90527477843843,0.0,-1.142097400607848,0.0,-1.145562042169522,0.0,0.3260009367539176,0.0,-0.3879515256154562,0.0,0.7626449750568671,0.0,-1.5498165750382826,0.0,-2.0579842815180527,0.0,-1.1853064027891005,0.0,2.7136657176656005,0.0,-0.18814421861398856,0.0,1.5091900834156151,0.0
2025-06-28 07:00:00,-1.627456417936779,0.0,4.02535169073515,0.0,-4.90527477843843,0.0,-1.142097400607848,0.0,-1.145562042169522,0.0,0.3260009367539176,0.0,-0.3879515256154562,0.0,0.7626449750568671,0.0,-1.5498165750382826,0.0,-2.0579842815180527,0.0,-1.1853064027891005,0.0,2.7136657176656005,0.0,-0.18814421861398856,0.0
2025-06-28 08:00:00,-2.3978952727983707,0.0,-1.627456417936779,0.0,4.02535169073515,0.0,-4.90527477843843,0.0,-1.142097400607848,0.0,-1.145562042169522,0.0,0.3260009367539176,0.0,-0.3879515256154562,0.0,0.7626449750568671,0.0,-1.5498165750382826,0.0,-2.0579842815180527,0.0,-1.1853064027891005,0.0,2.7136657176656005,0.0
2025-06-28 09:00:00,0.0,0.0,-2.3978952727983707,0.0,-1.627456417936779,0.0,4.02535169073515,0.0,-4.90527477843843,0.0,-1.142097400607848,0.0,-1.145562042169522,0.0,0.3260009367539176,0.0,-0.3879515256154562,0.0,0.7626449750568671,0.0,-1.5498165750382826,0.0,-2.0579842815180527,0.0,-1.1853064027891005,0.0
2025-06-28 10:00:00,0.0,0.0,0.0,0.0,-2.3978952727983707,0.0,-1.627456417936779,0.0,4.02535169073515,0.0,-4.90527477843843,0.0,-1.142097400607848,0.0,-1.145562042169522,0.0,0.3260009367539176,0.0,-0.3879515256154562,0.0,0.7626449750568671,0.0,-1.5498165750382826,0.0,-2.0579842815180527,0.0
2025-06-28 11:00:00,0.0,0.0,0.0,0.0,0.0,0.0,-2.3978952727983707,0.0,-1.627456417936779,0.0,4.02535169073515,0.0,-4.90527477843843,0.0,-1.142097400607848,0.0,-1.145562042169522,0.0,0.3260009367539176,0.0,-0.3879515256154562,0.0,0.7626449750568671,0.0,-1.5498165750382826,0.0
2025-06-28 12:00:00,0.0,0.0,0.0,0.0,0.0,0.0,0.0,0.0,-2.3978952727983707,0.0,-1.627456417936779,0.0,4.02535169073515,0.0,-4.90527477843843,0.0,-1.142097400607848,0.0,-1.145562042169522,0.0,0.3260009367539176,0.0,-0.3879515256154562,0.0,0.7626449750568671,0.0
2025-06-28 13:00:00,5.123963979403259,0.0,0.0,0.0,0.0,0.0,0.0,0.0,0.0,0.0,-2.3978952727983707,0.0,-1.627456417936779,0.0,4.02535169073515,0.0,-4.90527477843843,0.0,-1.142097400607848,0.0,-1.145562042169522,0.0,0.3260009367539176,0.0,-0.3879515256154562,0.0
2025-06-28 14:00:00,0.528525200865392,0.0,5.123963979403259,0.0,0.0,0.0,0.0,0.0,0.0,0.0,0.0,0.0,-2.3978952727983707,0.0,-1.627456417936779,0.0,4.02535169073515,0.0,-4.90527477843843,0.0,-1.142097400607848,0.0,-1.145562042169522,0.0,0.3260009367539176,0.0
2025-06-28 15:00:00,4.693855599592704,0.0,0.528525200865392,0.0,5.123963979403259,0.0,0.0,0.0,0.0,0.0,0.0,0.0,0.0,0.0,-2.3978952727983707,0.0,-1.627456417936779,0.0,4.02535169073515,0.0,-4.90527477843843,0.0,-1.142097400607848,0.0,-1.145562042169522,0.0
2025-06-28 16:00:00,-3.6870508601777168,0.0,4.693855599592704,0.0,0.528525200865392,0.0,5.123963979403259,0.0,0.0,0.0,0.0,0.0,0.0,0.0,0.0,0.0,-2.3978952727983707,0.0,-1.627456417936779,0.0,4.02535169073515,0.0,-4.90527477843843,0.0,-1.142097400607848,0.0
2025-06-28 17:00:00,-6.659293919683638,0.0,-3.6870508601777168,0.0,4.693855599592704,0.0,0.528525200865392,0.0,5.123963979403259,0.0,0.0,0.0,0.0,0.0,0.0,0.0,0.0,0.0,-2.3978952727983707,0.0,-1.627456417936779,0.0,4.02535169073515,0.0,-4.90527477843843,0.0
2025-06-28 18:00:00,9.972453757000851,0.0,-6.659293919683638,0.0,-3.6870508601777168,0.0,4.693855599592704,0.0,0.528525200865392,0.0,5.123963979403259,0.0,0.0,0.0,0.0,0.0,0.0,0.0,0.0,0.0,-2.3978952727983707,0.0,-1.627456417936779,0.0,4.02535169073515,0.0
2025-06-28 19:00:00,-0.05304364392090832,0.0,9.972453757000851,0.0,-6.659293919683638,0.0,-3.6870508601777168,0.0,4.693855599592704,0.0,0.528525200865392,0.0,5.123963979403259,0.0,0.0,0.0,0.0,0.0,0.0,0.0,0.0,0.0,-2.3978952727983707,0.0,-1.627456417936779,0.0
2025-06-28 20:00:00,-0.17064840574697016,0.0,-0.05304364392090832,0.0,9.972453757000851,0.0,-6.659293919683638,0.0,-3.6870508601777168,0.0,4.693855599592704,0.0,0.528525200865392,0.0,5.123963979403259,0.0,0.0,0.0,0.0,0.0,0.0,0.0,0.0,0.0,-2.3978952727983707,0.0
2025-06-28 21:00:00,-4.154050327731134,0.0,-0.17064840574697016,0.0,-0.05304364392090832,0.0,9.972453757000851,0.0,-6.659293919683638,0.0,-3.6870508601777168,0.0,4.693855599592704,0.0,0.528525200865392,0.0,5.123963979403259,0.0,0.0,0.0,0.0,0.0,0.0,0.0,0.0,0.0
2025-06-28 22:00:00,-0.06925844047005558,0.0,-4.154050327731134,0.0,-0.17064840574697016,0.0,-0.05304364392090832,0.0,9.972453757000851,0.0,-6.659293919683638,0.0,-3.6870508601777168,0.0,4.693855599592704,0.0,0.528525200865392,0.0,5.123963979403259,0.0,0.0,0.0,0.0,0.0,0.0,0.0
2025-06-28 23:00:00,2.07594939545195,0.0,-0.06925844047005558,0.0,-4.154050327731134,0.0,-0.17064840574697016,0.0,-0.05304364392090832,0.0,9.972453757000851,0.0,-6.659293919683638,0.0,-3.6870508601777168,0.0,4.693855599592704,0.0,0.528525200865392,0.0,5.123963979403259,0.0,0.0,0.0,0.0,0.0
2025-06-29 00:00:00,-5.2988172415896875,0.0,2.07594939545195,0.0,-0.06925844047005558,0.0,-4.154050327731134,0.0,-0.17064840574697016,0.0,-0.05304364392090832,0.0,9.972453757000851,0.0,-6.659293919683638,0.0,-3.6870508601777168,0.0,4.693855599592704,0.0,0.528525200865392,0.0,5.123963979403259,0.0,0.0,0.0
2025-06-29 01:00:00,3.292126286607793,0.0,-5.2988172415896875,0.0,2.07594939545195,0.0,-0.06925844047005558,0.0,-4.154050327731134,0.0,-0.17064840574697016,0.0,-0.05304364392090832,0.0,9.972453757000851,0.0,-6.659293919683638,0.0,-3.6870508601777168,0.0,4.693855599592704,0.0,0.528525200865392,0.0,5.123963979403259,0.0
2025-06-29 02:00:00,-5.594711379601839,0.0,3.292126286607793,0.0,-5.2988172415896875,0.0,2.07594939545195,0.0,-0.06925844047005558,0.0,-4.154050327731134,0.0,-0.17064840574697016,0.0,-0.05304364392090832,0.0,9.972453757000851,0.0,-6.659293919683638,0.0,-3.6870508601777168,0.0,4.693855599592704,0.0,0.528525200865392,0.0
2025-06-29 03:00:00,4.663439094112067,0.0,-5.594711379601839,0.0,3.292126286607793,0.0,-5.2988172415896875,0.0,2.07594939545195,0.0,-0.06925844047005558,0.0,-4.154050327731134,0.0,-0.17064840574697016,0.0,-0.05304364392090832,0.0,9.972453757000851,0.0,-6.659293919683638,0.0,-3.6870508601777168,0.0,4.693855599592704,0.0
2025-06-29 04:00:00,-4.663439094112067,0.0,4.663439094112067,0.0,-5.594711379601839,0.0,3.292126286607793,0.0,-5.2988172415896875,0.0,2.07594939545195,0.0,-0.06925844047005558,0.0,-4.154050327731134,0.0,-0.17064840574697016,0.0,-0.05304364392090832,0.0,9.972453757000851,0.0,-6.659293919683638,0.0,-3.6870508601777168,0.0
2025-06-29 05:00:00,0.0,0.0,-4.663439094112067,0.0,4.663439094112067,0.0,-5.594711379601839,0.0,3.292126286607793,0.0,-5.2988172415896875,0.0,2.07594939545195,0.0,-0.06925844047005558,0.0,-4.154050327731134,0.0,-0.17064840574697016,0.0,-0.05304364392090832,0.0,9.972453757000851,0.0,-6.659293919683638,0.0
2025-06-29 06:00:00,0.0,0.0,0.0,0.0,-4.663439094112067,0.0,4.663439094112067,0.0,-5.594711379601839,0.0,3.292126286607793,0.0,-5.2988172415896875,0.0,2.07594939545195,0.0,-0.06925844047005558,0.0,-4.154050327731134,0.0,-0.17064840574697016,0.0,-0.05304364392090832,0.0,9.972453757000851,0.0
2025-06-29 07:00:00,1.6094379124341003,0.0,0.0,0.0,0.0,0.0,-4.663439094112067,0.0,4.663439094112067,0.0,-5.594711379601839,0.0,3.292126286607793,0.0,-5.2988172415896875,0.0,2.07594939545195,0.0,-0.06925844047005558,0.0,-4.154050327731134,0.0,-0.17064840574697016,0.0,-0.05304364392090832,0.0
2025-06-29 08:00:00,-1.6094379124341003,0.0,1.6094379124341003,0.0,0.0,0.0,0.0,0.0,-4.663439094112067,0.0,4.663439094112067,0.0,-5.594711379601839,0.0,3.292126286607793,0.0,-5.2988172415896875,0.0,2.07594939545195,0.0,-0.06925844047005558,0.0,-4.154050327731134,0.0,-0.17064840574697016,0.0
2025-06-29 09:00:00,0.0,0.0,-1.6094379124341003,0.0,1.6094379124341003,0.0,0.0,0.0,0.0,0.0,-4.663439094112067,0.0,4.663439094112067,0.0,-5.594711379601839,0.0,3.292126286607793,0.0,-5.2988172415896875,0.0,2.07594939545195,0.0,-0.06925844047005558,0.0,-4.154050327731134,0.0
2025-06-29 10:00:00,0.0,0.0,0.0,0.0,-1.6094379124341003,0.0,1.6094379124341003,0.0,0.0,0.0,0.0,0.0,-4.663439094112067,0.0,4.663439094112067,0.0,-5.594711379601839,0.0,3.292126286607793,0.0,-5.2988172415896875,0.0,2.07594939545195,0.0,-0.06925844047005558,0.0
2025-06-29 11:00:00,0.0,0.0,0.0,0.0,0.0,0.0,-1.6094379124341003,0.0,1.6094379124341003,0.0,0.0,0.0,0.0,0.0,-4.663439094112067,0.0,4.663439094112067,0.0,-5.594711379601839,0.0,3.292126286607793,0.0,-5.2988172415896875,0.0,2.07594939545195,0.0
2025-06-29 12:00:00,0.0,0.0,0.0,0.0,0.0,0.0,0.0,0.0,-1.6094379124341003,0.0,1.6094379124341003,0.0,0.0,0.0,0.0,0.0,-4.663439094112067,0.0,4.663439094112067,0.0,-5.594711379601839,0.0,3.292126286607793,0.0,-5.2988172415896875,0.0
2025-06-29 13:00:00,8.149312843635345,0.0,0.0,0.0,0.0,0.0,0.0,0.0,0.0,0.0,-1.6094379124341003,0.0,1.6094379124341003,0.0,0.0,0.0,0.0,0.0,-4.663439094112067,0.0,4.663439094112067,0.0,-5.594711379601839,0.0,3.292126286607793,0.0
2025-06-29 14:00:00,-8.149312843635345,0.0,8.149312843635345,0.0,0.0,0.0,0.0,0.0,0.0,0.0,0.0,0.0,-1.6094379124341003,0.0,1.6094379124341003,0.0,0.0,0.0,0.0,0.0,-4.663439094112067,0.0,4.663439094112067,0.0,-5.594711379601839,0.0
2025-06-29 15:00:00,0.0,0.0,-8.149312843635345,0.0,8.149312843635345,0.0,0.0,0.0,0.0,0.0,0.0,0.0,0.0,0.0,-1.6094379124341003,0.0,1.6094379124341003,0.0,0.0,0.0,0.0,0.0,-4.663439094112067,0.0,4.663439094112067,0.0
2025-06-29 16:00:00,0.0,0.0,0.0,0.0,-8.149312843635345,0.0,8.149312843635345,0.0,0.0,0.0,0.0,0.0,0.0,0.0,0.0,0.0,-1.6094379124341003,0.0,1.6094379124341003,0.0,0.0,0.0,0.0,0.0,-4.663439094112067,0.0
2025-06-29 17:00:00,7.201916317531627,0.0,0.0,0.0,0.0,0.0,-8.149312843635345,0.0,8.149312843635345,0.0,0.0,0.0,0.0,0.0,0.0,0.0,0.0,0.0,-1.6094379124341003,0.0,1.6094379124341003,0.0,0.0,0.0,0.0,0.0
2025-06-29 18:00:00,-1.458913129722145,0.0,7.201916317531627,0.0,0.0,0.0,0.0,0.0,-8.149312843635345,0.0,8.149312843635345,0.0,0.0,0.0,0.0,0.0,0.0,0.0,0.0,0.0,-1.6094379124341003,0.0,1.6094379124341003,0.0,0.0,0.0
2025-06-29 19:00:00,-5.7430031878094825,0.0,-1.458913129722145,0.0,7.201916317531627,0.0,0.0,0.0,0.0,0.0,-8.149312843635345,0.0,8.149312843635345,0.0,0.0,0.0,0.0,0.0,0.0,0.0,0.0,0.0,-1.6094379124341003,0.0,1.6094379124341003,0.0
2025-06-29 20:00:00,6.285998094508865,0.0,-5.7430031878094825,0.0,-1.458913129722145,0.0,7.201916317531627,0.0,0.0,0.0,0.0,0.0,-8.149312843635345,0.0,8.149312843635345,0.0,0.0,0.0,0.0,0.0,0.0,0.0,0.0,0.0,-1.6094379124341003,0.0
2025-06-29 21:00:00,-6.285998094508865,0.0,6.285998094508865,0.0,-5.7430031878094825,0.0,-1.458913129722145,0.0,7.201916317531627,0.0,0.0,0.0,0.0,0.0,-8.149312843635345,0.0,8.149312843635345,0.0,0.0,0.0,0.0,0.0,0.0,0.0,0.0,0.0
2025-06-29 22:00:00,6.295266001439646,0.0,-6.285998094508865,0.0,6.285998094508865,0.0,-5.7430031878094825,0.0,-1.458913129722145,0.0,7.201916317531627,0.0,0.0,0.0,0.0,0.0,-8.149312843635345,0.0,8.149312843635345,0.0,0.0,0.0,0.0,0.0,0.0,0.0
2025-06-29 23:00:00,1.1891026418464845,0.0,6.295266001439646,0.0,-6.285998094508865,0.0,6.285998094508865,0.0,-5.7430031878094825,0.0,-1.458913129722145,0.0,7.201916317531627,0.0,0.0,0.0,0.0,0.0,-8.149312843635345,0.0,8.149312843635345,0.0,0.0,0.0,0.0,0.0
2025-06-30 00:00:00,-2.7307784521797664,0.0,1.1891026418464845,0.0,6.295266001439646,0.0,-6.285998094508865,0.0,6.285998094508865,0.0,-5.7430031878094825,0.0,-1.458913129722145,0.0,7.201916317531627,0.0,0.0,0.0,0.0,0.0,-8.149312843635345,0.0,8.149312843635345,0.0,0.0,0.0
2025-06-30 01:00:00,-4.7535901911063645,0.0,-2.7307784521797664,0.0,1.1891026418464845,0.0,6.295266001439646,0.0,-6.285998094508865,0.0,6.285998094508865,0.0,-5.7430031878094825,0.0,-1.458913129722145,0.0,7.201916317531627,0.0,0.0,0.0,0.0,0.0,-8.149312843635345,0.0,8.149312843635345,0.0
2025-06-30 02:00:00,8.278682162970906,0.0,-4.7535901911063645,0.0,-2.7307784521797664,0.0,1.1891026418464845,0.0,6.295266001439646,0.0,-6.285998094508865,0.0,6.285998094508865,0.0,-5.7430031878094825,0.0,-1.458913129722145,0.0,7.201916317531627,0.0,0.0,0.0,0.0,0.0,-8.149312843635345,0.0
2025-06-30 03:00:00,0.16076567982047862,0.0,8.278682162970906,0.0,-4.7535901911063645,0.0,-2.7307784521797664,0.0,1.1891026418464845,0.0,6.295266001439646,0.0,-6.285998094508865,0.0,6.285998094508865,0.0,-5.7430031878094825,0.0,-1.458913129722145,0.0,7.201916317531627,0.0,0.0,0.0,0.0,0.0
2025-06-30 04:00:00,-8.439447842791385,0.0,0.16076567982047862,0.0,8.278682162970906,0.0,-4.7535901911063645,0.0,-2.7307784521797664,0.0,1.1891026418464845,0.0,6.295266001439646,0.0,-6.285998094508865,0.0,6.285998094508865,0.0,-5.7430031878094825,0.0,-1.458913129722145,0.0,7.201916317531627,0.0,0.0,0.0
2025-06-30 05:00:00,0.0,0.0,-8.439447842791385,0.0,0.16076567982047862,0.0,8.278682162970906,0.0,-4.7535901911063645,0.0,-2.7307784521797664,0.0,1.1891026418464845,0.0,6.295266001439646,0.0,-6.285998094508865,0.0,6.285998094508865,0.0,-5.7430031878094825,0.0,-1.458913129722145,0.0,7.201916317531627,0.0
2025-06-30 06:00:00,0.0,0.0,0.0,0.0,-8.439447842791385,0.0,0.16076567982047862,0.0,8.278682162970906,0.0,-4.7535901911063645,0.0,-2.7307784521797664,0.0,1.1891026418464845,0.0,6.295266001439646,0.0,-6.285998094508865,0.0,6.285998094508865,0.0,-5.7430031878094825,0.0,-1.458913129722145,0.0
2025-06-30 07:00:00,0.0,0.0,0.0,0.0,0.0,0.0,-8.439447842791385,0.0,0.16076567982047862,0.0,8.278682162970906,0.0,-4.7535901911063645,0.0,-2.7307784521797664,0.0,1.1891026418464845,0.0,6.295266001439646,0.0,-6.285998094508865,0.0,6.285998094508865,0.0,-5.7430031878094825,0.0
2025-06-30 08:00:00,0.0,0.0,0.0,0.0,0.0,0.0,0.0,0.0,-8.439447842791385,0.0,0.16076567982047862,0.0,8.278682162970906,0.0,-4.7535901911063645,0.0,-2.7307784521797664,0.0,1.1891026418464845,0.0,6.295266001439646,0.0,-6.285998094508865,0.0,6.285998094508865,0.0
2025-06-30 09:00:00,0.0,0.0,0.0,0.0,0.0,0.0,0.0,0.0,0.0,0.0,-8.439447842791385,0.0,0.16076567982047862,0.0,8.278682162970906,0.0,-4.7535901911063645,0.0,-2.7307784521797664,0.0,1.1891026418464845,0.0,6.295266001439646,0.0,-6.285998094508865,0.0
2025-06-30 10:00:00,0.0,0.0,0.0,0.0,0.0,0.0,0.0,0.0,0.0,0.0,0.0,0.0,-8.439447842791385,0.0,0.16076567982047862,0.0,8.278682162970906,0.0,-4.7535901911063645,0.0,-2.7307784521797664,0.0,1.1891026418464845,0.0,6.295266001439646,0.0
2025-06-30 11:00:00,0.0,0.0,0.0,0.0,0.0,0.0,0.0,0.0,0.0,0.0,0.0,0.0,0.0,0.0,-8.439447842791385,0.0,0.16076567982047862,0.0,8.278682162970906,0.0,-4.7535901911063645,0.0,-2.7307784521797664,0.0,1.1891026418464845,0.0
2025-06-30 12:00:00,0.0,0.0,0.0,0.0,0.0,0.0,0.0,0.0,0.0,0.0,0.0,0.0,0.0,0.0,0.0,0.0,-8.439447842791385,0.0,0.16076567982047862,0.0,8.278682162970906,0.0,-4.7535901911063645,0.0,-2.7307784521797664,0.0
2025-06-30 13:00:00,6.690842277418564,0.0,0.0,0.0,0.0,0.0,0.0,0.0,0.0,0.0,0.0,0.0,0.0,0.0,0.0,0.0,0.0,0.0,-8.439447842791385,0.0,0.16076567982047862,0.0,8.278682162970906,0.0,-4.7535901911063645,0.0
2025-06-30 14:00:00,0.8883256899775125,0.0,6.690842277418564,0.0,0.0,0.0,0.0,0.0,0.0,0.0,0.0,0.0,0.0,0.0,0.0,0.0,0.0,0.0,0.0,0.0,-8.439447842791385,0.0,0.16076567982047862,0.0,8.278682162970906,0.0
2025-06-30 15:00:00,-7.579167967396076,0.0,0.8883256899775125,0.0,6.690842277418564,0.0,0.0,0.0,0.0,0.0,0.0,0.0,0.0,0.0,0.0,0.0,0.0,0.0,0.0,0.0,0.0,0.0,-8.439447842791385,0.0,0.16076567982047862,0.0
2025-06-30 16:00:00,6.508769136971682,0.0,-7.579167967396076,0.0,0.8883256899775125,0.0,6.690842277418564,0.0,0.0,0.0,0.0,0.0,0.0,0.0,0.0,0.0,0.0,0.0,0.0,0.0,0.0,0.0,0.0,0.0,-8.439447842791385,0.0
2025-06-30 17:00:00,-0.910347177973307,0.0,6.508769136971682,0.0,-7.579167967396076,0.0,0.8883256899775125,0.0,6.690842277418564,0.0,0.0,0.0,0.0,0.0,0.0,0.0,0.0,0.0,0.0,0.0,0.0,0.0,0.0,0.0,0.0,0.0
2025-06-30 18:00:00,-0.6216882165778008,0.0,-0.910347177973307,0.0,6.508769136971682,0.0,-7.579167967396076,0.0,0.8883256899775125,0.0,6.690842277418564,0.0,0.0,0.0,0.0,0.0,0.0,0.0,0.0,0.0,0.0,0.0,0.0,0.0,0.0,0.0
2025-06-30 19:00:00,5.0673849398553,0.0,-0.6216882165778008,0.0,-0.910347177973307,0.0,6.508769136971682,0.0,-7.579167967396076,0.0,0.8883256899775125,0.0,6.690842277418564,0.0,0.0,0.0,0.0,0.0,0.0,0.0,0.0,0.0,0.0,0.0,0.0,0.0
2025-06-30 20:00:00,-1.2402439187414398,0.0,5.0673849398553,0.0,-0.6216882165778008,0.0,-0.910347177973307,0.0,6.508769136971682,0.0,-7.579167967396076,0.0,0.8883256899775125,0.0,6.690842277418564,0.0,0.0,0.0,0.0,0.0,0.0,0.0,0.0,0.0,0.0,0.0
2025-06-30 21:00:00,-3.9998537188011776,0.0,-1.2402439187414398,0.0,5.0673849398553,0.0,-0.6216882165778008,0.0,-0.910347177973307,0.0,6.508769136971682,0.0,-7.579167967396076,0.0,0.8883256899775125,0.0,6.690842277418564,0.0,0.0,0.0,0.0,0.0,0.0,0.0,0.0,0.0
2025-06-30 22:00:00,1.8292973885471202,0.0,-3.9998537188011776,0.0,-1.2402439187414398,0.0,5.0673849398553,0.0,-0.6216882165778008,0.0,-0.910347177973307,0.0,6.508769136971682,0.0,-7.579167967396076,0.0,0.8883256899775125,0.0,6.690842277418564,0.0,0.0,0.0,0.0,0.0,0.0,0.0
2025-06-30 23:00:00,2.168452015634162,0.0,1.8292973885471202,0.0,-3.9998537188011776,0.0,-1.2402439187414398,0.0,5.0673849398553,0.0,-0.6216882165778008,0.0,-0.910347177973307,0.0,6.508769136971682,0.0,-7.579167967396076,0.0,0.8883256899775125,0.0,6.690842277418564,0.0,0.0,0.0,0.0,0.0
2025-07-01 00:00:00,-8.801770448914539,0.0,2.168452015634162,0.0,1.8292973885471202,0.0,-3.9998537188011776,0.0,-1.2402439187414398,0.0,5.0673849398553,0.0,-0.6216882165778008,0.0,-0.910347177973307,0.0,6.508769136971682,0.0,-7.579167967396076,0.0,0.8883256899775125,0.0,6.690842277418564,0.0,0.0,0.0
2025-07-01 01:00:00,0.0,0.0,-8.801770448914539,0.0,2.168452015634162,0.0,1.8292973885471202,0.0,-3.9998537188011776,0.0,-1.2402439187414398,0.0,5.0673849398553,0.0,-0.6216882165778008,0.0,-0.910347177973307,0.0,6.508769136971682,0.0,-7.579167967396076,0.0,0.8883256899775125,0.0,6.690842277418564,0.0
2025-07-01 02:00:00,5.849324779946859,0.0,0.0,0.0,-8.801770448914539,0.0,2.168452015634162,0.0,1.8292973885471202,0.0,-3.9998537188011776,0.0,-1.2402439187414398,0.0,5.0673849398553,0.0,-0.6216882165778008,0.0,-0.910347177973307,0.0,6.508769136971682,0.0,-7.579167967396076,0.0,0.8883256899775125,0.0
2025-07-01 03:00:00,-5.849324779946859,0.0,5.849324779946859,0.0,0.0,0.0,-8.801770448914539,0.0,2.168452015634162,0.0,1.8292973885471202,0.0,-3.9998537188011776,0.0,-1.2402439187414398,0.0,5.0673849398553,0.0,-0.6216882165778008,0.0,-0.910347177973307,0.0,6.508769136971682,0.0,-7.579167967396076,0.0
2025-07-01 04:00:00,0.0,0.0,-5.849324779946859,0.0,5.849324779946859,0.0,0.0,0.0,-8.801770448914539,0.0,2.168452015634162,0.0,1.8292973885471202,0.0,-3.9998537188011776,0.0,-1.2402439187414398,0.0,5.0673849398553,0.0,-0.6216882165778008,0.0,-0.910347177973307,0.0,6.508769136971682,0.0
2025-07-01 05:00:00,7.197435354096591,0.0,0.0,0.0,-5.849324779946859,0.0,5.849324779946859,0.0,0.0,0.0,-8.801770448914539,0.0,2.168452015634162,0.0,1.8292973885471202,0.0,-3.9998537188011776,0.0,-1.2402439187414398,0.0,5.0673849398553,0.0,-0.6216882165778008,0.0,-0.910347177973307,0.0
2025-07-01 06:00:00,-5.1179938124167546,0.0,7.197435354096591,0.0,0.0,0.0,-5.849324779946859,0.0,5.849324779946859,0.0,0.0,0.0,-8.801770448914539,0.0,2.168452015634162,0.0,1.8292973885471202,0.0,-3.9998537188011776,0.0,-1.2402439187414398,0.0,5.0673849398553,0.0,-0.6216882165778008,0.0
2025-07-01 07:00:00,-2.0794415416798357,0.0,-5.1179938124167546,0.0,7.197435354096591,0.0,0.0,0.0,-5.849324779946859,0.0,5.849324779946859,0.0,0.0,0.0,-8.801770448914539,0.0,2.168452015634162,0.0,1.8292973885471202,0.0,-3.9998537188011776,0.0,-1.2402439187414398,0.0,5.0673849398553,0.0
2025-07-01 08:00:00,0.0,0.0,-2.0794415416798357,0.0,-5.1179938124167546,0.0,7.197435354096591,0.0,0.0,0.0,-5.849324779946859,0.0,5.849324779946859,0.0,0.0,0.0,-8.801770448914539,0.0,2.168452015634162,0.0,1.8292973885471202,0.0,-3.9998537188011776,0.0,-1.2402439187414398,0.0
2025-07-01 09:00:00,0.0,0.0,0.0,0.0,-2.0794415416798357,0.0,-5.1179938124167546,0.0,7.197435354096591,0.0,0.0,0.0,-5.849324779946859,0.0,5.849324779946859,0.0,0.0,0.0,-8.801770448914539,0.0,2.168452015634162,0.0,1.8292973885471202,0.0,-3.9998537188011776,0.0
2025-07-01 10:00:00,0.0,0.0,0.0,0.0,0.0,0.0,-2.0794415416798357,0.0,-5.1179938124167546,0.0,7.197435354096591,0.0,0.0,0.0,-5.849324779946859,0.0,5.849324779946859,0.0,0.0,0.0,-8.801770448914539,0.0,2.168452015634162,0.0,1.8292973885471202,0.0
2025-07-01 11:00:00,0.0,0.0,0.0,0.0,0.0,0.0,0.0,0.0,-2.0794415416798357,0.0,-5.1179938124167546,0.0,7.197435354096591,0.0,0.0,0.0,-5.849324779946859,0.0,5.849324779946859,0.0,0.0,0.0,-8.801770448914539,0.0,2.168452015634162,0.0
2025-07-01 12:00:00,0.0,0.0,0.0,0.0,0.0,0.0,0.0,0.0,0.0,0.0,-2.0794415416798357,0.0,-5.1179938124167546,0.0,7.197435354096591,0.0,0.0,0.0,-5.849324779946859,0.0,5.849324779946859,0.0,0.0,0.0,-8.801770448914539,0.0
2025-07-01 13:00:00,9.186150133174966,0.0,0.0,0.0,0.0,0.0,0.0,0.0,0.0,0.0,0.0,0.0,-2.0794415416798357,0.0,-5.1179938124167546,0.0,7.197435354096591,0.0,0.0,0.0,-5.849324779946859,0.0,5.849324779946859,0.0,0.0,0.0
2025-07-01 14:00:00,-3.9497081703450165,0.0,9.186150133174966,0.0,0.0,0.0,0.0,0.0,0.0,0.0,0.0,0.0,0.0,0.0,-2.0794415416798357,0.0,-5.1179938124167546,0.0,7.197435354096591,0.0,0.0,0.0,-5.849324779946859,0.0,5.849324779946859,0.0
2025-07-01 15:00:00,0.706357412296752,0.0,-3.9497081703450165,0.0,9.186150133174966,0.0,0.0,0.0,0.0,0.0,0.0,0.0,0.0,0.0,0.0,0.0,-2.0794415416798357,0.0,-5.1179938124167546,0.0,7.197435354096591,0.0,0.0,0.0,-5.849324779946859,0.0
2025-07-01 16:00:00,3.3102172711299174,0.0,0.706357412296752,0.0,-3.9497081703450165,0.0,9.186150133174966,0.0,0.0,0.0,0.0,0.0,0.0,0.0,0.0,0.0,0.0,0.0,-2.0794415416798357,0.0,-5.1179938124167546,0.0,7.197435354096591,0.0,0.0,0.0
2025-07-01 17:00:00,-3.1109792406692627,0.0,3.3102172711299174,0.0,0.706357412296752,0.0,-3.9497081703450165,0.0,9.186150133174966,0.0,0.0,0.0,0.0,0.0,0.0,0.0,0.0,0.0,0.0,0.0,-2.0794415416798357,0.0,-5.1179938124167546,0.0,7.197435354096591,0.0
2025-07-01 18:00:00,1.933234140710102,0.0,-3.1109792406692627,0.0,3.3102172711299174,0.0,0.706357412296752,0.0,-3.9497081703450165,0.0,9.186150133174966,0.0,0.0,0.0,0.0,0.0,0.0,0.0,0.0,0.0,0.0,0.0,-2.0794415416798357,0.0,-5.1179938124167546,0.0
2025-07-01 19:00:00,-8.075271546297458,0.0,1.933234140710102,0.0,-3.1109792406692627,0.0,3.3102172711299174,0.0,0.706357412296752,0.0,-3.9497081703450165,0.0,9.186150133174966,0.0,0.0,0.0,0.0,0.0,0.0,0.0,0.0,0.0,0.0,0.0,-2.0794415416798357,0.0
2025-07-01 20:00:00,7.780303087908373,0.0,-8.075271546297458,0.0,1.933234140710102,0.0,-3.1109792406692627,0.0,3.3102172711299174,0.0,0.706357412296752,0.0,-3.9497081703450165,0.0,9.186150133174966,0.0,0.0,0.0,0.0,0.0,0.0,0.0,0.0,0.0,0.0,0.0
2025-07-01 21:00:00,-1.227795200873783,0.0,7.780303087908373,0.0,-8.075271546297458,0.0,1.933234140710102,0.0,-3.1109792406692627,0.0,3.3102172711299174,0.0,0.706357412296752,0.0,-3.9497081703450165,0.0,9.186150133174966,0.0,0.0,0.0,0.0,0.0,0.0,0.0,0.0,0.0
2025-07-01 22:00:00,-6.55250788703459,0.0,-1.227795200873783,0.0,7.780303087908373,0.0,-8.075271546297458,0.0,1.933234140710102,0.0,-3.1109792406692627,0.0,3.3102172711299174,0.0,0.706357412296752,0.0,-3.9497081703450165,0.0,9.186150133174966,0.0,0.0,0.0,0.0,0.0,0.0,0.0
2025-07-01 23:00:00,0.0,0.0,-6.55250788703459,0.0,-1.227795200873783,0.0,7.780303087908373,0.0,-8.075271546297458,0.0,1.933234140710102,0.0,-3.1109792406692627,0.0,3.3102172711299174,0.0,0.706357412296752,0.0,-3.9497081703450165,0.0,9.186150133174966,0.0,0.0,0.0,0.0,0.0
2025-07-02 00:00:00,0.0,0.0,0.0,0.0,-6.55250788703459,0.0,-1.227795200873783,0.0,7.780303087908373,0.0,-8.075271546297458,0.0,1.933234140710102,0.0,-3.1109792406692627,0.0,3.3102172711299174,0.0,0.706357412296752,0.0,-3.9497081703450165,0.0,9.186150133174966,0.0,0.0,0.0
2025-07-02 01:00:00,4.8283137373023015,0.0,0.0,0.0,0.0,0.0,-6.55250788703459,0.0,-1.227795200873783,0.0,7.780303087908373,0.0,-8.075271546297458,0.0,1.933234140710102,0.0,-3.1109792406692627,0.0,3.3102172711299174,0.0,0.706357412296752,0.0,-3.9497081703450165,0.0,9.186150133174966,0.0
2025-07-02 02:00:00,-4.8283137373023015,0.0,4.8283137373023015,0.0,0.0,0.0,0.0,0.0,-6.55250788703459,0.0,-1.227795200873783,0.0,7.780303087908373,0.0,-8.075271546297458,0.0,1.933234140710102,0.0,-3.1109792406692627,0.0,3.3102172711299174,0.0,0.706357412296752,0.0,-3.9497081703450165,0.0
2025-07-02 03:00:00,6.661854740545311,0.0,-4.8283137373023015,0.0,4.8283137373023015,0.0,0.0,0.0,0.0,0.0,-6.55250788703459,0.0,-1.227795200873783,0.0,7.780303087908373,0.0,-8.075271546297458,0.0,1.933234140710102,0.0,-3.1109792406692627,0.0,3.3102172711299174,0.0,0.706357412296752,0.0
2025-07-02 04:00:00,-6.661854740545311,0.0,6.661854740545311,0.0,-4.8283137373023015,0.0,4.8283137373023015,0.0,0.0,0.0,0.0,0.0,-6.55250788703459,0.0,-1.227795200873783,0.0,7.780303087908373,0.0,-8.075271546297458,0.0,1.933234140710102,0.0,-3.1109792406692627,0.0,3.3102172711299174,0.0
2025-07-02 05:00:00,0.0,0.0,-6.661854740545311,0.0,6.661854740545311,0.0,-4.8283137373023015,0.0,4.8283137373023015,0.0,0.0,0.0,0.0,0.0,-6.55250788703459,0.0,-1.227795200873783,0.0,7.780303087908373,0.0,-8.075271546297458,0.0,1.933234140710102,0.0,-3.1109792406692627,0.0
2025-07-02 06:00:00,0.0,0.0,0.0,0.0,-6.661854740545311,0.0,6.661854740545311,0.0,-4.8283137373023015,0.0,4.8283137373023015,0.0,0.0,0.0,0.0,0.0,-6.55250788703459,0.0,-1.227795200873783,0.0,7.780303087908373,0.0,-8.075271546297458,0.0,1.933234140710102,0.0
2025-07-02 07:00:00,0.0,0.0,0.0,0.0,0.0,0.0,-6.661854740545311,0.0,6.661854740545311,0.0,-4.8283137373023015,0.0,4.8283137373023015,0.0,0.0,0.0,0.0,0.0,-6.55250788703459,0.0,-1.227795200873783,0.0,7.780303087908373,0.0,-8.075271546297458,0.0
2025-07-02 08:00:00,0.0,0.0,0.0,0.0,0.0,0.0,0.0,0.0,-6.661854740545311,0.0,6.661854740545311,0.0,-4.8283137373023015,0.0,4.8283137373023015,0.0,0.0,0.0,0.0,0.0,-6.55250788703459,0.0,-1.227795200873783,0.0,7.780303087908373,0.0
2025-07-02 09:00:00,0.0,0.0,0.0,0.0,0.0,0.0,0.0,0.0,0.0,0.0,-6.661854740545311,0.0,6.661854740545311,0.0,-4.8283137373023015,0.0,4.8283137373023015,0.0,0.0,0.0,0.0,0.0,-6.55250788703459,0.0,-1.227795200873783,0.0
2025-07-02 10:00:00,0.0,0.0,0.0,0.0,0.0,0.0,0.0,0.0,0.0,0.0,0.0,0.0,-6.661854740545311,0.0,6.661854740545311,0.0,-4.8283137373023015,0.0,4.8283137373023015,0.0,0.0,0.0,0.0,0.0,-6.55250788703459,0.0
2025-07-02 11:00:00,0.0,0.0,0.0,0.0,0.0,0.0,0.0,0.0,0.0,0.0,0.0,0.0,0.0,0.0,-6.661854740545311,0.0,6.661854740545311,0.0,-4.8283137373023015,0.0,4.8283137373023015,0.0,0.0,0.0,0.0,0.0
2025-07-02 12:00:00,0.0,0.0,0.0,0.0,0.0,0.0,0.0,0.0,0.0,0.0,0.0,0.0,0.0,0.0,0.0,0.0,-6.661854740545311,0.0,6.661854740545311,0.0,-4.8283137373023015,0.0,4.8283137373023015,0.0,0.0,0.0
2025-07-02 13:00:00,0.0,0.0,0.0,0.0,0.0,0.0,0.0,0.0,0.0,0.0,0.0,0.0,0.0,0.0,0.0,0.0,0.0,0.0,-6.661854740545311,0.0,6.661854740545311,0.0,-4.8283137373023015,0.0,4.8283137373023015,0.0
2025-07-02 14:00:00,0.0,0.0,0.0,0.0,0.0,0.0,0.0,0.0,0.0,0.0,0.0,0.0,0.0,0.0,0.0,0.0,0.0,0.0,0.0,0.0,-6.661854740545311,0.0,6.661854740545311,0.0,-4.8283137373023015,0.0
2025-07-02 15:00:00,6.2166061010848646,0.0,0.0,0.0,0.0,0.0,0.0,0.0,0.0,0.0,0.0,0.0,0.0,0.0,0.0,0.0,0.0,0.0,0.0,0.0,0.0,0.0,-6.661854740545311,0.0,6.661854740545311,0.0
2025-07-02 16:00:00,-6.2166061010848646,0.0,6.2166061010848646,0.0,0.0,0.0,0.0,0.0,0.0,0.0,0.0,0.0,0.0,0.0,0.0,0.0,0.0,0.0,0.0,0.0,0.0,0.0,0.0,0.0,-6.661854740545311,0.0
2025-07-02 17:00:00,8.92771217382708,0.0,-6.2166061010848646,0.0,6.2166061010848646,0.0,0.0,0.0,0.0,0.0,0.0,0.0,0.0,0.0,0.0,0.0,0.0,0.0,0.0,0.0,0.0,0.0,0.0,0.0,0.0,0.0
2025-07-02 18:00:00,-1.8995107417690758,0.0,8.92771217382708,0.0,-6.2166061010848646,0.0,6.2166061010848646,0.0,0.0,0.0,0.0,0.0,0.0,0.0,0.0,0.0,0.0,0.0,0.0,0.0,0.0,0.0,0.0,0.0,0.0,0.0
2025-07-02 19:00:00,-4.630306159259634,0.0,-1.8995107417690758,0.0,8.92771217382708,0.0,-6.2166061010848646,0.0,6.2166061010848646,0.0,0.0,0.0,0.0,0.0,0.0,0.0,0.0,0.0,0.0,0.0,0.0,0.0,0.0,0.0,0.0,0.0
2025-07-02 20:00:00,2.658350532549937,0.0,-4.630306159259634,0.0,-1.8995107417690758,0.0,8.92771217382708,0.0,-6.2166061010848646,0.0,6.2166061010848646,0.0,0.0,0.0,0.0,0.0,0.0,0.0,0.0,0.0,0.0,0.0,0.0,0.0,0.0,0.0
2025-07-02 21:00:00,-0.4022854551907846,0.0,2.658350532549937,0.0,-4.630306159259634,0.0,-1.8995107417690758,0.0,8.92771217382708,0.0,-6.2166061010848646,0.0,6.2166061010848646,0.0,0.0,0.0,0.0,0.0,0.0,0.0,0.0,0.0,0.0,0.0,0.0,0.0
2025-07-02 22:00:00,5.775438463562636,0.0,-0.4022854551907846,0.0,2.658350532549937,0.0,-4.630306159259634,0.0,-1.8995107417690758,0.0,8.92771217382708,0.0,-6.2166061010848646,0.0,6.2166061010848646,0.0,0.0,0.0,0.0,0.0,0.0,0.0,0.0,0.0,0.0,0.0
2025-07-02 23:00:00,-5.373153008371851,0.0,5.775438463562636,0.0,-0.4022854551907846,0.0,2.658350532549937,0.0,-4.630306159259634,0.0,-1.8995107417690758,0.0,8.92771217382708,0.0,-6.2166061010848646,0.0,6.2166061010848646,0.0,0.0,0.0,0.0,0.0,0.0,0.0,0.0,0.0
2025-07-03 00:00:00,1.7416946076266226,0.0,-5.373153008371851,0.0,5.775438463562636,0.0,-0.4022854551907846,0.0,2.658350532549937,0.0,-4.630306159259634,0.0,-1.8995107417690758,0.0,8.92771217382708,0.0,-6.2166061010848646,0.0,6.2166061010848646,0.0,0.0,0.0,0.0,0.0,0.0,0.0
2025-07-03 01:00:00,2.348074748444694,0.0,1.7416946076266226,0.0,-5.373153008371851,0.0,5.775438463562636,0.0,-0.4022854551907846,0.0,2.658350532549937,0.0,-4.630306159259634,0.0,-1.8995107417690758,0.0,8.92771217382708,0.0,-6.2166061010848646,0.0,6.2166061010848646,0.0,0.0,0.0,0.0,0.0
2025-07-03 02:00:00,-3.904268146359982,0.0,2.348074748444694,0.0,1.7416946076266226,0.0,-5.373153008371851,0.0,5.775438463562636,0.0,-0.4022854551907846,0.0,2.658350532549937,0.0,-4.630306159259634,0.0,-1.8995107417690758,0.0,8.92771217382708,0.0,-6.2166061010848646,0.0,6.2166061010848646,0.0,0.0,0.0
2025-07-03 03:00:00,0.27971390280260344,0.0,-3.904268146359982,0.0,2.348074748444694,0.0,1.7416946076266226,0.0,-5.373153008371851,0.0,5.775438463562636,0.0,-0.4022854551907846,0.0,2.658350532549937,0.0,-4.630306159259634,0.0,-1.8995107417690758,0.0,8.92771217382708,0.0,-6.2166061010848646,0.0,6.2166061010848646,0.0
2025-07-03 04:00:00,4.107063334629876,0.0,0.27971390280260344,0.0,-3.904268146359982,0.0,2.348074748444694,0.0,1.7416946076266226,0.0,-5.373153008371851,0.0,5.775438463562636,0.0,-0.4022854551907846,0.0,2.658350532549937,0.0,-4.630306159259634,0.0,-1.8995107417690758,0.0,8.92771217382708,0.0,-6.2166061010848646,0.0
2025-07-03 05:00:00,-9.628524252492122,0.0,4.107063334629876,0.0,0.27971390280260344,0.0,-3.904268146359982,0.0,2.348074748444694,0.0,1.7416946076266226,0.0,-5.373153008371851,0.0,5.775438463562636,0.0,-0.4022854551907846,0.0,2.658350532549937,0.0,-4.630306159259634,0.0,-1.8995107417690758,0.0,8.92771217382708,0.0
2025-07-03 06:00:00,5.863631175598097,0.0,-9.628524252492122,0.0,4.107063334629876,0.0,0.27971390280260344,0.0,-3.904268146359982,0.0,2.348074748444694,0.0,1.7416946076266226,0.0,-5.373153008371851,0.0,5.775438463562636,0.0,-0.4022854551907846,0.0,2.658350532549937,0.0,-4.630306159259634,0.0,-1.8995107417690758,0.0
2025-07-03 07:00:00,-5.863631175598097,0.0,5.863631175598097,0.0,-9.628524252492122,0.0,4.107063334629876,0.0,0.27971390280260344,0.0,-3.904268146359982,0.0,2.348074748444694,0.0,1.7416946076266226,0.0,-5.373153008371851,0.0,5.775438463562636,0.0,-0.4022854551907846,0.0,2.658350532549937,0.0,-4.630306159259634,0.0
2025-07-03 08:00:00,0.0,0.0,-5.863631175598097,0.0,5.863631175598097,0.0,-9.628524252492122,0.0,4.107063334629876,0.0,0.27971390280260344,0.0,-3.904268146359982,0.0,2.348074748444694,0.0,1.7416946076266226,0.0,-5.373153008371851,0.0,5.775438463562636,0.0,-0.4022854551907846,0.0,2.658350532549937,0.0
2025-07-03 09:00:00,0.0,0.0,0.0,0.0,-5.863631175598097,0.0,5.863631175598097,0.0,-9.628524252492122,0.0,4.107063334629876,0.0,0.27971390280260344,0.0,-3.904268146359982,0.0,2.348074748444694,0.0,1.7416946076266226,0.0,-5.373153008371851,0.0,5.775438463562636,0.0,-0.4022854551907846,0.0
2025-07-03 10:00:00,0.0,0.0,0.0,0.0,0.0,0.0,-5.863631175598097,0.0,5.863631175598097,0.0,-9.628524252492122,0.0,4.107063334629876,0.0,0.27971390280260344,0.0,-3.904268146359982,0.0,2.348074748444694,0.0,1.7416946076266226,0.0,-5.373153008371851,0.0,5.775438463562636,0.0
2025-07-03 11:00:00,0.0,0.0,0.0,0.0,0.0,0.0,0.0,0.0,-5.863631175598097,0.0,5.863631175598097,0.0,-9.628524252492122,0.0,4.107063334629876,0.0,0.27971390280260344,0.0,-3.904268146359982,0.0,2.348074748444694,0.0,1.7416946076266226,0.0,-5.373153008371851,0.0
2025-07-03 12:00:00,0.0,0.0,0.0,0.0,0.0,0.0,0.0,0.0,0.0,0.0,-5.863631175598097,0.0,5.863631175598097,0.0,-9.628524252492122,0.0,4.107063334629876,0.0,0.27971390280260344,0.0,-3.904268146359982,0.0,2.348074748444694,0.0,1.7416946076266226,0.0
2025-07-03 13:00:00,8.862341963516347,0.0,0.0,0.0,0.0,0.0,0.0,0.0,0.0,0.0,0.0,0.0,-5.863631175598097,0.0,5.863631175598097,0.0,-9.628524252492122,0.0,4.107063334629876,0.0,0.27971390280260344,0.0,-3.904268146359982,0.0,2.348074748444694,0.0
2025-07-03 14:00:00,2.5305379081432395,0.0,8.862341963516347,0.0,0.0,0.0,0.0,0.0,0.0,0.0,0.0,0.0,0.0,0.0,-5.863631175598097,0.0,5.863631175598097,0.0,-9.628524252492122,0.0,4.107063334629876,0.0,0.27971390280260344,0.0,-3.904268146359982,0.0
2025-07-03 15:00:00,-1.194821528468255,0.0,2.5305379081432395,0.0,8.862341963516347,0.0,0.0,0.0,0.0,0.0,0.0,0.0,0.0,0.0,0.0,0.0,-5.863631175598097,0.0,5.863631175598097,0.0,-9.628524252492122,0.0,4.107063334629876,0.0,0.27971390280260344,0.0
2025-07-03 16:00:00,-10.198058343191331,0.0,-1.194821528468255,0.0,2.5305379081432395,0.0,8.862341963516347,0.0,0.0,0.0,0.0,0.0,0.0,0.0,0.0,0.0,0.0,0.0,-5.863631175598097,0.0,5.863631175598097,0.0,-9.628524252492122,0.0,4.107063334629876,0.0
2025-07-03 17:00:00,7.0967213784947605,0.0,-10.198058343191331,0.0,-1.194821528468255,0.0,2.5305379081432395,0.0,8.862341963516347,0.0,0.0,0.0,0.0,0.0,0.0,0.0,0.0,0.0,0.0,0.0,-5.863631175598097,0.0,5.863631175598097,0.0,-9.628524252492122,0.0
2025-07-03 18:00:00,-1.5554578333363347,0.0,7.0967213784947605,0.0,-10.198058343191331,0.0,-1.194821528468255,0.0,2.5305379081432395,0.0,8.862341963516347,0.0,0.0,0.0,0.0,0.0,0.0,0.0,0.0,0.0,0.0,0.0,-5.863631175598097,0.0,5.863631175598097,0.0
2025-07-03 19:00:00,-5.541263545158426,0.0,-1.5554578333363347,0.0,7.0967213784947605,0.0,-10.198058343191331,0.0,-1.194821528468255,0.0,2.5305379081432395,0.0,8.862341963516347,0.0,0.0,0.0,0.0,0.0,0.0,0.0,0.0,0.0,0.0,0.0,-5.863631175598097,0.0
2025-07-03 20:00:00,5.662960480135946,0.0,-5.541263545158426,0.0,-1.5554578333363347,0.0,7.0967213784947605,0.0,-10.198058343191331,0.0,-1.194821528468255,0.0,2.5305379081432395,0.0,8.862341963516347,0.0,0.0,0.0,0.0,0.0,0.0,0.0,0.0,0.0,0.0,0.0
2025-07-03 21:00:00,0.5108256237659905,0.0,5.662960480135946,0.0,-5.541263545158426,0.0,-1.5554578333363347,0.0,7.0967213784947605,0.0,-10.198058343191331,0.0,-1.194821528468255,0.0,2.5305379081432395,0.0,8.862341963516347,0.0,0.0,0.0,0.0,0.0,0.0,0.0,0.0,0.0
2025-07-03 22:00:00,-6.173786103901937,0.0,0.5108256237659905,0.0,5.662960480135946,0.0,-5.541263545158426,0.0,-1.5554578333363347,0.0,7.0967213784947605,0.0,-10.198058343191331,0.0,-1.194821528468255,0.0,2.5305379081432395,0.0,8.862341963516347,0.0,0.0,0.0,0.0,0.0,0.0,0.0
2025-07-03 23:00:00,9.6678285081515,0.0,-6.173786103901937,0.0,0.5108256237659905,0.0,5.662960480135946,0.0,-5.541263545158426,0.0,-1.5554578333363347,0.0,7.0967213784947605,0.0,-10.198058343191331,0.0,-1.194821528468255,0.0,2.5305379081432395,0.0,8.862341963516347,0.0,0.0,0.0,0.0,0.0
2025-07-04 00:00:00,-5.298380655684478,0.0,9.6678285081515,0.0,-6.173786103901937,0.0,0.5108256237659905,0.0,5.662960480135946,0.0,-5.541263545158426,0.0,-1.5554578333363347,0.0,7.0967213784947605,0.0,-10.198058343191331,0.0,-1.194821528468255,0.0,2.5305379081432395,0.0,8.862341963516347,0.0,0.0,0.0
2025-07-04 01:00:00,0.5358269259714081,0.0,-5.298380655684478,0.0,9.6678285081515,0.0,-6.173786103901937,0.0,0.5108256237659905,0.0,5.662960480135946,0.0,-5.541263545158426,0.0,-1.5554578333363347,0.0,7.0967213784947605,0.0,-10.198058343191331,0.0,-1.194821528468255,0.0,2.5305379081432395,0.0,8.862341963516347,0.0
2025-07-04 02:00:00,1.311331322646435,0.0,0.5358269259714081,0.0,-5.298380655684478,0.0,9.6678285081515,0.0,-6.173786103901937,0.0,0.5108256237659905,0.0,5.662960480135946,0.0,-5.541263545158426,0.0,-1.5554578333363347,0.0,7.0967213784947605,0.0,-10.198058343191331,0.0,-1.194821528468255,0.0,2.5305379081432395,0.0
2025-07-04 03:00:00,2.5293150199394825,0.0,1.311331322646435,0.0,0.5358269259714081,0.0,-5.298380655684478,0.0,9.6678285081515,0.0,-6.173786103901937,0.0,0.5108256237659905,0.0,5.662960480135946,0.0,-5.541263545158426,0.0,-1.5554578333363347,0.0,7.0967213784947605,0.0,-10.198058343191331,0.0,-1.194821528468255,0.0
2025-07-04 04:00:00,-2.5017542203606107,0.0,2.5293150199394825,0.0,1.311331322646435,0.0,0.5358269259714081,0.0,-5.298380655684478,0.0,9.6678285081515,0.0,-6.173786103901937,0.0,0.5108256237659905,0.0,5.662960480135946,0.0,-5.541263545158426,0.0,-1.5554578333363347,0.0,7.0967213784947605,0.0,-10.198058343191331,0.0
2025-07-04 05:00:00,-6.244166900663736,0.0,-2.5017542203606107,0.0,2.5293150199394825,0.0,1.311331322646435,0.0,0.5358269259714081,0.0,-5.298380655684478,0.0,9.6678285081515,0.0,-6.173786103901937,0.0,0.5108256237659905,0.0,5.662960480135946,0.0,-5.541263545158426,0.0,-1.5554578333363347,0.0,7.0967213784947605,0.0
2025-07-04 06:00:00,0.0,0.0,-6.244166900663736,0.0,-2.5017542203606107,0.0,2.5293150199394825,0.0,1.311331322646435,0.0,0.5358269259714081,0.0,-5.298380655684478,0.0,9.6678285081515,0.0,-6.173786103901937,0.0,0.5108256237659905,0.0,5.662960480135946,0.0,-5.541263545158426,0.0,-1.5554578333363347,0.0
2025-07-04 07:00:00,0.0,0.0,0.0,0.0,-6.244166900663736,0.0,-2.5017542203606107,0.0,2.5293150199394825,0.0,1.311331322646435,0.0,0.5358269259714081,0.0,-5.298380655684478,0.0,9.6678285081515,0.0,-6.173786103901937,0.0,0.5108256237659905,0.0,5.662960480135946,0.0,-5.541263545158426,0.0
2025-07-04 08:00:00,0.0,0.0,0.0,0.0,0.0,0.0,-6.244166900663736,0.0,-2.5017542203606107,0.0,2.5293150199394825,0.0,1.311331322646435,0.0,0.5358269259714081,0.0,-5.298380655684478,0.0,9.6678285081515,0.0,-6.173786103901937,0.0,0.5108256237659905,0.0,5.662960480135946,0.0
2025-07-04 09:00:00,0.0,0.0,0.0,0.0,0.0,0.0,0.0,0.0,-6.244166900663736,0.0,-2.5017542203606107,0.0,2.5293150199394825,0.0,1.311331322646435,0.0,0.5358269259714081,0.0,-5.298380655684478,0.0,9.6678285081515,0.0,-6.173786103901937,0.0,0.5108256237659905,0.0
2025-07-04 10:00:00,0.0,0.0,0.0,0.0,0.0,0.0,0.0,0.0,0.0,0.0,-6.244166900663736,0.0,-2.5017542203606107,0.0,2.5293150199394825,0.0,1.311331322646435,0.0,0.5358269259714081,0.0,-5.298380655684478,0.0,9.6678285081515,0.0,-6.173786103901937,0.0
2025-07-04 11:00:00,0.0,0.0,0.0,0.0,0.0,0.0,0.0,0.0,0.0,0.0,0.0,0.0,-6.244166900663736,0.0,-2.5017542203606107,0.0,2.5293150199394825,0.0,1.311331322646435,0.0,0.5358269259714081,0.0,-5.298380655684478,0.0,9.6678285081515,0.0
2025-07-04 12:00:00,0.0,0.0,0.0,0.0,0.0,0.0,0.0,0.0,0.0,0.0,0.0,0.0,0.0,0.0,-6.244166900663736,0.0,-2.5017542203606107,0.0,2.5293150199394825,0.0,1.311331322646435,0.0,0.5358269259714081,0.0,-5.298380655684478,0.0
2025-07-04 13:00:00,8.583542571957771,0.0,0.0,0.0,0.0,0.0,0.0,0.0,0.0,0.0,0.0,0.0,0.0,0.0,0.0,0.0,-6.244166900663736,0.0,-2.5017542203606107,0.0,2.5293150199394825,0.0,1.311331322646435,0.0,0.5358269259714081,0.0
2025-07-04 14:00:00,-1.5179292083600542,0.0,8.583542571957771,0.0,0.0,0.0,0.0,0.0,0.0,0.0,0.0,0.0,0.0,0.0,0.0,0.0,0.0,0.0,-6.244166900663736,0.0,-2.5017542203606107,0.0,2.5293150199394825,0.0,1.311331322646435,0.0
2025-07-04 15:00:00,3.0945298827850687,0.0,-1.5179292083600542,0.0,8.583542571957771,0.0,0.0,0.0,0.0,0.0,0.0,0.0,0.0,0.0,0.0,0.0,0.0,0.0,0.0,0.0,-6.244166900663736,0.0,-2.5017542203606107,0.0,2.5293150199394825,0.0
2025-07-04 16:00:00,-10.160143246382786,0.0,3.0945298827850687,0.0,-1.5179292083600542,0.0,8.583542571957771,0.0,0.0,0.0,0.0,0.0,0.0,0.0,0.0,0.0,0.0,0.0,0.0,0.0,0.0,0.0,-6.244166900663736,0.0,-2.5017542203606107,0.0
2025-07-04 17:00:00,0.0,0.0,-10.160143246382786,0.0,3.0945298827850687,0.0,-1.5179292083600542,0.0,8.583542571957771,0.0,0.0,0.0,0.0,0.0,0.0,0.0,0.0,0.0,0.0,0.0,0.0,0.0,0.0,0.0,-6.244166900663736,0.0
2025-07-04 18:00:00,9.849400886632361,0.0,0.0,0.0,-10.160143246382786,0.0,3.0945298827850687,0.0,-1.5179292083600542,0.0,8.583542571957771,0.0,0.0,0.0,0.0,0.0,0.0,0.0,0.0,0.0,0.0,0.0,0.0,0.0,0.0,0.0
2025-07-04 19:00:00,-1.561872463520599,0.0,9.849400886632361,0.0,0.0,0.0,-10.160143246382786,0.0,3.0945298827850687,0.0,-1.5179292083600542,0.0,8.583542571957771,0.0,0.0,0.0,0.0,0.0,0.0,0.0,0.0,0.0,0.0,0.0,0.0,0.0
2025-07-04 20:00:00,2.3003178039512306,0.0,-1.561872463520599,0.0,9.849400886632361,0.0,0.0,0.0,-10.160143246382786,0.0,3.0945298827850687,0.0,-1.5179292083600542,0.0,8.583542571957771,0.0,0.0,0.0,0.0,0.0,0.0,0.0,0.0,0.0,0.0,0.0
2025-07-04 21:00:00,-10.587846227062993,0.0,2.3003178039512306,0.0,-1.561872463520599,0.0,9.849400886632361,0.0,0.0,0.0,-10.160143246382786,0.0,3.0945298827850687,0.0,-1.5179292083600542,0.0,8.583542571957771,0.0,0.0,0.0,0.0,0.0,0.0,0.0,0.0,0.0
2025-07-04 22:00:00,7.094234845924755,0.0,-10.587846227062993,0.0,2.3003178039512306,0.0,-1.561872463520599,0.0,9.849400886632361,0.0,0.0,0.0,-10.160143246382786,0.0,3.0945298827850687,0.0,-1.5179292083600542,0.0,8.583542571957771,0.0,0.0,0.0,0.0,0.0,0.0,0.0
2025-07-04 23:00:00,0.258847074590677,0.0,7.094234845924755,0.0,-10.587846227062993,0.0,2.3003178039512306,0.0,-1.561872463520599,0.0,9.849400886632361,0.0,0.0,0.0,-10.160143246382786,0.0,3.0945298827850687,0.0,-1.5179292083600542,0.0,8.583542571957771,0.0,0.0,0.0,0.0,0.0
2025-07-05 00:00:00,-7.353081920515432,0.0,0.258847074590677,0.0,7.094234845924755,0.0,-10.587846227062993,0.0,2.3003178039512306,0.0,-1.561872463520599,0.0,9.849400886632361,0.0,0.0,0.0,-10.160143246382786,0.0,3.0945298827850687,0.0,-1.5179292083600542,0.0,8.583542571957771,0.0,0.0,0.0
2025-07-05 01:00:00,9.421492310438014,0.0,-7.353081920515432,0.0,0.258847074590677,0.0,7.094234845924755,0.0,-10.587846227062993,0.0,2.3003178039512306,0.0,-1.561872463520599,0.0,9.849400886632361,0.0,0.0,0.0,-10.160143246382786,0.0,3.0945298827850687,0.0,-1.5179292083600542,0.0,8.583542571957771,0.0
2025-07-05 02:00:00,-9.421492310438014,0.0,9.421492310438014,0.0,-7.353081920515432,0.0,0.258847074590677,0.0,7.094234845924755,0.0,-10.587846227062993,0.0,2.3003178039512306,0.0,-1.561872463520599,0.0,9.849400886632361,0.0,0.0,0.0,-10.160143246382786,0.0,3.0945298827850687,0.0,-1.5179292083600542,0.0
2025-07-05 03:00:00,7.824445930877619,0.0,-9.421492310438014,0.0,9.421492310438014,0.0,-7.353081920515432,0.0,0.258847074590677,0.0,7.094234845924755,0.0,-10.587846227062993,0.0,2.3003178039512306,0.0,-1.561872463520599,0.0,9.849400886632361,0.0,0.0,0.0,-10.160143246382786,0.0,3.0945298827850687,0.0
2025-07-05 04:00:00,-7.824445930877619,0.0,7.824445930877619,0.0,-9.421492310438014,0.0,9.421492310438014,0.0,-7.353081920515432,0.0,0.258847074590677,0.0,7.094234845924755,0.0,-10.587846227062993,0.0,2.3003178039512306,0.0,-1.561872463520599,0.0,9.849400886632361,0.0,0.0,0.0,-10.160143246382786,0.0
2025-07-05 05:00:00,8.544224530467268,0.0,-7.824445930877619,0.0,7.824445930877619,0.0,-9.421492310438014,0.0,9.421492310438014,0.0,-7.353081920515432,0.0,0.258847074590677,0.0,7.094234845924755,0.0,-10.587846227062993,0.0,2.3003178039512306,0.0,-1.561872463520599,0.0,9.849400886632361,0.0,0.0,0.0
2025-07-05 06:00:00,-8.544224530467268,0.0,8.544224530467268,0.0,-7.824445930877619,0.0,7.824445930877619,0.0,-9.421492310438014,0.0,9.421492310438014,0.0,-7.353081920515432,0.0,0.258847074590677,0.0,7.094234845924755,0.0,-10.587846227062993,0.0,2.3003178039512306,0.0,-1.561872463520599,0.0,9.849400886632361,0.0
2025-07-05 07:00:00,4.8283137373023015,0.0,-8.544224530467268,0.0,8.544224530467268,0.0,-7.824445930877619,0.0,7.824445930877619,0.0,-9.421492310438014,0.0,9.421492310438014,0.0,-7.353081920515432,0.0,0.258847074590677,0.0,7.094234845924755,0.0,-10.587846227062993,0.0,2.3003178039512306,0.0,-1.561872463520599,0.0
2025-07-05 08:00:00,-4.8283137373023015,0.0,4.8283137373023015,0.0,-8.544224530467268,0.0,8.544224530467268,0.0,-7.824445930877619,0.0,7.824445930877619,0.0,-9.421492310438014,0.0,9.421492310438014,0.0,-7.353081920515432,0.0,0.258847074590677,0.0,7.094234845924755,0.0,-10.587846227062993,0.0,2.3003178039512306,0.0
2025-07-05 09:00:00,0.0,0.0,-4.8283137373023015,0.0,4.8283137373023015,0.0,-8.544224530467268,0.0,8.544224530467268,0.0,-7.824445930877619,0.0,7.824445930877619,0.0,-9.421492310438014,0.0,9.421492310438014,0.0,-7.353081920515432,0.0,0.258847074590677,0.0,7.094234845924755,0.0,-10.587846227062993,0.0
2025-07-05 10:00:00,0.0,0.0,0.0,0.0,-4.8283137373023015,0.0,4.8283137373023015,0.0,-8.544224530467268,0.0,8.544224530467268,0.0,-7.824445930877619,0.0,7.824445930877619,0.0,-9.421492310438014,0.0,9.421492310438014,0.0,-7.353081920515432,0.0,0.258847074590677,0.0,7.094234845924755,0.0
2025-07-05 11:00:00,0.0,0.0,0.0,0.0,0.0,0.0,-4.8283137373023015,0.0,4.8283137373023015,0.0,-8.544224530467268,0.0,8.544224530467268,0.0,-7.824445930877619,0.0,7.824445930877619,0.0,-9.421492310438014,0.0,9.421492310438014,0.0,-7.353081920515432,0.0,0.258847074590677,0.0
2025-07-05 12:00:00,0.0,0.0,0.0,0.0,0.0,0.0,0.0,0.0,-4.8283137373023015,0.0,4.8283137373023015,0.0,-8.544224530467268,0.0,8.544224530467268,0.0,-7.824445930877619,0.0,7.824445930877619,0.0,-9.421492310438014,0.0,9.421492310438014,0.0,-7.353081920515432,0.0
2025-07-05 13:00:00,0.0,0.0,0.0,0.0,0.0,0.0,0.0,0.0,0.0,0.0,-4.8283137373023015,0.0,4.8283137373023015,0.0,-8.544224530467268,0.0,8.544224530467268,0.0,-7.824445930877619,0.0,7.824445930877619,0.0,-9.421492310438014,0.0,9.421492310438014,0.0
2025-07-05 14:00:00,0.0,0.0,0.0,0.0,0.0,0.0,0.0,0.0,0.0,0.0,0.0,0.0,-4.8283137373023015,0.0,4.8283137373023015,0.0,-8.544224530467268,0.0,8.544224530467268,0.0,-7.824445930877619,0.0,7.824445930877619,0.0,-9.421492310438014,0.0
2025-07-05 15:00:00,2.3978952727983707,0.0,0.0,0.0,0.0,0.0,0.0,0.0,0.0,0.0,0.0,0.0,0.0,0.0,-4.8283137373023015,0.0,4.8283137373023015,0.0,-8.544224530467268,0.0,8.544224530467268,0.0,-7.824445930877619,0.0,7.824445930877619,0.0
2025-07-05 16:00:00,-2.3978952727983707,0.0,2.3978952727983707,0.0,0.0,0.0,0.0,0.0,0.0,0.0,0.0,0.0,0.0,0.0,0.0,0.0,-4.8283137373023015,0.0,4.8283137373023015,0.0,-8.544224530467268,0.0,8.544224530467268,0.0,-7.824445930877619,0.0
2025-07-05 17:00:00,0.0,0.0,-2.3978952727983707,0.0,2.3978952727983707,0.0,0.0,0.0,0.0,0.0,0.0,0.0,0.0,0.0,0.0,0.0,0.0,0.0,-4.8283137373023015,0.0,4.8283137373023015,0.0,-8.544224530467268,0.0,8.544224530467268,0.0
2025-07-05 18:00:00,7.416378479192928,0.0,0.0,0.0,-2.3978952727983707,0.0,2.3978952727983707,0.0,0.0,0.0,0.0,0.0,0.0,0.0,0.0,0.0,0.0,0.0,0.0,0.0,-4.8283137373023015,0.0,4.8283137373023015,0.0,-8.544224530467268,0.0
2025-07-05 19:00:00,-0.6128732215845902,0.0,7.416378479192928,0.0,0.0,0.0,-2.3978952727983707,0.0,2.3978952727983707,0.0,0.0,0.0,0.0,0.0,0.0,0.0,0.0,0.0,0.0,0.0,0.0,0.0,-4.8283137373023015,0.0,4.8283137373023015,0.0
2025-07-05 20:00:00,-1.0573020670681847,0.0,-0.6128732215845902,0.0,7.416378479192928,0.0,0.0,0.0,-2.3978952727983707,0.0,2.3978952727983707,0.0,0.0,0.0,0.0,0.0,0.0,0.0,0.0,0.0,0.0,0.0,0.0,0.0,-4.8283137373023015,0.0
2025-07-05 21:00:00,-5.746203190540153,0.0,-1.0573020670681847,0.0,-0.6128732215845902,0.0,7.416378479192928,0.0,0.0,0.0,-2.3978952727983707,0.0,2.3978952727983707,0.0,0.0,0.0,0.0,0.0,0.0,0.0,0.0,0.0,0.0,0.0,0.0,0.0
2025-07-05 22:00:00,0.0,0.0,-5.746203190540153,0.0,-1.0573020670681847,0.0,-0.6128732215845902,0.0,7.416378479192928,0.0,0.0,0.0,-2.3978952727983707,0.0,2.3978952727983707,0.0,0.0,0.0,0.0,0.0,0.0,0.0,0.0,0.0,0.0,0.0
2025-07-05 23:00:00,7.601402334583733,0.0,0.0,0.0,-5.746203190540153,0.0,-1.0573020670681847,0.0,-0.6128732215845902,0.0,7.416378479192928,0.0,0.0,0.0,-2.3978952727983707,0.0,2.3978952727983707,0.0,0.0,0.0,0.0,0.0,0.0,0.0,0.0,0.0
2025-07-06 00:00:00,2.256512372657639,0.0,7.601402334583733,0.0,0.0,0.0,-5.746203190540153,0.0,-1.0573020670681847,0.0,-0.6128732215845902,0.0,7.416378479192928,0.0,0.0,0.0,-2.3978952727983707,0.0,2.3978952727983707,0.0,0.0,0.0,0.0,0.0,0.0,0.0
2025-07-06 01:00:00,-2.098727268733577,0.0,2.256512372657639,0.0,7.601402334583733,0.0,0.0,0.0,-5.746203190540153,0.0,-1.0573020670681847,0.0,-0.6128732215845902,0.0,7.416378479192928,0.0,0.0,0.0,-2.3978952727983707,0.0,2.3978952727983707,0.0,0.0,0.0,0.0,0.0
2025-07-06 02:00:00,-7.759187438507795,0.0,-2.098727268733577,0.0,2.256512372657639,0.0,7.601402334583733,0.0,0.0,0.0,-5.746203190540153,0.0,-1.0573020670681847,0.0,-0.6128732215845902,0.0,7.416378479192928,0.0,0.0,0.0,-2.3978952727983707,0.0,2.3978952727983707,0.0,0.0,0.0
2025-07-06 03:00:00,7.601402334583733,0.0,-7.759187438507795,0.0,-2.098727268733577,0.0,2.256512372657639,0.0,7.601402334583733,0.0,0.0,0.0,-5.746203190540153,0.0,-1.0573020670681847,0.0,-0.6128732215845902,0.0,7.416378479192928,0.0,0.0,0.0,-2.3978952727983707,0.0,2.3978952727983707,0.0
2025-07-06 04:00:00,1.949188840517012,0.0,7.601402334583733,0.0,-7.759187438507795,0.0,-2.098727268733577,0.0,2.256512372657639,0.0,7.601402334583733,0.0,0.0,0.0,-5.746203190540153,0.0,-1.0573020670681847,0.0,-0.6128732215845902,0.0,7.416378479192928,0.0,0.0,0.0,-2.3978952727983707,0.0
2025-07-06 05:00:00,-9.550591175100745,0.0,1.949188840517012,0.0,7.601402334583733,0.0,-7.759187438507795,0.0,-2.098727268733577,0.0,2.256512372657639,0.0,7.601402334583733,0.0,0.0,0.0,-5.746203190540153,0.0,-1.0573020670681847,0.0,-0.6128732215845902,0.0,7.416378479192928,0.0,0.0,0.0
2025-07-06 06:00:00,0.0,0.0,-9.550591175100745,0.0,1.949188840517012,0.0,7.601402334583733,0.0,-7.759187438507795,0.0,-2.098727268733577,0.0,2.256512372657639,0.0,7.601402334583733,0.0,0.0,0.0,-5.746203190540153,0.0,-1.0573020670681847,0.0,-0.6128732215845902,0.0,7.416378479192928,0.0
2025-07-06 07:00:00,4.795790545596741,0.0,0.0,0.0,-9.550591175100745,0.0,1.949188840517012,0.0,7.601402334583733,0.0,-7.759187438507795,0.0,-2.098727268733577,0.0,2.256512372657639,0.0,7.601402334583733,0.0,0.0,0.0,-5.746203190540153,0.0,-1.0573020670681847,0.0,-0.6128732215845902,0.0
2025-07-06 08:00:00,-4.795790545596741,0.0,4.795790545596741,0.0,0.0,0.0,-9.550591175100745,0.0,1.949188840517012,0.0,7.601402334583733,0.0,-7.759187438507795,0.0,-2.098727268733577,0.0,2.256512372657639,0.0,7.601402334583733,0.0,0.0,0.0,-5.746203190540153,0.0,-1.0573020670681847,0.0
2025-07-06 09:00:00,0.0,0.0,-4.795790545596741,0.0,4.795790545596741,0.0,0.0,0.0,-9.550591175100745,0.0,1.949188840517012,0.0,7.601402334583733,0.0,-7.759187438507795,0.0,-2.098727268733577,0.0,2.256512372657639,0.0,7.601402334583733,0.0,0.0,0.0,-5.746203190540153,0.0
2025-07-06 10:00:00,0.0,0.0,0.0,0.0,-4.795790545596741,0.0,4.795790545596741,0.0,0.0,0.0,-9.550591175100745,0.0,1.949188840517012,0.0,7.601402334583733,0.0,-7.759187438507795,0.0,-2.098727268733577,0.0,2.256512372657639,0.0,7.601402334583733,0.0,0.0,0.0
2025-07-06 11:00:00,0.0,0.0,0.0,0.0,0.0,0.0,-4.795790545596741,0.0,4.795790545596741,0.0,0.0,0.0,-9.550591175100745,0.0,1.949188840517012,0.0,7.601402334583733,0.0,-7.759187438507795,0.0,-2.098727268733577,0.0,2.256512372657639,0.0,7.601402334583733,0.0
2025-07-06 12:00:00,0.0,0.0,0.0,0.0,0.0,0.0,0.0,0.0,-4.795790545596741,0.0,4.795790545596741,0.0,0.0,0.0,-9.550591175100745,0.0,1.949188840517012,0.0,7.601402334583733,0.0,-7.759187438507795,0.0,-2.098727268733577,0.0,2.256512372657639,0.0
2025-07-06 13:00:00,6.90875477931522,0.0,0.0,0.0,0.0,0.0,0.0,0.0,0.0,0.0,-4.795790545596741,0.0,4.795790545596741,0.0,0.0,0.0,-9.550591175100745,0.0,1.949188840517012,0.0,7.601402334583733,0.0,-7.759187438507795,0.0,-2.098727268733577,0.0
2025-07-06 14:00:00,-6.90875477931522,0.0,6.90875477931522,0.0,0.0,0.0,0.0,0.0,0.0,0.0,0.0,0.0,-4.795790545596741,0.0,4.795790545596741,0.0,0.0,0.0,-9.550591175100745,0.0,1.949188840517012,0.0,7.601402334583733,0.0,-7.759187438507795,0.0
2025-07-06 15:00:00,0.0,0.0,-6.90875477931522,0.0,6.90875477931522,0.0,0.0,0.0,0.0,0.0,0.0,0.0,0.0,0.0,-4.795790545596741,0.0,4.795790545596741,0.0,0.0,0.0,-9.550591175100745,0.0,1.949188840517012,0.0,7.601402334583733,0.0
2025-07-06 16:00:00,0.0,0.0,0.0,0.0,-6.90875477931522,0.0,6.90875477931522,0.0,0.0,0.0,0.0,0.0,0.0,0.0,0.0,0.0,-4.795790545596741,0.0,4.795790545596741,0.0,0.0,0.0,-9.550591175100745,0.0,1.949188840517012,0.0
2025-07-06 17:00:00,0.0,0.0,0.0,0.0,0.0,0.0,-6.90875477931522,0.0,6.90875477931522,0.0,0.0,0.0,0.0,0.0,0.0,0.0,0.0,0.0,-4.795790545596741,0.0,4.795790545596741,0.0,0.0,0.0,-9.550591175100745,0.0
2025-07-06 18:00:00,0.0,0.0,0.0,0.0,0.0,0.0,0.0,0.0,-6.90875477931522,0.0,6.90875477931522,0.0,0.0,0.0,0.0,0.0,0.0,0.0,0.0,0.0,-4.795790545596741,0.0,4.795790545596741,0.0,0.0,0.0
2025-07-06 19:00:00,7.066466970136958,0.0,0.0,0.0,0.0,0.0,0.0,0.0,0.0,0.0,-6.90875477931522,0.0,6.90875477931522,0.0,0.0,0.0,0.0,0.0,0.0,0.0,0.0,0.0,-4.795790545596741,0.0,4.795790545596741,0.0
2025-07-06 20:00:00,-7.066466970136958,0.0,7.066466970136958,0.0,0.0,0.0,0.0,0.0,0.0,0.0,0.0,0.0,-6.90875477931522,0.0,6.90875477931522,0.0,0.0,0.0,0.0,0.0,0.0,0.0,0.0,0.0,-4.795790545596741,0.0
2025-07-06 21:00:00,0.0,0.0,-7.066466970136958,0.0,7.066466970136958,0.0,0.0,0.0,0.0,0.0,0.0,0.0,0.0,0.0,-6.90875477931522,0.0,6.90875477931522,0.0,0.0,0.0,0.0,0.0,0.0,0.0,0.0,0.0
2025-07-06 22:00:00,10.43687669471087,0.0,0.0,0.0,-7.066466970136958,0.0,7.066466970136958,0.0,0.0,0.0,0.0,0.0,0.0,0.0,0.0,0.0,-6.90875477931522,0.0,6.90875477931522,0.0,0.0,0.0,0.0,0.0,0.0,0.0
2025-07-06 23:00:00,-5.200434731880921,0.0,10.43687669471087,0.0,0.0,0.0,-7.066466970136958,0.0,7.066466970136958,0.0,0.0,0.0,0.0,0.0,0.0,0.0,0.0,0.0,-6.90875477931522,0.0,6.90875477931522,0.0,0.0,0.0,0.0,0.0
2025-07-07 00:00:00,-5.236441962829949,0.0,-5.200434731880921,0.0,10.43687669471087,0.0,0.0,0.0,-7.066466970136958,0.0,7.066466970136958,0.0,0.0,0.0,0.0,0.0,0.0,0.0,0.0,0.0,-6.90875477931522,0.0,6.90875477931522,0.0,0.0,0.0
2025-07-07 01:00:00,0.0,0.0,-5.236441962829949,0.0,-5.200434731880921,0.0,10.43687669471087,0.0,0.0,0.0,-7.066466970136958,0.0,7.066466970136958,0.0,0.0,0.0,0.0,0.0,0.0,0.0,0.0,0.0,-6.90875477931522,0.0,6.90875477931522,0.0
2025-07-07 02:00:00,4.543294782270004,0.0,0.0,0.0,-5.236441962829949,0.0,-5.200434731880921,0.0,10.43687669471087,0.0,0.0,0.0,-7.066466970136958,0.0,7.066466970136958,0.0,0.0,0.0,0.0,0.0,0.0,0.0,0.0,0.0,-6.90875477931522,0.0
2025-07-07 03:00:00,-4.543294782270004,0.0,4.543294782270004,0.0,0.0,0.0,-5.236441962829949,0.0,-5.200434731880921,0.0,10.43687669471087,0.0,0.0,0.0,-7.066466970136958,0.0,7.066466970136958,0.0,0.0,0.0,0.0,0.0,0.0,0.0,0.0,0.0
2025-07-07 04:00:00,0.0,0.0,-4.543294782270004,0.0,4.543294782270004,0.0,0.0,0.0,-5.236441962829949,0.0,-5.200434731880921,0.0,10.43687669471087,0.0,0.0,0.0,-7.066466970136958,0.0,7.066466970136958,0.0,0.0,0.0,0.0,0.0,0.0,0.0
2025-07-07 05:00:00,4.770684624465665,0.0,0.0,0.0,-4.543294782270004,0.0,4.543294782270004,0.0,0.0,0.0,-5.236441962829949,0.0,-5.200434731880921,0.0,10.43687669471087,0.0,0.0,0.0,-7.066466970136958,0.0,7.066466970136958,0.0,0.0,0.0,0.0,0.0
2025-07-07 06:00:00,3.0058504037195757,0.0,4.770684624465665,0.0,0.0,0.0,-4.543294782270004,0.0,4.543294782270004,0.0,0.0,0.0,-5.236441962829949,0.0,-5.200434731880921,0.0,10.43687669471087,0.0,0.0,0.0,-7.066466970136958,0.0,7.066466970136958,0.0,0.0,0.0
2025-07-07 07:00:00,-7.776535028185241,0.0,3.0058504037195757,0.0,4.770684624465665,0.0,0.0,0.0,-4.543294782270004,0.0,4.543294782270004,0.0,0.0,0.0,-5.236441962829949,0.0,-5.200434731880921,0.0,10.43687669471087,0.0,0.0,0.0,-7.066466970136958,0.0,7.066466970136958,0.0
2025-07-07 08:00:00,0.0,0.0,-7.776535028185241,0.0,3.0058504037195757,0.0,4.770684624465665,0.0,0.0,0.0,-4.543294782270004,0.0,4.543294782270004,0.0,0.0,0.0,-5.236441962829949,0.0,-5.200434731880921,0.0,10.43687669471087,0.0,0.0,0.0,-7.066466970136958,0.0
2025-07-07 09:00:00,0.0,0.0,0.0,0.0,-7.776535028185241,0.0,3.0058504037195757,0.0,4.770684624465665,0.0,0.0,0.0,-4.543294782270004,0.0,4.543294782270004,0.0,0.0,0.0,-5.236441962829949,0.0,-5.200434731880921,0.0,10.43687669471087,0.0,0.0,0.0
2025-07-07 10:00:00,0.0,0.0,0.0,0.0,0.0,0.0,-7.776535028185241,0.0,3.0058504037195757,0.0,4.770684624465665,0.0,0.0,0.0,-4.543294782270004,0.0,4.543294782270004,0.0,0.0,0.0,-5.236441962829949,0.0,-5.200434731880921,0.0,10.43687669471087,0.0
2025-07-07 11:00:00,0.0,0.0,0.0,0.0,0.0,0.0,0.0,0.0,-7.776535028185241,0.0,3.0058504037195757,0.0,4.770684624465665,0.0,0.0,0.0,-4.543294782270004,0.0,4.543294782270004,0.0,0.0,0.0,-5.236441962829949,0.0,-5.200434731880921,0.0
2025-07-07 12:00:00,0.0,0.0,0.0,0.0,0.0,0.0,0.0,0.0,0.0,0.0,-7.776535028185241,0.0,3.0058504037195757,0.0,4.770684624465665,0.0,0.0,0.0,-4.543294782270004,0.0,4.543294782270004,0.0,0.0,0.0,-5.236441962829949,0.0
2025-07-07 13:00:00,5.736572297479192,0.0,0.0,0.0,0.0,0.0,0.0,0.0,0.0,0.0,0.0,0.0,-7.776535028185241,0.0,3.0058504037195757,0.0,4.770684624465665,0.0,0.0,0.0,-4.543294782270004,0.0,4.543294782270004,0.0,0.0,0.0
2025-07-07 14:00:00,-5.736572297479192,0.0,5.736572297479192,0.0,0.0,0.0,0.0,0.0,0.0,0.0,0.0,0.0,0.0,0.0,-7.776535028185241,0.0,3.0058504037195757,0.0,4.770684624465665,0.0,0.0,0.0,-4.543294782270004,0.0,4.543294782270004,0.0
2025-07-07 15:00:00,9.839268980209477,0.0,-5.736572297479192,0.0,5.736572297479192,0.0,0.0,0.0,0.0,0.0,0.0,0.0,0.0,0.0,0.0,0.0,-7.776535028185241,0.0,3.0058504037195757,0.0,4.770684624465665,0.0,0.0,0.0,-4.543294782270004,0.0
2025-07-07 16:00:00,-9.839268980209477,0.0,9.839268980209477,0.0,-5.736572297479192,0.0,5.736572297479192,0.0,0.0,0.0,0.0,0.0,0.0,0.0,0.0,0.0,0.0,0.0,-7.776535028185241,0.0,3.0058504037195757,0.0,4.770684624465665,0.0,0.0,0.0
2025-07-07 17:00:00,0.0,0.0,-9.839268980209477,0.0,9.839268980209477,0.0,-5.736572297479192,0.0,5.736572297479192,0.0,0.0,0.0,0.0,0.0,0.0,0.0,0.0,0.0,0.0,0.0,-7.776535028185241,0.0,3.0058504037195757,0.0,4.770684624465665,0.0
2025-07-07 18:00:00,10.629005113126524,0.0,0.0,0.0,-9.839268980209477,0.0,9.839268980209477,0.0,-5.736572297479192,0.0,5.736572297479192,0.0,0.0,0.0,0.0,0.0,0.0,0.0,0.0,0.0,0.0,0.0,-7.776535028185241,0.0,3.0058504037195757,0.0
2025-07-07 19:00:00,-4.771071958643065,0.0,10.629005113126524,0.0,0.0,0.0,-9.839268980209477,0.0,9.839268980209477,0.0,-5.736572297479192,0.0,5.736572297479192,0.0,0.0,0.0,0.0,0.0,0.0,0.0,0.0,0.0,0.0,0.0,-7.776535028185241,0.0
2025-07-07 20:00:00,3.447171793937147,0.0,-4.771071958643065,0.0,10.629005113126524,0.0,0.0,0.0,-9.839268980209477,0.0,9.839268980209477,0.0,-5.736572297479192,0.0,5.736572297479192,0.0,0.0,0.0,0.0,0.0,0.0,0.0,0.0,0.0,0.0,0.0
2025-07-07 21:00:00,-0.9015284837913367,0.0,3.447171793937147,0.0,-4.771071958643065,0.0,10.629005113126524,0.0,0.0,0.0,-9.839268980209477,0.0,9.839268980209477,0.0,-5.736572297479192,0.0,5.736572297479192,0.0,0.0,0.0,0.0,0.0,0.0,0.0,0.0,0.0
2025-07-07 22:00:00,0.5345614057435188,0.0,-0.9015284837913367,0.0,3.447171793937147,0.0,-4.771071958643065,0.0,10.629005113126524,0.0,0.0,0.0,-9.839268980209477,0.0,9.839268980209477,0.0,-5.736572297479192,0.0,5.736572297479192,0.0,0.0,0.0,0.0,0.0,0.0,0.0
2025-07-07 23:00:00,0.9697898101893614,0.0,0.5345614057435188,0.0,-0.9015284837913367,0.0,3.447171793937147,0.0,-4.771071958643065,0.0,10.629005113126524,0.0,0.0,0.0,-9.839268980209477,0.0,9.839268980209477,0.0,-5.736572297479192,0.0,5.736572297479192,0.0,0.0,0.0,0.0,0.0
2025-07-08 00:00:00,0.5229180763743297,0.0,0.9697898101893614,0.0,0.5345614057435188,0.0,-0.9015284837913367,0.0,3.447171793937147,0.0,-4.771071958643065,0.0,10.629005113126524,0.0,0.0,0.0,-9.839268980209477,0.0,9.839268980209477,0.0,-5.736572297479192,0.0,5.736572297479192,0.0,0.0,0.0
2025-07-08 01:00:00,-2.472268853122581,0.0,0.5229180763743297,0.0,0.9697898101893614,0.0,0.5345614057435188,0.0,-0.9015284837913367,0.0,3.447171793937147,0.0,-4.771071958643065,0.0,10.629005113126524,0.0,0.0,0.0,-9.839268980209477,0.0,9.839268980209477,0.0,-5.736572297479192,0.0,5.736572297479192,0.0
2025-07-08 02:00:00,-1.6146964696875674,0.0,-2.472268853122581,0.0,0.5229180763743297,0.0,0.9697898101893614,0.0,0.5345614057435188,0.0,-0.9015284837913367,0.0,3.447171793937147,0.0,-4.771071958643065,0.0,10.629005113126524,0.0,0.0,0.0,-9.839268980209477,0.0,9.839268980209477,0.0,-5.736572297479192,0.0
2025-07-08 03:00:00,0.6315334933296208,0.0,-1.6146964696875674,0.0,-2.472268853122581,0.0,0.5229180763743297,0.0,0.9697898101893614,0.0,0.5345614057435188,0.0,-0.9015284837913367,0.0,3.447171793937147,0.0,-4.771071958643065,0.0,10.629005113126524,0.0,0.0,0.0,-9.839268980209477,0.0,9.839268980209477,0.0
2025-07-08 04:00:00,-5.365976015021851,0.0,0.6315334933296208,0.0,-1.6146964696875674,0.0,-2.472268853122581,0.0,0.5229180763743297,0.0,0.9697898101893614,0.0,0.5345614057435188,0.0,-0.9015284837913367,0.0,3.447171793937147,0.0,-4.771071958643065,0.0,10.629005113126524,0.0,0.0,0.0,-9.839268980209477,0.0
2025-07-08 05:00:00,-1.6094379124341003,0.0,-5.365976015021851,0.0,0.6315334933296208,0.0,-1.6146964696875674,0.0,-2.472268853122581,0.0,0.5229180763743297,0.0,0.9697898101893614,0.0,0.5345614057435188,0.0,-0.9015284837913367,0.0,3.447171793937147,0.0,-4.771071958643065,0.0,10.629005113126524,0.0,0.0,0.0
2025-07-08 06:00:00,6.684611727667927,0.0,-1.6094379124341003,0.0,-5.365976015021851,0.0,0.6315334933296208,0.0,-1.6146964696875674,0.0,-2.472268853122581,0.0,0.5229180763743297,0.0,0.9697898101893614,0.0,0.5345614057435188,0.0,-0.9015284837913367,0.0,3.447171793937147,0.0,-4.771071958643065,0.0,10.629005113126524,0.0
2025-07-08 07:00:00,-6.684611727667927,0.0,6.684611727667927,0.0,-1.6094379124341003,0.0,-5.365976015021851,0.0,0.6315334933296208,0.0,-1.6146964696875674,0.0,-2.472268853122581,0.0,0.5229180763743297,0.0,0.9697898101893614,0.0,0.5345614057435188,0.0,-0.9015284837913367,0.0,3.447171793937147,0.0,-4.771071958643065,0.0
2025-07-08 08:00:00,0.0,0.0,-6.684611727667927,0.0,6.684611727667927,0.0,-1.6094379124341003,0.0,-5.365976015021851,0.0,0.6315334933296208,0.0,-1.6146964696875674,0.0,-2.472268853122581,0.0,0.5229180763743297,0.0,0.9697898101893614,0.0,0.5345614057435188,0.0,-0.9015284837913367,0.0,3.447171793937147,0.0
2025-07-08 09:00:00,0.0,0.0,0.0,0.0,-6.684611727667927,0.0,6.684611727667927,0.0,-1.6094379124341003,0.0,-5.365976015021851,0.0,0.6315334933296208,0.0,-1.6146964696875674,0.0,-2.472268853122581,0.0,0.5229180763743297,0.0,0.9697898101893614,0.0,0.5345614057435188,0.0,-0.9015284837913367,0.0
2025-07-08 10:00:00,0.0,0.0,0.0,0.0,0.0,0.0,-6.684611727667927,0.0,6.684611727667927,0.0,-1.6094379124341003,0.0,-5.365976015021851,0.0,0.6315334933296208,0.0,-1.6146964696875674,0.0,-2.472268853122581,0.0,0.5229180763743297,0.0,0.9697898101893614,0.0,0.5345614057435188,0.0
2025-07-08 11:00:00,0.0,0.0,0.0,0.0,0.0,0.0,0.0,0.0,-6.684611727667927,0.0,6.684611727667927,0.0,-1.6094379124341003,0.0,-5.365976015021851,0.0,0.6315334933296208,0.0,-1.6146964696875674,0.0,-2.472268853122581,0.0,0.5229180763743297,0.0,0.9697898101893614,0.0
2025-07-08 12:00:00,0.0,0.0,0.0,0.0,0.0,0.0,0.0,0.0,0.0,0.0,-6.684611727667927,0.0,6.684611727667927,0.0,-1.6094379124341003,0.0,-5.365976015021851,0.0,0.6315334933296208,0.0,-1.6146964696875674,0.0,-2.472268853122581,0.0,0.5229180763743297,0.0
2025-07-08 13:00:00,7.56734567601324,0.0,0.0,0.0,0.0,0.0,0.0,0.0,0.0,0.0,0.0,0.0,-6.684611727667927,0.0,6.684611727667927,0.0,-1.6094379124341003,0.0,-5.365976015021851,0.0,0.6315334933296208,0.0,-1.6146964696875674,0.0,-2.472268853122581,0.0
2025-07-08 14:00:00,2.0900495038302704,0.0,7.56734567601324,0.0,0.0,0.0,0.0,0.0,0.0,0.0,0.0,0.0,0.0,0.0,-6.684611727667927,0.0,6.684611727667927,0.0,-1.6094379124341003,0.0,-5.365976015021851,0.0,0.6315334933296208,0.0,-1.6146964696875674,0.0
2025-07-08 15:00:00,-0.6930832317189957,0.0,2.0900495038302704,0.0,7.56734567601324,0.0,0.0,0.0,0.0,0.0,0.0,0.0,0.0,0.0,0.0,0.0,-6.684611727667927,0.0,6.684611727667927,0.0,-1.6094379124341003,0.0,-5.365976015021851,0.0,0.6315334933296208,0.0
2025-07-08 16:00:00,0.30467461928440187,0.0,-0.6930832317189957,0.0,2.0900495038302704,0.0,7.56734567601324,0.0,0.0,0.0,0.0,0.0,0.0,0.0,0.0,0.0,0.0,0.0,-6.684611727667927,0.0,6.684611727667927,0.0,-1.6094379124341003,0.0,-5.365976015021851,0.0
2025-07-08 17:00:00,-2.845739603875397,0.0,0.30467461928440187,0.0,-0.6930832317189957,0.0,2.0900495038302704,0.0,7.56734567601324,0.0,0.0,0.0,0.0,0.0,0.0,0.0,0.0,0.0,0.0,0.0,-6.684611727667927,0.0,6.684611727667927,0.0,-1.6094379124341003,0.0
2025-07-08 18:00:00,3.3871379707402847,0.0,-2.845739603875397,0.0,0.30467461928440187,0.0,-0.6930832317189957,0.0,2.0900495038302704,0.0,7.56734567601324,0.0,0.0,0.0,0.0,0.0,0.0,0.0,0.0,0.0,0.0,0.0,-6.684611727667927,0.0,6.684611727667927,0.0
2025-07-08 19:00:00,-7.245435576812268,0.0,3.3871379707402847,0.0,-2.845739603875397,0.0,0.30467461928440187,0.0,-0.6930832317189957,0.0,2.0900495038302704,0.0,7.56734567601324,0.0,0.0,0.0,0.0,0.0,0.0,0.0,0.0,0.0,0.0,0.0,-6.684611727667927,0.0
2025-07-08 20:00:00,5.634789603169249,0.0,-7.245435576812268,0.0,3.3871379707402847,0.0,-2.845739603875397,0.0,0.30467461928440187,0.0,-0.6930832317189957,0.0,2.0900495038302704,0.0,7.56734567601324,0.0,0.0,0.0,0.0,0.0,0.0,0.0,0.0,0.0,0.0,0.0
2025-07-08 21:00:00,-3.2368943303708786,0.0,5.634789603169249,0.0,-7.245435576812268,0.0,3.3871379707402847,0.0,-2.845739603875397,0.0,0.30467461928440187,0.0,-0.6930832317189957,0.0,2.0900495038302704,0.0,7.56734567601324,0.0,0.0,0.0,0.0,0.0,0.0,0.0,0.0,0.0
2025-07-08 22:00:00,6.576518265682809,0.0,-3.2368943303708786,0.0,5.634789603169249,0.0,-7.245435576812268,0.0,3.3871379707402847,0.0,-2.845739603875397,0.0,0.30467461928440187,0.0,-0.6930832317189957,0.0,2.0900495038302704,0.0,7.56734567601324,0.0,0.0,0.0,0.0,0.0,0.0,0.0
2025-07-08 23:00:00,-0.5727175357228802,0.0,6.576518265682809,0.0,-3.2368943303708786,0.0,5.634789603169249,0.0,-7.245435576812268,0.0,3.3871379707402847,0.0,-2.845739603875397,0.0,0.30467461928440187,0.0,-0.6930832317189957,0.0,2.0900495038302704,0.0,7.56734567601324,0.0,0.0,0.0,0.0,0.0
2025-07-09 00:00:00,-10.966645360219836,0.0,-0.5727175357228802,0.0,6.576518265682809,0.0,-3.2368943303708786,0.0,5.634789603169249,0.0,-7.245435576812268,0.0,3.3871379707402847,0.0,-2.845739603875397,0.0,0.30467461928440187,0.0,-0.6930832317189957,0.0,2.0900495038302704,0.0,7.56734567601324,0.0,0.0,0.0
2025-07-09 01:00:00,8.0519780789023,0.0,-10.966645360219836,0.0,-0.5727175357228802,0.0,6.576518265682809,0.0,-3.2368943303708786,0.0,5.634789603169249,0.0,-7.245435576812268,0.0,3.3871379707402847,0.0,-2.845739603875397,0.0,0.30467461928440187,0.0,-0.6930832317189957,0.0,2.0900495038302704,0.0,7.56734567601324,0.0
2025-07-09 02:00:00,2.8140156293049454,0.0,8.0519780789023,0.0,-10.966645360219836,0.0,-0.5727175357228802,0.0,6.576518265682809,0.0,-3.2368943303708786,0.0,5.634789603169249,0.0,-7.245435576812268,0.0,3.3871379707402847,0.0,-2.845739603875397,0.0,0.30467461928440187,0.0,-0.6930832317189957,0.0,2.0900495038302704,0.0
2025-07-09 03:00:00,-3.6882112920120482,0.0,2.8140156293049454,0.0,8.0519780789023,0.0,-10.966645360219836,0.0,-0.5727175357228802,0.0,6.576518265682809,0.0,-3.2368943303708786,0.0,5.634789603169249,0.0,-7.245435576812268,0.0,3.3871379707402847,0.0,-2.845739603875397,0.0,0.30467461928440187,0.0,-0.6930832317189957,0.0
2025-07-09 04:00:00,-1.2944600277069185,0.0,-3.6882112920120482,0.0,2.8140156293049454,0.0,8.0519780789023,0.0,-10.966645360219836,0.0,-0.5727175357228802,0.0,6.576518265682809,0.0,-3.2368943303708786,0.0,5.634789603169249,0.0,-7.245435576812268,0.0,3.3871379707402847,0.0,-2.845739603875397,0.0,0.30467461928440187,0.0
2025-07-09 05:00:00,-0.978047610049849,0.0,-1.2944600277069185,0.0,-3.6882112920120482,0.0,2.8140156293049454,0.0,8.0519780789023,0.0,-10.966645360219836,0.0,-0.5727175357228802,0.0,6.576518265682809,0.0,-3.2368943303708786,0.0,5.634789603169249,0.0,-7.245435576812268,0.0,3.3871379707402847,0.0,-2.845739603875397,0.0
2025-07-09 06:00:00,-4.90527477843843,0.0,-0.978047610049849,0.0,-1.2944600277069185,0.0,-3.6882112920120482,0.0,2.8140156293049454,0.0,8.0519780789023,0.0,-10.966645360219836,0.0,-0.5727175357228802,0.0,6.576518265682809,0.0,-3.2368943303708786,0.0,5.634789603169249,0.0,-7.245435576812268,0.0,3.3871379707402847,0.0
2025-07-09 07:00:00,9.077608659522225,0.0,-4.90527477843843,0.0,-0.978047610049849,0.0,-1.2944600277069185,0.0,-3.6882112920120482,0.0,2.8140156293049454,0.0,8.0519780789023,0.0,-10.966645360219836,0.0,-0.5727175357228802,0.0,6.576518265682809,0.0,-3.2368943303708786,0.0,5.634789603169249,0.0,-7.245435576812268,0.0
2025-07-09 08:00:00,-9.077608659522225,0.0,9.077608659522225,0.0,-4.90527477843843,0.0,-0.978047610049849,0.0,-1.2944600277069185,0.0,-3.6882112920120482,0.0,2.8140156293049454,0.0,8.0519780789023,0.0,-10.966645360219836,0.0,-0.5727175357228802,0.0,6.576518265682809,0.0,-3.2368943303708786,0.0,5.634789603169249,0.0
2025-07-09 09:00:00,0.0,0.0,-9.077608659522225,0.0,9.077608659522225,0.0,-4.90527477843843,0.0,-0.978047610049849,0.0,-1.2944600277069185,0.0,-3.6882112920120482,0.0,2.8140156293049454,0.0,8.0519780789023,0.0,-10.966645360219836,0.0,-0.5727175357228802,0.0,6.576518265682809,0.0,-3.2368943303708786,0.0
2025-07-09 10:00:00,0.0,0.0,0.0,0.0,-9.077608659522225,0.0,9.077608659522225,0.0,-4.90527477843843,0.0,-0.978047610049849,0.0,-1.2944600277069185,0.0,-3.6882112920120482,0.0,2.8140156293049454,0.0,8.0519780789023,0.0,-10.966645360219836,0.0,-0.5727175357228802,0.0,6.576518265682809,0.0
2025-07-09 11:00:00,0.0,0.0,0.0,0.0,0.0,0.0,-9.077608659522225,0.0,9.077608659522225,0.0,-4.90527477843843,0.0,-0.978047610049849,0.0,-1.2944600277069185,0.0,-3.6882112920120482,0.0,2.8140156293049454,0.0,8.0519780789023,0.0,-10.966645360219836,0.0,-0.5727175357228802,0.0
2025-07-09 12:00:00,0.0,0.0,0.0,0.0,0.0,0.0,0.0,0.0,-9.077608659522225,0.0,9.077608659522225,0.0,-4.90527477843843,0.0,-0.978047610049849,0.0,-1.2944600277069185,0.0,-3.6882112920120482,0.0,2.8140156293049454,0.0,8.0519780789023,0.0,-10.966645360219836,0.0
2025-07-09 13:00:00,8.069342366811636,0.0,0.0,0.0,0.0,0.0,0.0,0.0,0.0,0.0,-9.077608659522225,0.0,9.077608659522225,0.0,-4.90527477843843,0.0,-0.978047610049849,0.0,-1.2944600277069185,0.0,-3.6882112920120482,0.0,2.8140156293049454,0.0,8.0519780789023,0.0
2025-07-09 14:00:00,-2.029087655534222,0.0,8.069342366811636,0.0,0.0,0.0,0.0,0.0,0.0,0.0,0.0,0.0,-9.077608659522225,0.0,9.077608659522225,0.0,-4.90527477843843,0.0,-0.978047610049849,0.0,-1.2944600277069185,0.0,-3.6882112920120482,0.0,2.8140156293049454,0.0
2025-07-09 15:00:00,1.8559258973380777,0.0,-2.029087655534222,0.0,8.069342366811636,0.0,0.0,0.0,0.0,0.0,0.0,0.0,0.0,0.0,-9.077608659522225,0.0,9.077608659522225,0.0,-4.90527477843843,0.0,-0.978047610049849,0.0,-1.2944600277069185,0.0,-3.6882112920120482,0.0
2025-07-09 16:00:00,1.1656597550422472,0.0,1.8559258973380777,0.0,-2.029087655534222,0.0,8.069342366811636,0.0,0.0,0.0,0.0,0.0,0.0,0.0,0.0,0.0,-9.077608659522225,0.0,9.077608659522225,0.0,-4.90527477843843,0.0,-0.978047610049849,0.0,-1.2944600277069185,0.0
2025-07-09 17:00:00,-1.8948024867455189,0.0,1.1656597550422472,0.0,1.8559258973380777,0.0,-2.029087655534222,0.0,8.069342366811636,0.0,0.0,0.0,0.0,0.0,0.0,0.0,0.0,0.0,-9.077608659522225,0.0,9.077608659522225,0.0,-4.90527477843843,0.0,-0.978047610049849,0.0
2025-07-09 18:00:00,2.235409352592715,0.0,-1.8948024867455189,0.0,1.1656597550422472,0.0,1.8559258973380777,0.0,-2.029087655534222,0.0,8.069342366811636,0.0,0.0,0.0,0.0,0.0,0.0,0.0,0.0,0.0,-9.077608659522225,0.0,9.077608659522225,0.0,-4.90527477843843,0.0
2025-07-09 19:00:00,-0.7528232509082073,0.0,2.235409352592715,0.0,-1.8948024867455189,0.0,1.1656597550422472,0.0,1.8559258973380777,0.0,-2.029087655534222,0.0,8.069342366811636,0.0,0.0,0.0,0.0,0.0,0.0,0.0,0.0,0.0,-9.077608659522225,0.0,9.077608659522225,0.0
2025-07-09 20:00:00,1.0633082122183417,0.0,-0.7528232509082073,0.0,2.235409352592715,0.0,-1.8948024867455189,0.0,1.1656597550422472,0.0,1.8559258973380777,0.0,-2.029087655534222,0.0,8.069342366811636,0.0,0.0,0.0,0.0,0.0,0.0,0.0,0.0,0.0,-9.077608659522225,0.0
2025-07-09 21:00:00,-2.7171660345102184,0.0,1.0633082122183417,0.0,-0.7528232509082073,0.0,2.235409352592715,0.0,-1.8948024867455189,0.0,1.1656597550422472,0.0,1.8559258973380777,0.0,-2.029087655534222,0.0,8.069342366811636,0.0,0.0,0.0,0.0,0.0,0.0,0.0,0.0,0.0
2025-07-09 22:00:00,-1.3899640900088528,0.0,-2.7171660345102184,0.0,1.0633082122183417,0.0,-0.7528232509082073,0.0,2.235409352592715,0.0,-1.8948024867455189,0.0,1.1656597550422472,0.0,1.8559258973380777,0.0,-2.029087655534222,0.0,8.069342366811636,0.0,0.0,0.0,0.0,0.0,0.0,0.0
2025-07-09 23:00:00,0.8696306504080926,0.0,-1.3899640900088528,0.0,-2.7171660345102184,0.0,1.0633082122183417,0.0,-0.7528232509082073,0.0,2.235409352592715,0.0,-1.8948024867455189,0.0,1.1656597550422472,0.0,1.8559258973380777,0.0,-2.029087655534222,0.0,8.069342366811636,0.0,0.0,0.0,0.0,0.0
2025-07-10 00:00:00,-0.6672902267236465,0.0,0.8696306504080926,0.0,-1.3899640900088528,0.0,-2.7171660345102184,0.0,1.0633082122183417,0.0,-0.7528232509082073,0.0,2.235409352592715,0.0,-1.8948024867455189,0.0,1.1656597550422472,0.0,1.8559258973380777,0.0,-2.029087655534222,0.0,8.069342366811636,0.0,0.0,0.0
2025-07-10 01:00:00,4.85724841992594,0.0,-0.6672902267236465,0.0,0.8696306504080926,0.0,-1.3899640900088528,0.0,-2.7171660345102184,0.0,1.0633082122183417,0.0,-0.7528232509082073,0.0,2.235409352592715,0.0,-1.8948024867455189,0.0,1.1656597550422472,0.0,1.8559258973380777,0.0,-2.029087655534222,0.0,8.069342366811636,0.0
2025-07-10 02:00:00,-4.545093490955433,0.0,4.85724841992594,0.0,-0.6672902267236465,0.0,0.8696306504080926,0.0,-1.3899640900088528,0.0,-2.7171660345102184,0.0,1.0633082122183417,0.0,-0.7528232509082073,0.0,2.235409352592715,0.0,-1.8948024867455189,0.0,1.1656597550422472,0.0,1.8559258973380777,0.0,-2.029087655534222,0.0
2025-07-10 03:00:00,1.1672632213587733,0.0,-4.545093490955433,0.0,4.85724841992594,0.0,-0.6672902267236465,0.0,0.8696306504080926,0.0,-1.3899640900088528,0.0,-2.7171660345102184,0.0,1.0633082122183417,0.0,-0.7528232509082073,0.0,2.235409352592715,0.0,-1.8948024867455189,0.0,1.1656597550422472,0.0,1.8559258973380777,0.0
2025-07-10 04:00:00,-3.128677556950052,0.0,1.1672632213587733,0.0,-4.545093490955433,0.0,4.85724841992594,0.0,-0.6672902267236465,0.0,0.8696306504080926,0.0,-1.3899640900088528,0.0,-2.7171660345102184,0.0,1.0633082122183417,0.0,-0.7528232509082073,0.0,2.235409352592715,0.0,-1.8948024867455189,0.0,1.1656597550422472,0.0
2025-07-10 05:00:00,-4.1588830833596715,0.0,-3.128677556950052,0.0,1.1672632213587733,0.0,-4.545093490955433,0.0,4.85724841992594,0.0,-0.6672902267236465,0.0,0.8696306504080926,0.0,-1.3899640900088528,0.0,-2.7171660345102184,0.0,1.0633082122183417,0.0,-0.7528232509082073,0.0,2.235409352592715,0.0,-1.8948024867455189,0.0
2025-07-10 06:00:00,6.90875477931522,0.0,-4.1588830833596715,0.0,-3.128677556950052,0.0,1.1672632213587733,0.0,-4.545093490955433,0.0,4.85724841992594,0.0,-0.6672902267236465,0.0,0.8696306504080926,0.0,-1.3899640900088528,0.0,-2.7171660345102184,0.0,1.0633082122183417,0.0,-0.7528232509082073,0.0,2.235409352592715,0.0
2025-07-10 07:00:00,1.4388356277148375,0.0,6.90875477931522,0.0,-4.1588830833596715,0.0,-3.128677556950052,0.0,1.1672632213587733,0.0,-4.545093490955433,0.0,4.85724841992594,0.0,-0.6672902267236465,0.0,0.8696306504080926,0.0,-1.3899640900088528,0.0,-2.7171660345102184,0.0,1.0633082122183417,0.0,-0.7528232509082073,0.0
2025-07-10 08:00:00,-8.347590407030058,0.0,1.4388356277148375,0.0,6.90875477931522,0.0,-4.1588830833596715,0.0,-3.128677556950052,0.0,1.1672632213587733,0.0,-4.545093490955433,0.0,4.85724841992594,0.0,-0.6672902267236465,0.0,0.8696306504080926,0.0,-1.3899640900088528,0.0,-2.7171660345102184,0.0,1.0633082122183417,0.0
2025-07-10 09:00:00,0.0,0.0,-8.347590407030058,0.0,1.4388356277148375,0.0,6.90875477931522,0.0,-4.1588830833596715,0.0,-3.128677556950052,0.0,1.1672632213587733,0.0,-4.545093490955433,0.0,4.85724841992594,0.0,-0.6672902267236465,0.0,0.8696306504080926,0.0,-1.3899640900088528,0.0,-2.7171660345102184,0.0
2025-07-10 10:00:00,0.0,0.0,0.0,0.0,-8.347590407030058,0.0,1.4388356277148375,0.0,6.90875477931522,0.0,-4.1588830833596715,0.0,-3.128677556950052,0.0,1.1672632213587733,0.0,-4.545093490955433,0.0,4.85724841992594,0.0,-0.6672902267236465,0.0,0.8696306504080926,0.0,-1.3899640900088528,0.0
2025-07-10 11:00:00,0.0,0.0,0.0,0.0,0.0,0.0,-8.347590407030058,0.0,1.4388356277148375,0.0,6.90875477931522,0.0,-4.1588830833596715,0.0,-3.128677556950052,0.0,1.1672632213587733,0.0,-4.545093490955433,0.0,4.85724841992594,0.0,-0.6672902267236465,0.0,0.8696306504080926,0.0
2025-07-10 12:00:00,0.0,0.0,0.0,0.0,0.0,0.0,0.0,0.0,-8.347590407030058,0.0,1.4388356277148375,0.0,6.90875477931522,0.0,-4.1588830833596715,0.0,-3.128677556950052,0.0,1.1672632213587733,0.0,-4.545093490955433,0.0,4.85724841992594,0.0,-0.6672902267236465,0.0
2025-07-10 13:00:00,3.044522437723423,0.0,0.0,0.0,0.0,0.0,0.0,0.0,0.0,0.0,-8.347590407030058,0.0,1.4388356277148375,0.0,6.90875477931522,0.0,-4.1588830833596715,0.0,-3.128677556950052,0.0,1.1672632213587733,0.0,-4.545093490955433,0.0,4.85724841992594,0.0
2025-07-10 14:00:00,4.2430382025863,0.0,3.044522437723423,0.0,0.0,0.0,0.0,0.0,0.0,0.0,0.0,0.0,-8.347590407030058,0.0,1.4388356277148375,0.0,6.90875477931522,0.0,-4.1588830833596715,0.0,-3.128677556950052,0.0,1.1672632213587733,0.0,-4.545093490955433,0.0
2025-07-10 15:00:00,-7.2875606403097235,0.0,4.2430382025863,0.0,3.044522437723423,0.0,0.0,0.0,0.0,0.0,0.0,0.0,0.0,0.0,-8.347590407030058,0.0,1.4388356277148375,0.0,6.90875477931522,0.0,-4.1588830833596715,0.0,-3.128677556950052,0.0,1.1672632213587733,0.0
2025-07-10 16:00:00,7.596894438144544,0.0,-7.2875606403097235,0.0,4.2430382025863,0.0,3.044522437723423,0.0,0.0,0.0,0.0,0.0,0.0,0.0,0.0,0.0,-8.347590407030058,0.0,1.4388356277148375,0.0,6.90875477931522,0.0,-4.1588830833596715,0.0,-3.128677556950052,0.0
2025-07-10 17:00:00,-3.9333327920148973,0.0,7.596894438144544,0.0,-7.2875606403097235,0.0,4.2430382025863,0.0,3.044522437723423,0.0,0.0,0.0,0.0,0.0,0.0,0.0,0.0,0.0,-8.347590407030058,0.0,1.4388356277148375,0.0,6.90875477931522,0.0,-4.1588830833596715,0.0
2025-07-10 18:00:00,5.600888051493569,0.0,-3.9333327920148973,0.0,7.596894438144544,0.0,-7.2875606403097235,0.0,4.2430382025863,0.0,3.044522437723423,0.0,0.0,0.0,0.0,0.0,0.0,0.0,0.0,0.0,-8.347590407030058,0.0,1.4388356277148375,0.0,6.90875477931522,0.0
2025-07-10 19:00:00,-2.703419031726642,0.0,5.600888051493569,0.0,-3.9333327920148973,0.0,7.596894438144544,0.0,-7.2875606403097235,0.0,4.2430382025863,0.0,3.044522437723423,0.0,0.0,0.0,0.0,0.0,0.0,0.0,0.0,0.0,-8.347590407030058,0.0,1.4388356277148375,0.0
2025-07-10 20:00:00,2.083851886660553,0.0,-2.703419031726642,0.0,5.600888051493569,0.0,-3.9333327920148973,0.0,7.596894438144544,0.0,-7.2875606403097235,0.0,4.2430382025863,0.0,3.044522437723423,0.0,0.0,0.0,0.0,0.0,0.0,0.0,0.0,0.0,-8.347590407030058,0.0
2025-07-10 21:00:00,-0.7682440915816633,0.0,2.083851886660553,0.0,-2.703419031726642,0.0,5.600888051493569,0.0,-3.9333327920148973,0.0,7.596894438144544,0.0,-7.2875606403097235,0.0,4.2430382025863,0.0,3.044522437723423,0.0,0.0,0.0,0.0,0.0,0.0,0.0,0.0,0.0
2025-07-10 22:00:00,-2.752674481572204,0.0,-0.7682440915816633,0.0,2.083851886660553,0.0,-2.703419031726642,0.0,5.600888051493569,0.0,-3.9333327920148973,0.0,7.596894438144544,0.0,-7.2875606403097235,0.0,4.2430382025863,0.0,3.044522437723423,0.0,0.0,0.0,0.0,0.0,0.0,0.0
2025-07-10 23:00:00,1.8278081849956527,0.0,-2.752674481572204,0.0,-0.7682440915816633,0.0,2.083851886660553,0.0,-2.703419031726642,0.0,5.600888051493569,0.0,-3.9333327920148973,0.0,7.596894438144544,0.0,-7.2875606403097235,0.0,4.2430382025863,0.0,3.044522437723423,0.0,0.0,0.0,0.0,0.0
2025-07-11 00:00:00,-0.2159921501565849,0.0,1.8278081849956527,0.0,-2.752674481572204,0.0,-0.7682440915816633,0.0,2.083851886660553,0.0,-2.703419031726642,0.0,5.600888051493569,0.0,-3.9333327920148973,0.0,7.596894438144544,0.0,-7.2875606403097235,0.0,4.2430382025863,0.0,3.044522437723423,0.0,0.0,0.0
2025-07-11 01:00:00,-1.388672483524858,0.0,-0.2159921501565849,0.0,1.8278081849956527,0.0,-2.752674481572204,0.0,-0.7682440915816633,0.0,2.083851886660553,0.0,-2.703419031726642,0.0,5.600888051493569,0.0,-3.9333327920148973,0.0,7.596894438144544,0.0,-7.2875606403097235,0.0,4.2430382025863,0.0,3.044522437723423,0.0
2025-07-11 02:00:00,-0.7319870138762088,0.0,-1.388672483524858,0.0,-0.2159921501565849,0.0,1.8278081849956527,0.0,-2.752674481572204,0.0,-0.7682440915816633,0.0,2.083851886660553,0.0,-2.703419031726642,0.0,5.600888051493569,0.0,-3.9333327920148973,0.0,7.596894438144544,0.0,-7.2875606403097235,0.0,4.2430382025863,0.0
2025-07-11 03:00:00,4.4899704444158255,0.0,-0.7319870138762088,0.0,-1.388672483524858,0.0,-0.2159921501565849,0.0,1.8278081849956527,0.0,-2.752674481572204,0.0,-0.7682440915816633,0.0,2.083851886660553,0.0,-2.703419031726642,0.0,5.600888051493569,0.0,-3.9333327920148973,0.0,7.596894438144544,0.0,-7.2875606403097235,0.0
2025-07-11 04:00:00,-9.105090961257085,0.0,4.4899704444158255,0.0,-0.7319870138762088,0.0,-1.388672483524858,0.0,-0.2159921501565849,0.0,1.8278081849956527,0.0,-2.752674481572204,0.0,-0.7682440915816633,0.0,2.083851886660553,0.0,-2.703419031726642,0.0,5.600888051493569,0.0,-3.9333327920148973,0.0,7.596894438144544,0.0
2025-07-11 05:00:00,0.0,0.0,-9.105090961257085,0.0,4.4899704444158255,0.0,-0.7319870138762088,0.0,-1.388672483524858,0.0,-0.2159921501565849,0.0,1.8278081849956527,0.0,-2.752674481572204,0.0,-0.7682440915816633,0.0,2.083851886660553,0.0,-2.703419031726642,0.0,5.600888051493569,0.0,-3.9333327920148973,0.0
2025-07-11 06:00:00,0.0,0.0,0.0,0.0,-9.105090961257085,0.0,4.4899704444158255,0.0,-0.7319870138762088,0.0,-1.388672483524858,0.0,-0.2159921501565849,0.0,1.8278081849956527,0.0,-2.752674481572204,0.0,-0.7682440915816633,0.0,2.083851886660553,0.0,-2.703419031726642,0.0,5.600888051493569,0.0
2025-07-11 07:00:00,0.0,0.0,0.0,0.0,0.0,0.0,-9.105090961257085,0.0,4.4899704444158255,0.0,-0.7319870138762088,0.0,-1.388672483524858,0.0,-0.2159921501565849,0.0,1.8278081849956527,0.0,-2.752674481572204,0.0,-0.7682440915816633,0.0,2.083851886660553,0.0,-2.703419031726642,0.0
2025-07-11 08:00:00,0.0,0.0,0.0,0.0,0.0,0.0,0.0,0.0,-9.105090961257085,0.0,4.4899704444158255,0.0,-0.7319870138762088,0.0,-1.388672483524858,0.0,-0.2159921501565849,0.0,1.8278081849956527,0.0,-2.752674481572204,0.0,-0.7682440915816633,0.0,2.083851886660553,0.0
2025-07-11 09:00:00,0.0,0.0,0.0,0.0,0.0,0.0,0.0,0.0,0.0,0.0,-9.105090961257085,0.0,4.4899704444158255,0.0,-0.7319870138762088,0.0,-1.388672483524858,0.0,-0.2159921501565849,0.0,1.8278081849956527,0.0,-2.752674481572204,0.0,-0.7682440915816633,0.0
2025-07-11 10:00:00,0.0,0.0,0.0,0.0,0.0,0.0,0.0,0.0,0.0,0.0,0.0,0.0,-9.105090961257085,0.0,4.4899704444158255,0.0,-0.7319870138762088,0.0,-1.388672483524858,0.0,-0.2159921501565849,0.0,1.8278081849956527,0.0,-2.752674481572204,0.0
2025-07-11 11:00:00,0.0,0.0,0.0,0.0,0.0,0.0,0.0,0.0,0.0,0.0,0.0,0.0,0.0,0.0,-9.105090961257085,0.0,4.4899704444158255,0.0,-0.7319870138762088,0.0,-1.388672483524858,0.0,-0.2159921501565849,0.0,1.8278081849956527,0.0
2025-07-11 12:00:00,0.0,0.0,0.0,0.0,0.0,0.0,0.0,0.0,0.0,0.0,0.0,0.0,0.0,0.0,0.0,0.0,-9.105090961257085,0.0,4.4899704444158255,0.0,-0.7319870138762088,0.0,-1.388672483524858,0.0,-0.2159921501565849,0.0
2025-07-11 13:00:00,5.697093486505405,0.0,0.0,0.0,0.0,0.0,0.0,0.0,0.0,0.0,0.0,0.0,0.0,0.0,0.0,0.0,0.0,0.0,-9.105090961257085,0.0,4.4899704444158255,0.0,-0.7319870138762088,0.0,-1.388672483524858,0.0
2025-07-11 14:00:00,0.6796334613932222,0.0,5.697093486505405,0.0,0.0,0.0,0.0,0.0,0.0,0.0,0.0,0.0,0.0,0.0,0.0,0.0,0.0,0.0,0.0,0.0,-9.105090961257085,0.0,4.4899704444158255,0.0,-0.7319870138762088,0.0
2025-07-11 15:00:00,-0.6662999305237571,0.0,0.6796334613932222,0.0,5.697093486505405,0.0,0.0,0.0,0.0,0.0,0.0,0.0,0.0,0.0,0.0,0.0,0.0,0.0,0.0,0.0,0.0,0.0,-9.105090961257085,0.0,4.4899704444158255,0.0
2025-07-11 16:00:00,3.660670733479427,0.0,-0.6662999305237571,0.0,0.6796334613932222,0.0,5.697093486505405,0.0,0.0,0.0,0.0,0.0,0.0,0.0,0.0,0.0,0.0,0.0,0.0,0.0,0.0,0.0,0.0,0.0,-9.105090961257085,0.0
2025-07-11 17:00:00,-3.2077829468196555,0.0,3.660670733479427,0.0,-0.6662999305237571,0.0,0.6796334613932222,0.0,5.697093486505405,0.0,0.0,0.0,0.0,0.0,0.0,0.0,0.0,0.0,0.0,0.0,0.0,0.0,0.0,0.0,0.0,0.0
2025-07-11 18:00:00,-3.7654195312362706,0.0,-3.2077829468196555,0.0,3.660670733479427,0.0,-0.6662999305237571,0.0,0.6796334613932222,0.0,5.697093486505405,0.0,0.0,0.0,0.0,0.0,0.0,0.0,0.0,0.0,0.0,0.0,0.0,0.0,0.0,0.0
2025-07-11 19:00:00,5.923526314099508,0.0,-3.7654195312362706,0.0,-3.2077829468196555,0.0,3.660670733479427,0.0,-0.6662999305237571,0.0,0.6796334613932222,0.0,5.697093486505405,0.0,0.0,0.0,0.0,0.0,0.0,0.0,0.0,0.0,0.0,0.0,0.0,0.0
2025-07-11 20:00:00,-2.0968631576225185,0.0,5.923526314099508,0.0,-3.7654195312362706,0.0,-3.2077829468196555,0.0,3.660670733479427,0.0,-0.6662999305237571,0.0,0.6796334613932222,0.0,5.697093486505405,0.0,0.0,0.0,0.0,0.0,0.0,0.0,0.0,0.0,0.0,0.0
2025-07-11 21:00:00,-6.22455842927536,0.0,-2.0968631576225185,0.0,5.923526314099508,0.0,-3.7654195312362706,0.0,-3.2077829468196555,0.0,3.660670733479427,0.0,-0.6662999305237571,0.0,0.6796334613932222,0.0,5.697093486505405,0.0,0.0,0.0,0.0,0.0,0.0,0.0,0.0,0.0
2025-07-11 22:00:00,7.2456550675945355,0.0,-6.22455842927536,0.0,-2.0968631576225185,0.0,5.923526314099508,0.0,-3.7654195312362706,0.0,-3.2077829468196555,0.0,3.660670733479427,0.0,-0.6662999305237571,0.0,0.6796334613932222,0.0,5.697093486505405,0.0,0.0,0.0,0.0,0.0,0.0,0.0
2025-07-11 23:00:00,-4.154612614236219,0.0,7.2456550675945355,0.0,-6.22455842927536,0.0,-2.0968631576225185,0.0,5.923526314099508,0.0,-3.7654195312362706,0.0,-3.2077829468196555,0.0,3.660670733479427,0.0,-0.6662999305237571,0.0,0.6796334613932222,0.0,5.697093486505405,0.0,0.0,0.0,0.0,0.0
2025-07-12 00:00:00,-1.299282984130261,0.0,-4.154612614236219,0.0,7.2456550675945355,0.0,-6.22455842927536,0.0,-2.0968631576225185,0.0,5.923526314099508,0.0,-3.7654195312362706,0.0,-3.2077829468196555,0.0,3.660670733479427,0.0,-0.6662999305237571,0.0,0.6796334613932222,0.0,5.697093486505405,0.0,0.0,0.0
2025-07-12 01:00:00,3.5015453554964373,0.0,-1.299282984130261,0.0,-4.154612614236219,0.0,7.2456550675945355,0.0,-6.22455842927536,0.0,-2.0968631576225185,0.0,5.923526314099508,0.0,-3.7654195312362706,0.0,-3.2077829468196555,0.0,3.660670733479427,0.0,-0.6662999305237571,0.0,0.6796334613932222,0.0,5.697093486505405,0.0
2025-07-12 02:00:00,-0.42577037426891007,0.0,3.5015453554964373,0.0,-1.299282984130261,0.0,-4.154612614236219,0.0,7.2456550675945355,0.0,-6.22455842927536,0.0,-2.0968631576225185,0.0,5.923526314099508,0.0,-3.7654195312362706,0.0,-3.2077829468196555,0.0,3.660670733479427,0.0,-0.6662999305237571,0.0,0.6796334613932222,0.0
2025-07-12 03:00:00,-0.7899970065498625,0.0,-0.42577037426891007,0.0,3.5015453554964373,0.0,-1.299282984130261,0.0,-4.154612614236219,0.0,7.2456550675945355,0.0,-6.22455842927536,0.0,-2.0968631576225185,0.0,5.923526314099508,0.0,-3.7654195312362706,0.0,-3.2077829468196555,0.0,3.660670733479427,0.0,-0.6662999305237571,0.0
2025-07-12 04:00:00,-4.07753744390572,0.0,-0.7899970065498625,0.0,-0.42577037426891007,0.0,3.5015453554964373,0.0,-1.299282984130261,0.0,-4.154612614236219,0.0,7.2456550675945355,0.0,-6.22455842927536,0.0,-2.0968631576225185,0.0,5.923526314099508,0.0,-3.7654195312362706,0.0,-3.2077829468196555,0.0,3.660670733479427,0.0
2025-07-12 05:00:00,0.0,0.0,-4.07753744390572,0.0,-0.7899970065498625,0.0,-0.42577037426891007,0.0,3.5015453554964373,0.0,-1.299282984130261,0.0,-4.154612614236219,0.0,7.2456550675945355,0.0,-6.22455842927536,0.0,-2.0968631576225185,0.0,5.923526314099508,0.0,-3.7654195312362706,0.0,-3.2077829468196555,0.0
2025-07-12 06:00:00,4.543294782270004,0.0,0.0,0.0,-4.07753744390572,0.0,-0.7899970065498625,0.0,-0.42577037426891007,0.0,3.5015453554964373,0.0,-1.299282984130261,0.0,-4.154612614236219,0.0,7.2456550675945355,0.0,-6.22455842927536,0.0,-2.0968631576225185,0.0,5.923526314099508,0.0,-3.7654195312362706,0.0
2025-07-12 07:00:00,-0.4489502200479034,0.0,4.543294782270004,0.0,0.0,0.0,-4.07753744390572,0.0,-0.7899970065498625,0.0,-0.42577037426891007,0.0,3.5015453554964373,0.0,-1.299282984130261,0.0,-4.154612614236219,0.0,7.2456550675945355,0.0,-6.22455842927536,0.0,-2.0968631576225185,0.0,5.923526314099508,0.0
2025-07-12 08:00:00,-4.0943445622221,0.0,-0.4489502200479034,0.0,4.543294782270004,0.0,0.0,0.0,-4.07753744390572,0.0,-0.7899970065498625,0.0,-0.42577037426891007,0.0,3.5015453554964373,0.0,-1.299282984130261,0.0,-4.154612614236219,0.0,7.2456550675945355,0.0,-6.22455842927536,0.0,-2.0968631576225185,0.0
2025-07-12 09:00:00,0.0,0.0,-4.0943445622221,0.0,-0.4489502200479034,0.0,4.543294782270004,0.0,0.0,0.0,-4.07753744390572,0.0,-0.7899970065498625,0.0,-0.42577037426891007,0.0,3.5015453554964373,0.0,-1.299282984130261,0.0,-4.154612614236219,0.0,7.2456550675945355,0.0,-6.22455842927536,0.0
2025-07-12 10:00:00,0.0,0.0,0.0,0.0,-4.0943445622221,0.0,-0.4489502200479034,0.0,4.543294782270004,0.0,0.0,0.0,-4.07753744390572,0.0,-0.7899970065498625,0.0,-0.42577037426891007,0.0,3.5015453554964373,0.0,-1.299282984130261,0.0,-4.154612614236219,0.0,7.2456550675945355,0.0
2025-07-12 11:00:00,0.0,0.0,0.0,0.0,0.0,0.0,-4.0943445622221,0.0,-0.4489502200479034,0.0,4.543294782270004,0.0,0.0,0.0,-4.07753744390572,0.0,-0.7899970065498625,0.0,-0.42577037426891007,0.0,3.5015453554964373,0.0,-1.299282984130261,0.0,-4.154612614236219,0.0
2025-07-12 12:00:00,0.0,0.0,0.0,0.0,0.0,0.0,0.0,0.0,-4.0943445622221,0.0,-0.4489502200479034,0.0,4.543294782270004,0.0,0.0,0.0,-4.07753744390572,0.0,-0.7899970065498625,0.0,-0.42577037426891007,0.0,3.5015453554964373,0.0,-1.299282984130261,0.0
2025-07-12 13:00:00,8.114922974204593,0.0,0.0,0.0,0.0,0.0,0.0,0.0,0.0,0.0,-4.0943445622221,0.0,-0.4489502200479034,0.0,4.543294782270004,0.0,0.0,0.0,-4.07753744390572,0.0,-0.7899970065498625,0.0,-0.42577037426891007,0.0,3.5015453554964373,0.0
2025-07-12 14:00:00,-5.07040053648117,0.0,8.114922974204593,0.0,0.0,0.0,0.0,0.0,0.0,0.0,0.0,0.0,-4.0943445622221,0.0,-0.4489502200479034,0.0,4.543294782270004,0.0,0.0,0.0,-4.07753744390572,0.0,-0.7899970065498625,0.0,-0.42577037426891007,0.0
2025-07-12 15:00:00,-3.044522437723423,0.0,-5.07040053648117,0.0,8.114922974204593,0.0,0.0,0.0,0.0,0.0,0.0,0.0,0.0,0.0,-4.0943445622221,0.0,-0.4489502200479034,0.0,4.543294782270004,0.0,0.0,0.0,-4.07753744390572,0.0,-0.7899970065498625,0.0
2025-07-12 16:00:00,0.0,0.0,-3.044522437723423,0.0,-5.07040053648117,0.0,8.114922974204593,0.0,0.0,0.0,0.0,0.0,0.0,0.0,0.0,0.0,-4.0943445622221,0.0,-0.4489502200479034,0.0,4.543294782270004,0.0,0.0,0.0,-4.07753744390572,0.0
2025-07-12 17:00:00,6.2166061010848646,0.0,0.0,0.0,-3.044522437723423,0.0,-5.07040053648117,0.0,8.114922974204593,0.0,0.0,0.0,0.0,0.0,0.0,0.0,0.0,0.0,-4.0943445622221,0.0,-0.4489502200479034,0.0,4.543294782270004,0.0,0.0,0.0
2025-07-12 18:00:00,-6.2166061010848646,0.0,6.2166061010848646,0.0,0.0,0.0,-3.044522437723423,0.0,-5.07040053648117,0.0,8.114922974204593,0.0,0.0,0.0,0.0,0.0,0.0,0.0,0.0,0.0,-4.0943445622221,0.0,-0.4489502200479034,0.0,4.543294782270004,0.0
2025-07-12 19:00:00,0.0,0.0,-6.2166061010848646,0.0,6.2166061010848646,0.0,0.0,0.0,-3.044522437723423,0.0,-5.07040053648117,0.0,8.114922974204593,0.0,0.0,0.0,0.0,0.0,0.0,0.0,0.0,0.0,-4.0943445622221,0.0,-0.4489502200479034,0.0
2025-07-12 20:00:00,3.970291913552122,0.0,0.0,0.0,-6.2166061010848646,0.0,6.2166061010848646,0.0,0.0,0.0,-3.044522437723423,0.0,-5.07040053648117,0.0,8.114922974204593,0.0,0.0,0.0,0.0,0.0,0.0,0.0,0.0,0.0,-4.0943445622221,0.0
2025-07-12 21:00:00,2.406435034346505,0.0,3.970291913552122,0.0,0.0,0.0,-6.2166061010848646,0.0,6.2166061010848646,0.0,0.0,0.0,-3.044522437723423,0.0,-5.07040053648117,0.0,8.114922974204593,0.0,0.0,0.0,0.0,0.0,0.0,0.0,0.0,0.0
2025-07-12 22:00:00,-6.376726947898627,0.0,2.406435034346505,0.0,3.970291913552122,0.0,0.0,0.0,-6.2166061010848646,0.0,6.2166061010848646,0.0,0.0,0.0,-3.044522437723423,0.0,-5.07040053648117,0.0,8.114922974204593,0.0,0.0,0.0,0.0,0.0,0.0,0.0
2025-07-12 23:00:00,0.0,0.0,-6.376726947898627,0.0,2.406435034346505,0.0,3.970291913552122,0.0,0.0,0.0,-6.2166061010848646,0.0,6.2166061010848646,0.0,0.0,0.0,-3.044522437723423,0.0,-5.07040053648117,0.0,8.114922974204593,0.0,0.0,0.0,0.0,0.0
2025-07-13 00:00:00,7.069023426578259,0.0,0.0,0.0,-6.376726947898627,0.0,2.406435034346505,0.0,3.970291913552122,0.0,0.0,0.0,-6.2166061010848646,0.0,6.2166061010848646,0.0,0.0,0.0,-3.044522437723423,0.0,-5.07040053648117,0.0,8.114922974204593,0.0,0.0,0.0
2025-07-13 01:00:00,-6.375876246018314,0.0,7.069023426578259,0.0,0.0,0.0,-6.376726947898627,0.0,2.406435034346505,0.0,3.970291913552122,0.0,0.0,0.0,-6.2166061010848646,0.0,6.2166061010848646,0.0,0.0,0.0,-3.044522437723423,0.0,-5.07040053648117,0.0,8.114922974204593,0.0
2025-07-13 02:00:00,-0.6931471805599453,0.0,-6.375876246018314,0.0,7.069023426578259,0.0,0.0,0.0,-6.376726947898627,0.0,2.406435034346505,0.0,3.970291913552122,0.0,0.0,0.0,-6.2166061010848646,0.0,6.2166061010848646,0.0,0.0,0.0,-3.044522437723423,0.0,-5.07040053648117,0.0
2025-07-13 03:00:00,0.0,0.0,-0.6931471805599453,0.0,-6.375876246018314,0.0,7.069023426578259,0.0,0.0,0.0,-6.376726947898627,0.0,2.406435034346505,0.0,3.970291913552122,0.0,0.0,0.0,-6.2166061010848646,0.0,6.2166061010848646,0.0,0.0,0.0,-3.044522437723423,0.0
2025-07-13 04:00:00,0.0,0.0,0.0,0.0,-0.6931471805599453,0.0,-6.375876246018314,0.0,7.069023426578259,0.0,0.0,0.0,-6.376726947898627,0.0,2.406435034346505,0.0,3.970291913552122,0.0,0.0,0.0,-6.2166061010848646,0.0,6.2166061010848646,0.0,0.0,0.0
2025-07-13 05:00:00,5.5254529391317835,0.0,0.0,0.0,0.0,0.0,-0.6931471805599453,0.0,-6.375876246018314,0.0,7.069023426578259,0.0,0.0,0.0,-6.376726947898627,0.0,2.406435034346505,0.0,3.970291913552122,0.0,0.0,0.0,-6.2166061010848646,0.0,6.2166061010848646,0.0
2025-07-13 06:00:00,-5.5254529391317835,0.0,5.5254529391317835,0.0,0.0,0.0,0.0,0.0,-0.6931471805599453,0.0,-6.375876246018314,0.0,7.069023426578259,0.0,0.0,0.0,-6.376726947898627,0.0,2.406435034346505,0.0,3.970291913552122,0.0,0.0,0.0,-6.2166061010848646,0.0
2025-07-13 07:00:00,0.0,0.0,-5.5254529391317835,0.0,5.5254529391317835,0.0,0.0,0.0,0.0,0.0,-0.6931471805599453,0.0,-6.375876246018314,0.0,7.069023426578259,0.0,0.0,0.0,-6.376726947898627,0.0,2.406435034346505,0.0,3.970291913552122,0.0,0.0,0.0
2025-07-13 08:00:00,0.0,0.0,0.0,0.0,-5.5254529391317835,0.0,5.5254529391317835,0.0,0.0,0.0,0.0,0.0,-0.6931471805599453,0.0,-6.375876246018314,0.0,7.069023426578259,0.0,0.0,0.0,-6.376726947898627,0.0,2.406435034346505,0.0,3.970291913552122,0.0
2025-07-13 09:00:00,0.0,0.0,0.0,0.0,0.0,0.0,-5.5254529391317835,0.0,5.5254529391317835,0.0,0.0,0.0,0.0,0.0,-0.6931471805599453,0.0,-6.375876246018314,0.0,7.069023426578259,0.0,0.0,0.0,-6.376726947898627,0.0,2.406435034346505,0.0
2025-07-13 10:00:00,0.0,0.0,0.0,0.0,0.0,0.0,0.0,0.0,-5.5254529391317835,0.0,5.5254529391317835,0.0,0.0,0.0,0.0,0.0,-0.6931471805599453,0.0,-6.375876246018314,0.0,7.069023426578259,0.0,0.0,0.0,-6.376726947898627,0.0
2025-07-13 11:00:00,0.0,0.0,0.0,0.0,0.0,0.0,0.0,0.0,0.0,0.0,-5.5254529391317835,0.0,5.5254529391317835,0.0,0.0,0.0,0.0,0.0,-0.6931471805599453,0.0,-6.375876246018314,0.0,7.069023426578259,0.0,0.0,0.0
2025-07-13 12:00:00,0.0,0.0,0.0,0.0,0.0,0.0,0.0,0.0,0.0,0.0,0.0,0.0,-5.5254529391317835,0.0,5.5254529391317835,0.0,0.0,0.0,0.0,0.0,-0.6931471805599453,0.0,-6.375876246018314,0.0,7.069023426578259,0.0
2025-07-13 13:00:00,0.0,0.0,0.0,0.0,0.0,0.0,0.0,0.0,0.0,0.0,0.0,0.0,0.0,0.0,-5.5254529391317835,0.0,5.5254529391317835,0.0,0.0,0.0,0.0,0.0,-0.6931471805599453,0.0,-6.375876246018314,0.0
2025-07-13 14:00:00,10.714128838127134,0.0,0.0,0.0,0.0,0.0,0.0,0.0,0.0,0.0,0.0,0.0,0.0,0.0,0.0,0.0,-5.5254529391317835,0.0,5.5254529391317835,0.0,0.0,0.0,0.0,0.0,-0.6931471805599453,0.0
2025-07-13 15:00:00,0.4269935417259063,0.0,10.714128838127134,0.0,0.0,0.0,0.0,0.0,0.0,0.0,0.0,0.0,0.0,0.0,0.0,0.0,0.0,0.0,-5.5254529391317835,0.0,5.5254529391317835,0.0,0.0,0.0,0.0,0.0
2025-07-13 16:00:00,-1.0344083098430623,0.0,0.4269935417259063,0.0,10.714128838127134,0.0,0.0,0.0,0.0,0.0,0.0,0.0,0.0,0.0,0.0,0.0,0.0,0.0,0.0,0.0,-5.5254529391317835,0.0,5.5254529391317835,0.0,0.0,0.0
2025-07-13 17:00:00,-1.9748892850027833,0.0,-1.0344083098430623,0.0,0.4269935417259063,0.0,10.714128838127134,0.0,0.0,0.0,0.0,0.0,0.0,0.0,0.0,0.0,0.0,0.0,0.0,0.0,0.0,0.0,-5.5254529391317835,0.0,5.5254529391317835,0.0
2025-07-13 18:00:00,0.5638492638170582,0.0,-1.9748892850027833,0.0,-1.0344083098430623,0.0,0.4269935417259063,0.0,10.714128838127134,0.0,0.0,0.0,0.0,0.0,0.0,0.0,0.0,0.0,0.0,0.0,0.0,0.0,0.0,0.0,-5.5254529391317835,0.0
2025-07-13 19:00:00,0.7253323529550268,0.0,0.5638492638170582,0.0,-1.9748892850027833,0.0,-1.0344083098430623,0.0,0.4269935417259063,0.0,10.714128838127134,0.0,0.0,0.0,0.0,0.0,0.0,0.0,0.0,0.0,0.0,0.0,0.0,0.0,0.0,0.0
2025-07-13 20:00:00,-0.7872753941150918,0.0,0.7253323529550268,0.0,0.5638492638170582,0.0,-1.9748892850027833,0.0,-1.0344083098430623,0.0,0.4269935417259063,0.0,10.714128838127134,0.0,0.0,0.0,0.0,0.0,0.0,0.0,0.0,0.0,0.0,0.0,0.0,0.0
2025-07-13 21:00:00,1.0581091586961566,0.0,-0.7872753941150918,0.0,0.7253323529550268,0.0,0.5638492638170582,0.0,-1.9748892850027833,0.0,-1.0344083098430623,0.0,0.4269935417259063,0.0,10.714128838127134,0.0,0.0,0.0,0.0,0.0,0.0,0.0,0.0,0.0,0.0,0.0
2025-07-13 22:00:00,-1.2312173264325015,0.0,1.0581091586961566,0.0,-0.7872753941150918,0.0,0.7253323529550268,0.0,0.5638492638170582,0.0,-1.9748892850027833,0.0,-1.0344083098430623,0.0,0.4269935417259063,0.0,10.714128838127134,0.0,0.0,0.0,0.0,0.0,0.0,0.0,0.0,0.0
2025-07-13 23:00:00,-8.460622839927844,0.0,-1.2312173264325015,0.0,1.0581091586961566,0.0,-0.7872753941150918,0.0,0.7253323529550268,0.0,0.5638492638170582,0.0,-1.9748892850027833,0.0,-1.0344083098430623,0.0,0.4269935417259063,0.0,10.714128838127134,0.0,0.0,0.0,0.0,0.0,0.0,0.0
2025-07-14 00:00:00,11.109338591873836,0.0,-8.460622839927844,0.0,-1.2312173264325015,0.0,1.0581091586961566,0.0,-0.7872753941150918,0.0,0.7253323529550268,0.0,0.5638492638170582,0.0,-1.9748892850027833,0.0,-1.0344083098430623,0.0,0.4269935417259063,0.0,10.714128838127134,0.0,0.0,0.0,0.0,0.0
2025-07-14 01:00:00,-1.6045391631668497,0.0,11.109338591873836,0.0,-8.460622839927844,0.0,-1.2312173264325015,0.0,1.0581091586961566,0.0,-0.7872753941150918,0.0,0.7253323529550268,0.0,0.5638492638170582,0.0,-1.9748892850027833,0.0,-1.0344083098430623,0.0,0.4269935417259063,0.0,10.714128838127134,0.0,0.0,0.0
2025-07-14 02:00:00,-3.102882231979801,0.0,-1.6045391631668497,0.0,11.109338591873836,0.0,-8.460622839927844,0.0,-1.2312173264325015,0.0,1.0581091586961566,0.0,-0.7872753941150918,0.0,0.7253323529550268,0.0,0.5638492638170582,0.0,-1.9748892850027833,0.0,-1.0344083098430623,0.0,0.4269935417259063,0.0,10.714128838127134,0.0
2025-07-14 03:00:00,3.153571947349106,0.0,-3.102882231979801,0.0,-1.6045391631668497,0.0,11.109338591873836,0.0,-8.460622839927844,0.0,-1.2312173264325015,0.0,1.0581091586961566,0.0,-0.7872753941150918,0.0,0.7253323529550268,0.0,0.5638492638170582,0.0,-1.9748892850027833,0.0,-1.0344083098430623,0.0,0.4269935417259063,0.0
2025-07-14 04:00:00,-4.665140015854538,0.0,3.153571947349106,0.0,-3.102882231979801,0.0,-1.6045391631668497,0.0,11.109338591873836,0.0,-8.460622839927844,0.0,-1.2312173264325015,0.0,1.0581091586961566,0.0,-0.7872753941150918,0.0,0.7253323529550268,0.0,0.5638492638170582,0.0,-1.9748892850027833,0.0,-1.0344083098430623,0.0
2025-07-14 05:00:00,2.0213981720299206,0.0,-4.665140015854538,0.0,3.153571947349106,0.0,-3.102882231979801,0.0,-1.6045391631668497,0.0,11.109338591873836,0.0,-8.460622839927844,0.0,-1.2312173264325015,0.0,1.0581091586961566,0.0,-0.7872753941150918,0.0,0.7253323529550268,0.0,0.5638492638170582,0.0,-1.9748892850027833,0.0
2025-07-14 06:00:00,-6.911747300251674,0.0,2.0213981720299206,0.0,-4.665140015854538,0.0,3.153571947349106,0.0,-3.102882231979801,0.0,-1.6045391631668497,0.0,11.109338591873836,0.0,-8.460622839927844,0.0,-1.2312173264325015,0.0,1.0581091586961566,0.0,-0.7872753941150918,0.0,0.7253323529550268,0.0,0.5638492638170582,0.0
2025-07-14 07:00:00,8.07837810362652,0.0,-6.911747300251674,0.0,2.0213981720299206,0.0,-4.665140015854538,0.0,3.153571947349106,0.0,-3.102882231979801,0.0,-1.6045391631668497,0.0,11.109338591873836,0.0,-8.460622839927844,0.0,-1.2312173264325015,0.0,1.0581091586961566,0.0,-0.7872753941150918,0.0,0.7253323529550268,0.0
2025-07-14 08:00:00,-8.07837810362652,0.0,8.07837810362652,0.0,-6.911747300251674,0.0,2.0213981720299206,0.0,-4.665140015854538,0.0,3.153571947349106,0.0,-3.102882231979801,0.0,-1.6045391631668497,0.0,11.109338591873836,0.0,-8.460622839927844,0.0,-1.2312173264325015,0.0,1.0581091586961566,0.0,-0.7872753941150918,0.0
2025-07-14 09:00:00,0.0,0.0,-8.07837810362652,0.0,8.07837810362652,0.0,-6.911747300251674,0.0,2.0213981720299206,0.0,-4.665140015854538,0.0,3.153571947349106,0.0,-3.102882231979801,0.0,-1.6045391631668497,0.0,11.109338591873836,0.0,-8.460622839927844,0.0,-1.2312173264325015,0.0,1.0581091586961566,0.0
2025-07-14 10:00:00,0.0,0.0,0.0,0.0,-8.07837810362652,0.0,8.07837810362652,0.0,-6.911747300251674,0.0,2.0213981720299206,0.0,-4.665140015854538,0.0,3.153571947349106,0.0,-3.102882231979801,0.0,-1.6045391631668497,0.0,11.109338591873836,0.0,-8.460622839927844,0.0,-1.2312173264325015,0.0
2025-07-14 11:00:00,0.0,0.0,0.0,0.0,0.0,0.0,-8.07837810362652,0.0,8.07837810362652,0.0,-6.911747300251674,0.0,2.0213981720299206,0.0,-4.665140015854538,0.0,3.153571947349106,0.0,-3.102882231979801,0.0,-1.6045391631668497,0.0,11.109338591873836,0.0,-8.460622839927844,0.0
2025-07-14 12:00:00,0.0,0.0,0.0,0.0,0.0,0.0,0.0,0.0,-8.07837810362652,0.0,8.07837810362652,0.0,-6.911747300251674,0.0,2.0213981720299206,0.0,-4.665140015854538,0.0,3.153571947349106,0.0,-3.102882231979801,0.0,-1.6045391631668497,0.0,11.109338591873836,0.0
2025-07-14 13:00:00,5.187385805840755,0.0,0.0,0.0,0.0,0.0,0.0,0.0,0.0,0.0,-8.07837810362652,0.0,8.07837810362652,0.0,-6.911747300251674,0.0,2.0213981720299206,0.0,-4.665140015854538,0.0,3.153571947349106,0.0,-3.102882231979801,0.0,-1.6045391631668497,0.0
2025-07-14 14:00:00,2.3274139546479153,0.0,5.187385805840755,0.0,0.0,0.0,0.0,0.0,0.0,0.0,0.0,0.0,-8.07837810362652,0.0,8.07837810362652,0.0,-6.911747300251674,0.0,2.0213981720299206,0.0,-4.665140015854538,0.0,3.153571947349106,0.0,-3.102882231979801,0.0
2025-07-14 15:00:00,0.9014675123376064,0.0,2.3274139546479153,0.0,5.187385805840755,0.0,0.0,0.0,0.0,0.0,0.0,0.0,0.0,0.0,-8.07837810362652,0.0,8.07837810362652,0.0,-6.911747300251674,0.0,2.0213981720299206,0.0,-4.665140015854538,0.0,3.153571947349106,0.0
2025-07-14 16:00:00,-0.9921019917842484,0.0,0.9014675123376064,0.0,2.3274139546479153,0.0,5.187385805840755,0.0,0.0,0.0,0.0,0.0,0.0,0.0,0.0,0.0,-8.07837810362652,0.0,8.07837810362652,0.0,-6.911747300251674,0.0,2.0213981720299206,0.0,-4.665140015854538,0.0
2025-07-14 17:00:00,0.8053458379224283,0.0,-0.9921019917842484,0.0,0.9014675123376064,0.0,2.3274139546479153,0.0,5.187385805840755,0.0,0.0,0.0,0.0,0.0,0.0,0.0,0.0,0.0,-8.07837810362652,0.0,8.07837810362652,0.0,-6.911747300251674,0.0,2.0213981720299206,0.0
2025-07-14 18:00:00,-2.2557015070951953,0.0,0.8053458379224283,0.0,-0.9921019917842484,0.0,0.9014675123376064,0.0,2.3274139546479153,0.0,5.187385805840755,0.0,0.0,0.0,0.0,0.0,0.0,0.0,0.0,0.0,-8.07837810362652,0.0,8.07837810362652,0.0,-6.911747300251674,0.0
2025-07-14 19:00:00,1.9054818732130094,0.0,-2.2557015070951953,0.0,0.8053458379224283,0.0,-0.9921019917842484,0.0,0.9014675123376064,0.0,2.3274139546479153,0.0,5.187385805840755,0.0,0.0,0.0,0.0,0.0,0.0,0.0,0.0,0.0,-8.07837810362652,0.0,8.07837810362652,0.0
2025-07-14 20:00:00,2.309901187021418,0.0,1.9054818732130094,0.0,-2.2557015070951953,0.0,0.8053458379224283,0.0,-0.9921019917842484,0.0,0.9014675123376064,0.0,2.3274139546479153,0.0,5.187385805840755,0.0,0.0,0.0,0.0,0.0,0.0,0.0,0.0,0.0,-8.07837810362652,0.0
2025-07-14 21:00:00,-0.35559124703172706,0.0,2.309901187021418,0.0,1.9054818732130094,0.0,-2.2557015070951953,0.0,0.8053458379224283,0.0,-0.9921019917842484,0.0,0.9014675123376064,0.0,2.3274139546479153,0.0,5.187385805840755,0.0,0.0,0.0,0.0,0.0,0.0,0.0,0.0,0.0
2025-07-14 22:00:00,-2.0697301372517396,0.0,-0.35559124703172706,0.0,2.309901187021418,0.0,1.9054818732130094,0.0,-2.2557015070951953,0.0,0.8053458379224283,0.0,-0.9921019917842484,0.0,0.9014675123376064,0.0,2.3274139546479153,0.0,5.187385805840755,0.0,0.0,0.0,0.0,0.0,0.0,0.0
2025-07-14 23:00:00,1.9650247539838626,0.0,-2.0697301372517396,0.0,-0.35559124703172706,0.0,2.309901187021418,0.0,1.9054818732130094,0.0,-2.2557015070951953,0.0,0.8053458379224283,0.0,-0.9921019917842484,0.0,0.9014675123376064,0.0,2.3274139546479153,0.0,5.187385805840755,0.0,0.0,0.0,0.0,0.0
2025-07-15 00:00:00,-0.024774480671169385,0.0,1.9650247539838626,0.0,-2.0697301372517396,0.0,-0.35559124703172706,0.0,2.309901187021418,0.0,1.9054818732130094,0.0,-2.2557015070951953,0.0,0.8053458379224283,0.0,-0.9921019917842484,0.0,0.9014675123376064,0.0,2.3274139546479153,0.0,5.187385805840755,0.0,0.0,0.0
2025-07-15 01:00:00,-9.704121561132915,0.0,-0.024774480671169385,0.0,1.9650247539838626,0.0,-2.0697301372517396,0.0,-0.35559124703172706,0.0,2.309901187021418,0.0,1.9054818732130094,0.0,-2.2557015070951953,0.0,0.8053458379224283,0.0,-0.9921019917842484,0.0,0.9014675123376064,0.0,2.3274139546479153,0.0,5.187385805840755,0.0
2025-07-15 02:00:00,7.70210434005105,0.0,-9.704121561132915,0.0,-0.024774480671169385,0.0,1.9650247539838626,0.0,-2.0697301372517396,0.0,-0.35559124703172706,0.0,2.309901187021418,0.0,1.9054818732130094,0.0,-2.2557015070951953,0.0,0.8053458379224283,0.0,-0.9921019917842484,0.0,0.9014675123376064,0.0,2.3274139546479153,0.0
2025-07-15 03:00:00,0.14799920512453202,0.0,7.70210434005105,0.0,-9.704121561132915,0.0,-0.024774480671169385,0.0,1.9650247539838626,0.0,-2.0697301372517396,0.0,-0.35559124703172706,0.0,2.309901187021418,0.0,1.9054818732130094,0.0,-2.2557015070951953,0.0,0.8053458379224283,0.0,-0.9921019917842484,0.0,0.9014675123376064,0.0
2025-07-15 04:00:00,-2.5418358477743768,0.0,0.14799920512453202,0.0,7.70210434005105,0.0,-9.704121561132915,0.0,-0.024774480671169385,0.0,1.9650247539838626,0.0,-2.0697301372517396,0.0,-0.35559124703172706,0.0,2.309901187021418,0.0,1.9054818732130094,0.0,-2.2557015070951953,0.0,0.8053458379224283,0.0,-0.9921019917842484,0.0
2025-07-15 05:00:00,1.9366738489358015,0.0,-2.5418358477743768,0.0,0.14799920512453202,0.0,7.70210434005105,0.0,-9.704121561132915,0.0,-0.024774480671169385,0.0,1.9650247539838626,0.0,-2.0697301372517396,0.0,-0.35559124703172706,0.0,2.309901187021418,0.0,1.9054818732130094,0.0,-2.2557015070951953,0.0,0.8053458379224283,0.0
2025-07-15 06:00:00,-1.028335445252142,0.0,1.9366738489358015,0.0,-2.5418358477743768,0.0,0.14799920512453202,0.0,7.70210434005105,0.0,-9.704121561132915,0.0,-0.024774480671169385,0.0,1.9650247539838626,0.0,-2.0697301372517396,0.0,-0.35559124703172706,0.0,2.309901187021418,0.0,1.9054818732130094,0.0,-2.2557015070951953,0.0
2025-07-15 07:00:00,-2.057723017725193,0.0,-1.028335445252142,0.0,1.9366738489358015,0.0,-2.5418358477743768,0.0,0.14799920512453202,0.0,7.70210434005105,0.0,-9.704121561132915,0.0,-0.024774480671169385,0.0,1.9650247539838626,0.0,-2.0697301372517396,0.0,-0.35559124703172706,0.0,2.309901187021418,0.0,1.9054818732130094,0.0
2025-07-15 08:00:00,-4.1588830833596715,0.0,-2.057723017725193,0.0,-1.028335445252142,0.0,1.9366738489358015,0.0,-2.5418358477743768,0.0,0.14799920512453202,0.0,7.70210434005105,0.0,-9.704121561132915,0.0,-0.024774480671169385,0.0,1.9650247539838626,0.0,-2.0697301372517396,0.0,-0.35559124703172706,0.0,2.309901187021418,0.0
2025-07-15 09:00:00,0.0,0.0,-4.1588830833596715,0.0,-2.057723017725193,0.0,-1.028335445252142,0.0,1.9366738489358015,0.0,-2.5418358477743768,0.0,0.14799920512453202,0.0,7.70210434005105,0.0,-9.704121561132915,0.0,-0.024774480671169385,0.0,1.9650247539838626,0.0,-2.0697301372517396,0.0,-0.35559124703172706,0.0
2025-07-15 10:00:00,0.0,0.0,0.0,0.0,-4.1588830833596715,0.0,-2.057723017725193,0.0,-1.028335445252142,0.0,1.9366738489358015,0.0,-2.5418358477743768,0.0,0.14799920512453202,0.0,7.70210434005105,0.0,-9.704121561132915,0.0,-0.024774480671169385,0.0,1.9650247539838626,0.0,-2.0697301372517396,0.0
2025-07-15 11:00:00,0.0,0.0,0.0,0.0,0.0,0.0,-4.1588830833596715,0.0,-2.057723017725193,0.0,-1.028335445252142,0.0,1.9366738489358015,0.0,-2.5418358477743768,0.0,0.14799920512453202,0.0,7.70210434005105,0.0,-9.704121561132915,0.0,-0.024774480671169385,0.0,1.9650247539838626,0.0
2025-07-15 12:00:00,0.0,0.0,0.0,0.0,0.0,0.0,0.0,0.0,-4.1588830833596715,0.0,-2.057723017725193,0.0,-1.028335445252142,0.0,1.9366738489358015,0.0,-2.5418358477743768,0.0,0.14799920512453202,0.0,7.70210434005105,0.0,-9.704121561132915,0.0,-0.024774480671169385,0.0
2025-07-15 13:00:00,6.918695219020472,0.0,0.0,0.0,0.0,0.0,0.0,0.0,0.0,0.0,-4.1588830833596715,0.0,-2.057723017725193,0.0,-1.028335445252142,0.0,1.9366738489358015,0.0,-2.5418358477743768,0.0,0.14799920512453202,0.0,7.70210434005105,0.0,-9.704121561132915,0.0
2025-07-15 14:00:00,2.266019605316738,0.0,6.918695219020472,0.0,0.0,0.0,0.0,0.0,0.0,0.0,0.0,0.0,-4.1588830833596715,0.0,-2.057723017725193,0.0,-1.028335445252142,0.0,1.9366738489358015,0.0,-2.5418358477743768,0.0,0.14799920512453202,0.0,7.70210434005105,0.0
2025-07-15 15:00:00,-0.5006521806859396,0.0,2.266019605316738,0.0,6.918695219020472,0.0,0.0,0.0,0.0,0.0,0.0,0.0,0.0,0.0,-4.1588830833596715,0.0,-2.057723017725193,0.0,-1.028335445252142,0.0,1.9366738489358015,0.0,-2.5418358477743768,0.0,0.14799920512453202,0.0
2025-07-15 16:00:00,-2.869932111826204,0.0,-0.5006521806859396,0.0,2.266019605316738,0.0,6.918695219020472,0.0,0.0,0.0,0.0,0.0,0.0,0.0,0.0,0.0,-4.1588830833596715,0.0,-2.057723017725193,0.0,-1.028335445252142,0.0,1.9366738489358015,0.0,-2.5418358477743768,0.0
2025-07-15 17:00:00,-2.4129331501629108,0.0,-2.869932111826204,0.0,-0.5006521806859396,0.0,2.266019605316738,0.0,6.918695219020472,0.0,0.0,0.0,0.0,0.0,0.0,0.0,0.0,0.0,-4.1588830833596715,0.0,-2.057723017725193,0.0,-1.028335445252142,0.0,1.9366738489358015,0.0
2025-07-15 18:00:00,6.5124385019257875,0.0,-2.4129331501629108,0.0,-2.869932111826204,0.0,-0.5006521806859396,0.0,2.266019605316738,0.0,6.918695219020472,0.0,0.0,0.0,0.0,0.0,0.0,0.0,0.0,0.0,-4.1588830833596715,0.0,-2.057723017725193,0.0,-1.028335445252142,0.0
2025-07-15 19:00:00,-3.0068811049393895,0.0,6.5124385019257875,0.0,-2.4129331501629108,0.0,-2.869932111826204,0.0,-0.5006521806859396,0.0,2.266019605316738,0.0,6.918695219020472,0.0,0.0,0.0,0.0,0.0,0.0,0.0,0.0,0.0,-4.1588830833596715,0.0,-2.057723017725193,0.0
2025-07-15 20:00:00,-0.3205831237938792,0.0,-3.0068811049393895,0.0,6.5124385019257875,0.0,-2.4129331501629108,0.0,-2.869932111826204,0.0,-0.5006521806859396,0.0,2.266019605316738,0.0,6.918695219020472,0.0,0.0,0.0,0.0,0.0,0.0,0.0,0.0,0.0,-4.1588830833596715,0.0
2025-07-15 21:00:00,0.8685482945093259,0.0,-0.3205831237938792,0.0,-3.0068811049393895,0.0,6.5124385019257875,0.0,-2.4129331501629108,0.0,-2.869932111826204,0.0,-0.5006521806859396,0.0,2.266019605316738,0.0,6.918695219020472,0.0,0.0,0.0,0.0,0.0,0.0,0.0,0.0,0.0
2025-07-15 22:00:00,0.14668238521973276,0.0,0.8685482945093259,0.0,-0.3205831237938792,0.0,-3.0068811049393895,0.0,6.5124385019257875,0.0,-2.4129331501629108,0.0,-2.869932111826204,0.0,-0.5006521806859396,0.0,2.266019605316738,0.0,6.918695219020472,0.0,0.0,0.0,0.0,0.0,0.0,0.0
2025-07-15 23:00:00,-0.2955423018997241,0.0,0.14668238521973276,0.0,0.8685482945093259,0.0,-0.3205831237938792,0.0,-3.0068811049393895,0.0,6.5124385019257875,0.0,-2.4129331501629108,0.0,-2.869932111826204,0.0,-0.5006521806859396,0.0,2.266019605316738,0.0,6.918695219020472,0.0,0.0,0.0,0.0,0.0
2025-07-16 00:00:00,0.891127894574888,0.0,-0.2955423018997241,0.0,0.14668238521973276,0.0,0.8685482945093259,0.0,-0.3205831237938792,0.0,-3.0068811049393895,0.0,6.5124385019257875,0.0,-2.4129331501629108,0.0,-2.869932111826204,0.0,-0.5006521806859396,0.0,2.266019605316738,0.0,6.918695219020472,0.0,0.0,0.0
2025-07-16 01:00:00,-2.41316274492916,0.0,0.891127894574888,0.0,-0.2955423018997241,0.0,0.14668238521973276,0.0,0.8685482945093259,0.0,-0.3205831237938792,0.0,-3.0068811049393895,0.0,6.5124385019257875,0.0,-2.4129331501629108,0.0,-2.869932111826204,0.0,-0.5006521806859396,0.0,2.266019605316738,0.0,6.918695219020472,0.0
2025-07-16 02:00:00,3.830846321713407,0.0,-2.41316274492916,0.0,0.891127894574888,0.0,-0.2955423018997241,0.0,0.14668238521973276,0.0,0.8685482945093259,0.0,-0.3205831237938792,0.0,-3.0068811049393895,0.0,6.5124385019257875,0.0,-2.4129331501629108,0.0,-2.869932111826204,0.0,-0.5006521806859396,0.0,2.266019605316738,0.0
2025-07-16 03:00:00,-8.005233591609045,0.0,3.830846321713407,0.0,-2.41316274492916,0.0,0.891127894574888,0.0,-0.2955423018997241,0.0,0.14668238521973276,0.0,0.8685482945093259,0.0,-0.3205831237938792,0.0,-3.0068811049393895,0.0,6.5124385019257875,0.0,-2.4129331501629108,0.0,-2.869932111826204,0.0,-0.5006521806859396,0.0
2025-07-16 04:00:00,6.716594773520979,0.0,-8.005233591609045,0.0,3.830846321713407,0.0,-2.41316274492916,0.0,0.891127894574888,0.0,-0.2955423018997241,0.0,0.14668238521973276,0.0,0.8685482945093259,0.0,-0.3205831237938792,0.0,-3.0068811049393895,0.0,6.5124385019257875,0.0,-2.4129331501629108,0.0,-2.869932111826204,0.0
2025-07-16 05:00:00,-1.292526201667382,0.0,6.716594773520979,0.0,-8.005233591609045,0.0,3.830846321713407,0.0,-2.41316274492916,0.0,0.891127894574888,0.0,-0.2955423018997241,0.0,0.14668238521973276,0.0,0.8685482945093259,0.0,-0.3205831237938792,0.0,-3.0068811049393895,0.0,6.5124385019257875,0.0,-2.4129331501629108,0.0
2025-07-16 06:00:00,-3.449987545831587,0.0,-1.292526201667382,0.0,6.716594773520979,0.0,-8.005233591609045,0.0,3.830846321713407,0.0,-2.41316274492916,0.0,0.891127894574888,0.0,-0.2955423018997241,0.0,0.14668238521973276,0.0,0.8685482945093259,0.0,-0.3205831237938792,0.0,-3.0068811049393895,0.0,6.5124385019257875,0.0
2025-07-16 07:00:00,5.924107242114549,0.0,-3.449987545831587,0.0,-1.292526201667382,0.0,6.716594773520979,0.0,-8.005233591609045,0.0,3.830846321713407,0.0,-2.41316274492916,0.0,0.891127894574888,0.0,-0.2955423018997241,0.0,0.14668238521973276,0.0,0.8685482945093259,0.0,-0.3205831237938792,0.0,-3.0068811049393895,0.0
2025-07-16 08:00:00,-9.507626180570659,0.0,5.924107242114549,0.0,-3.449987545831587,0.0,-1.292526201667382,0.0,6.716594773520979,0.0,-8.005233591609045,0.0,3.830846321713407,0.0,-2.41316274492916,0.0,0.891127894574888,0.0,-0.2955423018997241,0.0,0.14668238521973276,0.0,0.8685482945093259,0.0,-0.3205831237938792,0.0
2025-07-16 09:00:00,0.0,0.0,-9.507626180570659,0.0,5.924107242114549,0.0,-3.449987545831587,0.0,-1.292526201667382,0.0,6.716594773520979,0.0,-8.005233591609045,0.0,3.830846321713407,0.0,-2.41316274492916,0.0,0.891127894574888,0.0,-0.2955423018997241,0.0,0.14668238521973276,0.0,0.8685482945093259,0.0
2025-07-16 10:00:00,0.0,0.0,0.0,0.0,-9.507626180570659,0.0,5.924107242114549,0.0,-3.449987545831587,0.0,-1.292526201667382,0.0,6.716594773520979,0.0,-8.005233591609045,0.0,3.830846321713407,0.0,-2.41316274492916,0.0,0.891127894574888,0.0,-0.2955423018997241,0.0,0.14668238521973276,0.0
2025-07-16 11:00:00,0.0,0.0,0.0,0.0,0.0,0.0,-9.507626180570659,0.0,5.924107242114549,0.0,-3.449987545831587,0.0,-1.292526201667382,0.0,6.716594773520979,0.0,-8.005233591609045,0.0,3.830846321713407,0.0,-2.41316274492916,0.0,0.891127894574888,0.0,-0.2955423018997241,0.0
2025-07-16 12:00:00,0.0,0.0,0.0,0.0,0.0,0.0,0.0,0.0,-9.507626180570659,0.0,5.924107242114549,0.0,-3.449987545831587,0.0,-1.292526201667382,0.0,6.716594773520979,0.0,-8.005233591609045,0.0,3.830846321713407,0.0,-2.41316274492916,0.0,0.891127894574888,0.0
2025-07-16 13:00:00,5.579729825986222,0.0,0.0,0.0,0.0,0.0,0.0,0.0,0.0,0.0,-9.507626180570659,0.0,5.924107242114549,0.0,-3.449987545831587,0.0,-1.292526201667382,0.0,6.716594773520979,0.0,-8.005233591609045,0.0,3.830846321713407,0.0,-2.41316274492916,0.0
2025-07-16 14:00:00,2.3875503529559783,0.0,5.579729825986222,0.0,0.0,0.0,0.0,0.0,0.0,0.0,0.0,0.0,-9.507626180570659,0.0,5.924107242114549,0.0,-3.449987545831587,0.0,-1.292526201667382,0.0,6.716594773520979,0.0,-8.005233591609045,0.0,3.830846321713407,0.0
2025-07-16 15:00:00,1.3722446514148086,0.0,2.3875503529559783,0.0,5.579729825986222,0.0,0.0,0.0,0.0,0.0,0.0,0.0,0.0,0.0,-9.507626180570659,0.0,5.924107242114549,0.0,-3.449987545831587,0.0,-1.292526201667382,0.0,6.716594773520979,0.0,-8.005233591609045,0.0
2025-07-16 16:00:00,-2.3669185790552554,0.0,1.3722446514148086,0.0,2.3875503529559783,0.0,5.579729825986222,0.0,0.0,0.0,0.0,0.0,0.0,0.0,0.0,0.0,-9.507626180570659,0.0,5.924107242114549,0.0,-3.449987545831587,0.0,-1.292526201667382,0.0,6.716594773520979,0.0
2025-07-16 17:00:00,1.0162760020074737,0.0,-2.3669185790552554,0.0,1.3722446514148086,0.0,2.3875503529559783,0.0,5.579729825986222,0.0,0.0,0.0,0.0,0.0,0.0,0.0,0.0,0.0,-9.507626180570659,0.0,5.924107242114549,0.0,-3.449987545831587,0.0,-1.292526201667382,0.0
2025-07-16 18:00:00,-0.7568719216444686,0.0,1.0162760020074737,0.0,-2.3669185790552554,0.0,1.3722446514148086,0.0,2.3875503529559783,0.0,5.579729825986222,0.0,0.0,0.0,0.0,0.0,0.0,0.0,0.0,0.0,-9.507626180570659,0.0,5.924107242114549,0.0,-3.449987545831587,0.0
2025-07-16 19:00:00,1.7829232439688134,0.0,-0.7568719216444686,0.0,1.0162760020074737,0.0,-2.3669185790552554,0.0,1.3722446514148086,0.0,2.3875503529559783,0.0,5.579729825986222,0.0,0.0,0.0,0.0,0.0,0.0,0.0,0.0,0.0,-9.507626180570659,0.0,5.924107242114549,0.0
2025-07-16 20:00:00,-1.317358228831229,0.0,1.7829232439688134,0.0,-0.7568719216444686,0.0,1.0162760020074737,0.0,-2.3669185790552554,0.0,1.3722446514148086,0.0,2.3875503529559783,0.0,5.579729825986222,0.0,0.0,0.0,0.0,0.0,0.0,0.0,0.0,0.0,-9.507626180570659,0.0
2025-07-16 21:00:00,-0.48086586009288546,0.0,-1.317358228831229,0.0,1.7829232439688134,0.0,-0.7568719216444686,0.0,1.0162760020074737,0.0,-2.3669185790552554,0.0,1.3722446514148086,0.0,2.3875503529559783,0.0,5.579729825986222,0.0,0.0,0.0,0.0,0.0,0.0,0.0,0.0,0.0
2025-07-16 22:00:00,-3.605791574065233,0.0,-0.48086586009288546,0.0,-1.317358228831229,0.0,1.7829232439688134,0.0,-0.7568719216444686,0.0,1.0162760020074737,0.0,-2.3669185790552554,0.0,1.3722446514148086,0.0,2.3875503529559783,0.0,5.579729825986222,0.0,0.0,0.0,0.0,0.0,0.0,0.0
2025-07-16 23:00:00,3.5924876084388706,0.0,-3.605791574065233,0.0,-0.48086586009288546,0.0,-1.317358228831229,0.0,1.7829232439688134,0.0,-0.7568719216444686,0.0,1.0162760020074737,0.0,-2.3669185790552554,0.0,1.3722446514148086,0.0,2.3875503529559783,0.0,5.579729825986222,0.0,0.0,0.0,0.0,0.0
2025-07-17 00:00:00,-3.291382515654949,0.0,3.5924876084388706,0.0,-3.605791574065233,0.0,-0.48086586009288546,0.0,-1.317358228831229,0.0,1.7829232439688134,0.0,-0.7568719216444686,0.0,1.0162760020074737,0.0,-2.3669185790552554,0.0,1.3722446514148086,0.0,2.3875503529559783,0.0,5.579729825986222,0.0,0.0,0.0
2025-07-17 01:00:00,-0.6539264674066638,0.0,-3.291382515654949,0.0,3.5924876084388706,0.0,-3.605791574065233,0.0,-0.48086586009288546,0.0,-1.317358228831229,0.0,1.7829232439688134,0.0,-0.7568719216444686,0.0,1.0162760020074737,0.0,-2.3669185790552554,0.0,1.3722446514148086,0.0,2.3875503529559783,0.0,5.579729825986222,0.0
2025-07-17 02:00:00,1.7525387560747734,0.0,-0.6539264674066638,0.0,-3.291382515654949,0.0,3.5924876084388706,0.0,-3.605791574065233,0.0,-0.48086586009288546,0.0,-1.317358228831229,0.0,1.7829232439688134,0.0,-0.7568719216444686,0.0,1.0162760020074737,0.0,-2.3669185790552554,0.0,1.3722446514148086,0.0,2.3875503529559783,0.0
2025-07-17 03:00:00,-5.0106352940962555,0.0,1.7525387560747734,0.0,-0.6539264674066638,0.0,-3.291382515654949,0.0,3.5924876084388706,0.0,-3.605791574065233,0.0,-0.48086586009288546,0.0,-1.317358228831229,0.0,1.7829232439688134,0.0,-0.7568719216444686,0.0,1.0162760020074737,0.0,-2.3669185790552554,0.0,1.3722446514148086,0.0
2025-07-17 04:00:00,5.62040086571715,0.0,-5.0106352940962555,0.0,1.7525387560747734,0.0,-0.6539264674066638,0.0,-3.291382515654949,0.0,3.5924876084388706,0.0,-3.605791574065233,0.0,-0.48086586009288546,0.0,-1.317358228831229,0.0,1.7829232439688134,0.0,-0.7568719216444686,0.0,1.0162760020074737,0.0,-2.3669185790552554,0.0
2025-07-17 05:00:00,-5.62040086571715,0.0,5.62040086571715,0.0,-5.0106352940962555,0.0,1.7525387560747734,0.0,-0.6539264674066638,0.0,-3.291382515654949,0.0,3.5924876084388706,0.0,-3.605791574065233,0.0,-0.48086586009288546,0.0,-1.317358228831229,0.0,1.7829232439688134,0.0,-0.7568719216444686,0.0,1.0162760020074737,0.0
2025-07-17 06:00:00,5.752572638825633,0.0,-5.62040086571715,0.0,5.62040086571715,0.0,-5.0106352940962555,0.0,1.7525387560747734,0.0,-0.6539264674066638,0.0,-3.291382515654949,0.0,3.5924876084388706,0.0,-3.605791574065233,0.0,-0.48086586009288546,0.0,-1.317358228831229,0.0,1.7829232439688134,0.0,-0.7568719216444686,0.0
2025-07-17 07:00:00,-4.366278277705742,0.0,5.752572638825633,0.0,-5.62040086571715,0.0,5.62040086571715,0.0,-5.0106352940962555,0.0,1.7525387560747734,0.0,-0.6539264674066638,0.0,-3.291382515654949,0.0,3.5924876084388706,0.0,-3.605791574065233,0.0,-0.48086586009288546,0.0,-1.317358228831229,0.0,1.7829232439688134,0.0
2025-07-17 08:00:00,-1.3862943611198906,0.0,-4.366278277705742,0.0,5.752572638825633,0.0,-5.62040086571715,0.0,5.62040086571715,0.0,-5.0106352940962555,0.0,1.7525387560747734,0.0,-0.6539264674066638,0.0,-3.291382515654949,0.0,3.5924876084388706,0.0,-3.605791574065233,0.0,-0.48086586009288546,0.0,-1.317358228831229,0.0
2025-07-17 09:00:00,0.0,0.0,-1.3862943611198906,0.0,-4.366278277705742,0.0,5.752572638825633,0.0,-5.62040086571715,0.0,5.62040086571715,0.0,-5.0106352940962555,0.0,1.7525387560747734,0.0,-0.6539264674066638,0.0,-3.291382515654949,0.0,3.5924876084388706,0.0,-3.605791574065233,0.0,-0.48086586009288546,0.0
2025-07-17 10:00:00,0.0,0.0,0.0,0.0,-1.3862943611198906,0.0,-4.366278277705742,0.0,5.752572638825633,0.0,-5.62040086571715,0.0,5.62040086571715,0.0,-5.0106352940962555,0.0,1.7525387560747734,0.0,-0.6539264674066638,0.0,-3.291382515654949,0.0,3.5924876084388706,0.0,-3.605791574065233,0.0
2025-07-17 11:00:00,0.0,0.0,0.0,0.0,0.0,0.0,-1.3862943611198906,0.0,-4.366278277705742,0.0,5.752572638825633,0.0,-5.62040086571715,0.0,5.62040086571715,0.0,-5.0106352940962555,0.0,1.7525387560747734,0.0,-0.6539264674066638,0.0,-3.291382515654949,0.0,3.5924876084388706,0.0
2025-07-17 12:00:00,0.0,0.0,0.0,0.0,0.0,0.0,0.0,0.0,-1.3862943611198906,0.0,-4.366278277705742,0.0,5.752572638825633,0.0,-5.62040086571715,0.0,5.62040086571715,0.0,-5.0106352940962555,0.0,1.7525387560747734,0.0,-0.6539264674066638,0.0,-3.291382515654949,0.0
2025-07-17 13:00:00,5.575949103146316,0.0,0.0,0.0,0.0,0.0,0.0,0.0,0.0,0.0,-1.3862943611198906,0.0,-4.366278277705742,0.0,5.752572638825633,0.0,-5.62040086571715,0.0,5.62040086571715,0.0,-5.0106352940962555,0.0,1.7525387560747734,0.0,-0.6539264674066638,0.0
2025-07-17 14:00:00,1.0427898803709033,0.0,5.575949103146316,0.0,0.0,0.0,0.0,0.0,0.0,0.0,0.0,0.0,-1.3862943611198906,0.0,-4.366278277705742,0.0,5.752572638825633,0.0,-5.62040086571715,0.0,5.62040086571715,0.0,-5.0106352940962555,0.0,1.7525387560747734,0.0
2025-07-17 15:00:00,-0.3687637412577365,0.0,1.0427898803709033,0.0,5.575949103146316,0.0,0.0,0.0,0.0,0.0,0.0,0.0,0.0,0.0,-1.3862943611198906,0.0,-4.366278277705742,0.0,5.752572638825633,0.0,-5.62040086571715,0.0,5.62040086571715,0.0,-5.0106352940962555,0.0
2025-07-17 16:00:00,3.2434365896107984,0.0,-0.3687637412577365,0.0,1.0427898803709033,0.0,5.575949103146316,0.0,0.0,0.0,0.0,0.0,0.0,0.0,0.0,0.0,-1.3862943611198906,0.0,-4.366278277705742,0.0,5.752572638825633,0.0,-5.62040086571715,0.0,5.62040086571715,0.0
2025-07-17 17:00:00,0.5586681247156733,0.0,3.2434365896107984,0.0,-0.3687637412577365,0.0,1.0427898803709033,0.0,5.575949103146316,0.0,0.0,0.0,0.0,0.0,0.0,0.0,0.0,0.0,-1.3862943611198906,0.0,-4.366278277705742,0.0,5.752572638825633,0.0,-5.62040086571715,0.0
2025-07-17 18:00:00,-4.011825245308541,0.0,0.5586681247156733,0.0,3.2434365896107984,0.0,-0.3687637412577365,0.0,1.0427898803709033,0.0,5.575949103146316,0.0,0.0,0.0,0.0,0.0,0.0,0.0,0.0,0.0,-1.3862943611198906,0.0,-4.366278277705742,0.0,5.752572638825633,0.0
2025-07-17 19:00:00,0.2696635669491023,0.0,-4.011825245308541,0.0,0.5586681247156733,0.0,3.2434365896107984,0.0,-0.3687637412577365,0.0,1.0427898803709033,0.0,5.575949103146316,0.0,0.0,0.0,0.0,0.0,0.0,0.0,0.0,0.0,-1.3862943611198906,0.0,-4.366278277705742,0.0
2025-07-17 20:00:00,-1.8672670217361995,0.0,0.2696635669491023,0.0,-4.011825245308541,0.0,0.5586681247156733,0.0,3.2434365896107984,0.0,-0.3687637412577365,0.0,1.0427898803709033,0.0,5.575949103146316,0.0,0.0,0.0,0.0,0.0,0.0,0.0,0.0,0.0,-1.3862943611198906,0.0
2025-07-17 21:00:00,3.647137919299002,0.0,-1.8672670217361995,0.0,0.2696635669491023,0.0,-4.011825245308541,0.0,0.5586681247156733,0.0,3.2434365896107984,0.0,-0.3687637412577365,0.0,1.0427898803709033,0.0,5.575949103146316,0.0,0.0,0.0,0.0,0.0,0.0,0.0,0.0,0.0
2025-07-17 22:00:00,-1.6633007183316284,0.0,3.647137919299002,0.0,-1.8672670217361995,0.0,0.2696635669491023,0.0,-4.011825245308541,0.0,0.5586681247156733,0.0,3.2434365896107984,0.0,-0.3687637412577365,0.0,1.0427898803709033,0.0,5.575949103146316,0.0,0.0,0.0,0.0,0.0,0.0,0.0
2025-07-17 23:00:00,-0.5829440404263302,0.0,-1.6633007183316284,0.0,3.647137919299002,0.0,-1.8672670217361995,0.0,0.2696635669491023,0.0,-4.011825245308541,0.0,0.5586681247156733,0.0,3.2434365896107984,0.0,-0.3687637412577365,0.0,1.0427898803709033,0.0,5.575949103146316,0.0,0.0,0.0,0.0,0.0
2025-07-18 00:00:00,1.6036239425686798,0.0,-0.5829440404263302,0.0,-1.6633007183316284,0.0,3.647137919299002,0.0,-1.8672670217361995,0.0,0.2696635669491023,0.0,-4.011825245308541,0.0,0.5586681247156733,0.0,3.2434365896107984,0.0,-0.3687637412577365,0.0,1.0427898803709033,0.0,5.575949103146316,0.0,0.0,0.0
2025-07-18 01:00:00,1.933505329858031,0.0,1.6036239425686798,0.0,-0.5829440404263302,0.0,-1.6633007183316284,0.0,3.647137919299002,0.0,-1.8672670217361995,0.0,0.2696635669491023,0.0,-4.011825245308541,0.0,0.5586681247156733,0.0,3.2434365896107984,0.0,-0.3687637412577365,0.0,1.0427898803709033,0.0,5.575949103146316,0.0
2025-07-18 02:00:00,0.7589526098870785,0.0,1.933505329858031,0.0,1.6036239425686798,0.0,-0.5829440404263302,0.0,-1.6633007183316284,0.0,3.647137919299002,0.0,-1.8672670217361995,0.0,0.2696635669491023,0.0,-4.011825245308541,0.0,0.5586681247156733,0.0,3.2434365896107984,0.0,-0.3687637412577365,0.0,1.0427898803709033,0.0
2025-07-18 03:00:00,-4.2073811118971385,0.0,0.7589526098870785,0.0,1.933505329858031,0.0,1.6036239425686798,0.0,-0.5829440404263302,0.0,-1.6633007183316284,0.0,3.647137919299002,0.0,-1.8672670217361995,0.0,0.2696635669491023,0.0,-4.011825245308541,0.0,0.5586681247156733,0.0,3.2434365896107984,0.0,-0.3687637412577365,0.0
2025-07-18 04:00:00,0.5229533758921114,0.0,-4.2073811118971385,0.0,0.7589526098870785,0.0,1.933505329858031,0.0,1.6036239425686798,0.0,-0.5829440404263302,0.0,-1.6633007183316284,0.0,3.647137919299002,0.0,-1.8672670217361995,0.0,0.2696635669491023,0.0,-4.011825245308541,0.0,0.5586681247156733,0.0,3.2434365896107984,0.0
2025-07-18 05:00:00,0.5487755733825574,0.0,0.5229533758921114,0.0,-4.2073811118971385,0.0,0.7589526098870785,0.0,1.933505329858031,0.0,1.6036239425686798,0.0,-0.5829440404263302,0.0,-1.6633007183316284,0.0,3.647137919299002,0.0,-1.8672670217361995,0.0,0.2696635669491023,0.0,-4.011825245308541,0.0,0.5586681247156733,0.0
2025-07-18 06:00:00,-7.00397413672268,0.0,0.5487755733825574,0.0,0.5229533758921114,0.0,-4.2073811118971385,0.0,0.7589526098870785,0.0,1.933505329858031,0.0,1.6036239425686798,0.0,-0.5829440404263302,0.0,-1.6633007183316284,0.0,3.647137919299002,0.0,-1.8672670217361995,0.0,0.2696635669491023,0.0,-4.011825245308541,0.0
2025-07-18 07:00:00,8.653470809708786,0.0,-7.00397413672268,0.0,0.5487755733825574,0.0,0.5229533758921114,0.0,-4.2073811118971385,0.0,0.7589526098870785,0.0,1.933505329858031,0.0,1.6036239425686798,0.0,-0.5829440404263302,0.0,-1.6633007183316284,0.0,3.647137919299002,0.0,-1.8672670217361995,0.0,0.2696635669491023,0.0
2025-07-18 08:00:00,-8.653470809708786,0.0,8.653470809708786,0.0,-7.00397413672268,0.0,0.5487755733825574,0.0,0.5229533758921114,0.0,-4.2073811118971385,0.0,0.7589526098870785,0.0,1.933505329858031,0.0,1.6036239425686798,0.0,-0.5829440404263302,0.0,-1.6633007183316284,0.0,3.647137919299002,0.0,-1.8672670217361995,0.0
2025-07-18 09:00:00,0.0,0.0,-8.653470809708786,0.0,8.653470809708786,0.0,-7.00397413672268,0.0,0.5487755733825574,0.0,0.5229533758921114,0.0,-4.2073811118971385,0.0,0.7589526098870785,0.0,1.933505329858031,0.0,1.6036239425686798,0.0,-0.5829440404263302,0.0,-1.6633007183316284,0.0,3.647137919299002,0.0
2025-07-18 10:00:00,0.0,0.0,0.0,0.0,-8.653470809708786,0.0,8.653470809708786,0.0,-7.00397413672268,0.0,0.5487755733825574,0.0,0.5229533758921114,0.0,-4.2073811118971385,0.0,0.7589526098870785,0.0,1.933505329858031,0.0,1.6036239425686798,0.0,-0.5829440404263302,0.0,-1.6633007183316284,0.0
2025-07-18 11:00:00,0.0,0.0,0.0,0.0,0.0,0.0,-8.653470809708786,0.0,8.653470809708786,0.0,-7.00397413672268,0.0,0.5487755733825574,0.0,0.5229533758921114,0.0,-4.2073811118971385,0.0,0.7589526098870785,0.0,1.933505329858031,0.0,1.6036239425686798,0.0,-0.5829440404263302,0.0
2025-07-18 12:00:00,0.0,0.0,0.0,0.0,0.0,0.0,0.0,0.0,-8.653470809708786,0.0,8.653470809708786,0.0,-7.00397413672268,0.0,0.5487755733825574,0.0,0.5229533758921114,0.0,-4.2073811118971385,0.0,0.7589526098870785,0.0,1.933505329858031,0.0,1.6036239425686798,0.0
2025-07-18 13:00:00,5.723585101952381,0.0,0.0,0.0,0.0,0.0,0.0,0.0,0.0,0.0,-8.653470809708786,0.0,8.653470809708786,0.0,-7.00397413672268,0.0,0.5487755733825574,0.0,0.5229533758921114,0.0,-4.2073811118971385,0.0,0.7589526098870785,0.0,1.933505329858031,0.0
2025-07-18 14:00:00,1.7955648557174424,0.0,5.723585101952381,0.0,0.0,0.0,0.0,0.0,0.0,0.0,0.0,0.0,-8.653470809708786,0.0,8.653470809708786,0.0,-7.00397413672268,0.0,0.5487755733825574,0.0,0.5229533758921114,0.0,-4.2073811118971385,0.0,0.7589526098870785,0.0
2025-07-18 15:00:00,2.8827160733305384,0.0,1.7955648557174424,0.0,5.723585101952381,0.0,0.0,0.0,0.0,0.0,0.0,0.0,0.0,0.0,-8.653470809708786,0.0,8.653470809708786,0.0,-7.00397413672268,0.0,0.5487755733825574,0.0,0.5229533758921114,0.0,-4.2073811118971385,0.0
2025-07-18 16:00:00,-4.49378309283143,0.0,2.8827160733305384,0.0,1.7955648557174424,0.0,5.723585101952381,0.0,0.0,0.0,0.0,0.0,0.0,0.0,0.0,0.0,-8.653470809708786,0.0,8.653470809708786,0.0,-7.00397413672268,0.0,0.5487755733825574,0.0,0.5229533758921114,0.0
2025-07-18 17:00:00,2.7136504325212307,0.0,-4.49378309283143,0.0,2.8827160733305384,0.0,1.7955648557174424,0.0,5.723585101952381,0.0,0.0,0.0,0.0,0.0,0.0,0.0,0.0,0.0,-8.653470809708786,0.0,8.653470809708786,0.0,-7.00397413672268,0.0,0.5487755733825574,0.0
2025-07-18 18:00:00,-3.2698752372140953,0.0,2.7136504325212307,0.0,-4.49378309283143,0.0,2.8827160733305384,0.0,1.7955648557174424,0.0,5.723585101952381,0.0,0.0,0.0,0.0,0.0,0.0,0.0,0.0,0.0,-8.653470809708786,0.0,8.653470809708786,0.0,-7.00397413672268,0.0
2025-07-18 19:00:00,3.1970275046726604,0.0,-3.2698752372140953,0.0,2.7136504325212307,0.0,-4.49378309283143,0.0,2.8827160733305384,0.0,1.7955648557174424,0.0,5.723585101952381,0.0,0.0,0.0,0.0,0.0,0.0,0.0,0.0,0.0,-8.653470809708786,0.0,8.653470809708786,0.0
2025-07-18 20:00:00,-2.8551534993460272,0.0,3.1970275046726604,0.0,-3.2698752372140953,0.0,2.7136504325212307,0.0,-4.49378309283143,0.0,2.8827160733305384,0.0,1.7955648557174424,0.0,5.723585101952381,0.0,0.0,0.0,0.0,0.0,0.0,0.0,0.0,0.0,-8.653470809708786,0.0
2025-07-18 21:00:00,3.3660178745409812,0.0,-2.8551534993460272,0.0,3.1970275046726604,0.0,-3.2698752372140953,0.0,2.7136504325212307,0.0,-4.49378309283143,0.0,2.8827160733305384,0.0,1.7955648557174424,0.0,5.723585101952381,0.0,0.0,0.0,0.0,0.0,0.0,0.0,0.0,0.0
2025-07-18 22:00:00,-2.225641274529843,0.0,3.3660178745409812,0.0,-2.8551534993460272,0.0,3.1970275046726604,0.0,-3.2698752372140953,0.0,2.7136504325212307,0.0,-4.49378309283143,0.0,2.8827160733305384,0.0,1.7955648557174424,0.0,5.723585101952381,0.0,0.0,0.0,0.0,0.0,0.0,0.0
2025-07-18 23:00:00,-6.834108738813838,0.0,-2.225641274529843,0.0,3.3660178745409812,0.0,-2.8551534993460272,0.0,3.1970275046726604,0.0,-3.2698752372140953,0.0,2.7136504325212307,0.0,-4.49378309283143,0.0,2.8827160733305384,0.0,1.7955648557174424,0.0,5.723585101952381,0.0,0.0,0.0,0.0,0.0
2025-07-19 00:00:00,7.461065514354283,0.0,-6.834108738813838,0.0,-2.225641274529843,0.0,3.3660178745409812,0.0,-2.8551534993460272,0.0,3.1970275046726604,0.0,-3.2698752372140953,0.0,2.7136504325212307,0.0,-4.49378309283143,0.0,2.8827160733305384,0.0,1.7955648557174424,0.0,5.723585101952381,0.0,0.0,0.0
2025-07-19 01:00:00,-7.461065514354283,0.0,7.461065514354283,0.0,-6.834108738813838,0.0,-2.225641274529843,0.0,3.3660178745409812,0.0,-2.8551534993460272,0.0,3.1970275046726604,0.0,-3.2698752372140953,0.0,2.7136504325212307,0.0,-4.49378309283143,0.0,2.8827160733305384,0.0,1.7955648557174424,0.0,5.723585101952381,0.0
2025-07-19 02:00:00,4.2626798770413155,0.0,-7.461065514354283,0.0,7.461065514354283,0.0,-6.834108738813838,0.0,-2.225641274529843,0.0,3.3660178745409812,0.0,-2.8551534993460272,0.0,3.1970275046726604,0.0,-3.2698752372140953,0.0,2.7136504325212307,0.0,-4.49378309283143,0.0,2.8827160733305384,0.0,1.7955648557174424,0.0
2025-07-19 03:00:00,2.0026213356963947,0.0,4.2626798770413155,0.0,-7.461065514354283,0.0,7.461065514354283,0.0,-6.834108738813838,0.0,-2.225641274529843,0.0,3.3660178745409812,0.0,-2.8551534993460272,0.0,3.1970275046726604,0.0,-3.2698752372140953,0.0,2.7136504325212307,0.0,-4.49378309283143,0.0,2.8827160733305384,0.0
2025-07-19 04:00:00,1.1558763158576832,0.0,2.0026213356963947,0.0,4.2626798770413155,0.0,-7.461065514354283,0.0,7.461065514354283,0.0,-6.834108738813838,0.0,-2.225641274529843,0.0,3.3660178745409812,0.0,-2.8551534993460272,0.0,3.1970275046726604,0.0,-3.2698752372140953,0.0,2.7136504325212307,0.0,-4.49378309283143,0.0
2025-07-19 05:00:00,-7.421177528595393,0.0,1.1558763158576832,0.0,2.0026213356963947,0.0,4.2626798770413155,0.0,-7.461065514354283,0.0,7.461065514354283,0.0,-6.834108738813838,0.0,-2.225641274529843,0.0,3.3660178745409812,0.0,-2.8551534993460272,0.0,3.1970275046726604,0.0,-3.2698752372140953,0.0,2.7136504325212307,0.0
2025-07-19 06:00:00,5.752572638825633,0.0,-7.421177528595393,0.0,1.1558763158576832,0.0,2.0026213356963947,0.0,4.2626798770413155,0.0,-7.461065514354283,0.0,7.461065514354283,0.0,-6.834108738813838,0.0,-2.225641274529843,0.0,3.3660178745409812,0.0,-2.8551534993460272,0.0,3.1970275046726604,0.0,-3.2698752372140953,0.0
2025-07-19 07:00:00,-5.752572638825633,0.0,5.752572638825633,0.0,-7.421177528595393,0.0,1.1558763158576832,0.0,2.0026213356963947,0.0,4.2626798770413155,0.0,-7.461065514354283,0.0,7.461065514354283,0.0,-6.834108738813838,0.0,-2.225641274529843,0.0,3.3660178745409812,0.0,-2.8551534993460272,0.0,3.1970275046726604,0.0
2025-07-19 08:00:00,0.0,0.0,-5.752572638825633,0.0,5.752572638825633,0.0,-7.421177528595393,0.0,1.1558763158576832,0.0,2.0026213356963947,0.0,4.2626798770413155,0.0,-7.461065514354283,0.0,7.461065514354283,0.0,-6.834108738813838,0.0,-2.225641274529843,0.0,3.3660178745409812,0.0,-2.8551534993460272,0.0
2025-07-19 09:00:00,0.0,0.0,0.0,0.0,-5.752572638825633,0.0,5.752572638825633,0.0,-7.421177528595393,0.0,1.1558763158576832,0.0,2.0026213356963947,0.0,4.2626798770413155,0.0,-7.461065514354283,0.0,7.461065514354283,0.0,-6.834108738813838,0.0,-2.225641274529843,0.0,3.3660178745409812,0.0
2025-07-19 10:00:00,0.0,0.0,0.0,0.0,0.0,0.0,-5.752572638825633,0.0,5.752572638825633,0.0,-7.421177528595393,0.0,1.1558763158576832,0.0,2.0026213356963947,0.0,4.2626798770413155,0.0,-7.461065514354283,0.0,7.461065514354283,0.0,-6.834108738813838,0.0,-2.225641274529843,0.0
2025-07-19 11:00:00,0.0,0.0,0.0,0.0,0.0,0.0,0.0,0.0,-5.752572638825633,0.0,5.752572638825633,0.0,-7.421177528595393,0.0,1.1558763158576832,0.0,2.0026213356963947,0.0,4.2626798770413155,0.0,-7.461065514354283,0.0,7.461065514354283,0.0,-6.834108738813838,0.0
2025-07-19 12:00:00,0.0,0.0,0.0,0.0,0.0,0.0,0.0,0.0,0.0,0.0,-5.752572638825633,0.0,5.752572638825633,0.0,-7.421177528595393,0.0,1.1558763158576832,0.0,2.0026213356963947,0.0,4.2626798770413155,0.0,-7.461065514354283,0.0,7.461065514354283,0.0
2025-07-19 13:00:00,3.970291913552122,0.0,0.0,0.0,0.0,0.0,0.0,0.0,0.0,0.0,0.0,0.0,-5.752572638825633,0.0,5.752572638825633,0.0,-7.421177528595393,0.0,1.1558763158576832,0.0,2.0026213356963947,0.0,4.2626798770413155,0.0,-7.461065514354283,0.0
2025-07-19 14:00:00,1.9377910246168093,0.0,3.970291913552122,0.0,0.0,0.0,0.0,0.0,0.0,0.0,0.0,0.0,0.0,0.0,-5.752572638825633,0.0,5.752572638825633,0.0,-7.421177528595393,0.0,1.1558763158576832,0.0,2.0026213356963947,0.0,4.2626798770413155,0.0
2025-07-19 15:00:00,-2.612246072164602,0.0,1.9377910246168093,0.0,3.970291913552122,0.0,0.0,0.0,0.0,0.0,0.0,0.0,0.0,0.0,0.0,0.0,-5.752572638825633,0.0,5.752572638825633,0.0,-7.421177528595393,0.0,1.1558763158576832,0.0,2.0026213356963947,0.0
2025-07-19 16:00:00,-0.07696104113612856,0.0,-2.612246072164602,0.0,1.9377910246168093,0.0,3.970291913552122,0.0,0.0,0.0,0.0,0.0,0.0,0.0,0.0,0.0,0.0,0.0,-5.752572638825633,0.0,5.752572638825633,0.0,-7.421177528595393,0.0,1.1558763158576832,0.0
2025-07-19 17:00:00,4.120012308970679,0.0,-0.07696104113612856,0.0,-2.612246072164602,0.0,1.9377910246168093,0.0,3.970291913552122,0.0,0.0,0.0,0.0,0.0,0.0,0.0,0.0,0.0,0.0,0.0,-5.752572638825633,0.0,5.752572638825633,0.0,-7.421177528595393,0.0
2025-07-19 18:00:00,-4.940992861040509,0.0,4.120012308970679,0.0,-0.07696104113612856,0.0,-2.612246072164602,0.0,1.9377910246168093,0.0,3.970291913552122,0.0,0.0,0.0,0.0,0.0,0.0,0.0,0.0,0.0,0.0,0.0,-5.752572638825633,0.0,5.752572638825633,0.0
2025-07-19 19:00:00,3.1472821716811916,0.0,-4.940992861040509,0.0,4.120012308970679,0.0,-0.07696104113612856,0.0,-2.612246072164602,0.0,1.9377910246168093,0.0,3.970291913552122,0.0,0.0,0.0,0.0,0.0,0.0,0.0,0.0,0.0,0.0,0.0,-5.752572638825633,0.0
2025-07-19 20:00:00,0.0860343373418031,0.0,3.1472821716811916,0.0,-4.940992861040509,0.0,4.120012308970679,0.0,-0.07696104113612856,0.0,-2.612246072164602,0.0,1.9377910246168093,0.0,3.970291913552122,0.0,0.0,0.0,0.0,0.0,0.0,0.0,0.0,0.0,0.0,0.0
2025-07-19 21:00:00,-5.631211781821365,0.0,0.0860343373418031,0.0,3.1472821716811916,0.0,-4.940992861040509,0.0,4.120012308970679,0.0,-0.07696104113612856,0.0,-2.612246072164602,0.0,1.9377910246168093,0.0,3.970291913552122,0.0,0.0,0.0,0.0,0.0,0.0,0.0,0.0,0.0
2025-07-19 22:00:00,5.062595033026967,0.0,-5.631211781821365,0.0,0.0860343373418031,0.0,3.1472821716811916,0.0,-4.940992861040509,0.0,4.120012308970679,0.0,-0.07696104113612856,0.0,-2.612246072164602,0.0,1.9377910246168093,0.0,3.970291913552122,0.0,0.0,0.0,0.0,0.0,0.0,0.0
2025-07-19 23:00:00,-5.062595033026967,0.0,5.062595033026967,0.0,-5.631211781821365,0.0,0.0860343373418031,0.0,3.1472821716811916,0.0,-4.940992861040509,0.0,4.120012308970679,0.0,-0.07696104113612856,0.0,-2.612246072164602,0.0,1.9377910246168093,0.0,3.970291913552122,0.0,0.0,0.0,0.0,0.0
2025-07-20 00:00:00,5.726847747587197,0.0,-5.062595033026967,0.0,5.062595033026967,0.0,-5.631211781821365,0.0,0.0860343373418031,0.0,3.1472821716811916,0.0,-4.940992861040509,0.0,4.120012308970679,0.0,-0.07696104113612856,0.0,-2.612246072164602,0.0,1.9377910246168093,0.0,3.970291913552122,0.0,0.0,0.0
2025-07-20 01:00:00,0.6717471869480107,0.0,5.726847747587197,0.0,-5.062595033026967,0.0,5.062595033026967,0.0,-5.631211781821365,0.0,0.0860343373418031,0.0,3.1472821716811916,0.0,-4.940992861040509,0.0,4.120012308970679,0.0,-0.07696104113612856,0.0,-2.612246072164602,0.0,1.9377910246168093,0.0,3.970291913552122,0.0
2025-07-20 02:00:00,-6.398594934535208,0.0,0.6717471869480107,0.0,5.726847747587197,0.0,-5.062595033026967,0.0,5.062595033026967,0.0,-5.631211781821365,0.0,0.0860343373418031,0.0,3.1472821716811916,0.0,-4.940992861040509,0.0,4.120012308970679,0.0,-0.07696104113612856,0.0,-2.612246072164602,0.0,1.9377910246168093,0.0
2025-07-20 03:00:00,8.430981494597171,0.0,-6.398594934535208,0.0,0.6717471869480107,0.0,5.726847747587197,0.0,-5.062595033026967,0.0,5.062595033026967,0.0,-5.631211781821365,0.0,0.0860343373418031,0.0,3.1472821716811916,0.0,-4.940992861040509,0.0,4.120012308970679,0.0,-0.07696104113612856,0.0,-2.612246072164602,0.0
2025-07-20 04:00:00,-3.511000568769046,0.0,8.430981494597171,0.0,-6.398594934535208,0.0,0.6717471869480107,0.0,5.726847747587197,0.0,-5.062595033026967,0.0,5.062595033026967,0.0,-5.631211781821365,0.0,0.0860343373418031,0.0,3.1472821716811916,0.0,-4.940992861040509,0.0,4.120012308970679,0.0,-0.07696104113612856,0.0
2025-07-20 05:00:00,2.0993157278869194,0.0,-3.511000568769046,0.0,8.430981494597171,0.0,-6.398594934535208,0.0,0.6717471869480107,0.0,5.726847747587197,0.0,-5.062595033026967,0.0,5.062595033026967,0.0,-5.631211781821365,0.0,0.0860343373418031,0.0,3.1472821716811916,0.0,-4.940992861040509,0.0,4.120012308970679,0.0
2025-07-20 06:00:00,-4.246707931475264,0.0,2.0993157278869194,0.0,-3.511000568769046,0.0,8.430981494597171,0.0,-6.398594934535208,0.0,0.6717471869480107,0.0,5.726847747587197,0.0,-5.062595033026967,0.0,5.062595033026967,0.0,-5.631211781821365,0.0,0.0860343373418031,0.0,3.1472821716811916,0.0,-4.940992861040509,0.0
2025-07-20 07:00:00,1.1977031913123408,0.0,-4.246707931475264,0.0,2.0993157278869194,0.0,-3.511000568769046,0.0,8.430981494597171,0.0,-6.398594934535208,0.0,0.6717471869480107,0.0,5.726847747587197,0.0,-5.062595033026967,0.0,5.062595033026967,0.0,-5.631211781821365,0.0,0.0860343373418031,0.0,3.1472821716811916,0.0
2025-07-20 08:00:00,-3.970291913552122,0.0,1.1977031913123408,0.0,-4.246707931475264,0.0,2.0993157278869194,0.0,-3.511000568769046,0.0,8.430981494597171,0.0,-6.398594934535208,0.0,0.6717471869480107,0.0,5.726847747587197,0.0,-5.062595033026967,0.0,5.062595033026967,0.0,-5.631211781821365,0.0,0.0860343373418031,0.0
2025-07-20 09:00:00,0.0,0.0,-3.970291913552122,0.0,1.1977031913123408,0.0,-4.246707931475264,0.0,2.0993157278869194,0.0,-3.511000568769046,0.0,8.430981494597171,0.0,-6.398594934535208,0.0,0.6717471869480107,0.0,5.726847747587197,0.0,-5.062595033026967,0.0,5.062595033026967,0.0,-5.631211781821365,0.0
2025-07-20 10:00:00,0.0,0.0,0.0,0.0,-3.970291913552122,0.0,1.1977031913123408,0.0,-4.246707931475264,0.0,2.0993157278869194,0.0,-3.511000568769046,0.0,8.430981494597171,0.0,-6.398594934535208,0.0,0.6717471869480107,0.0,5.726847747587197,0.0,-5.062595033026967,0.0,5.062595033026967,0.0
2025-07-20 11:00:00,0.0,0.0,0.0,0.0,0.0,0.0,-3.970291913552122,0.0,1.1977031913123408,0.0,-4.246707931475264,0.0,2.0993157278869194,0.0,-3.511000568769046,0.0,8.430981494597171,0.0,-6.398594934535208,0.0,0.6717471869480107,0.0,5.726847747587197,0.0,-5.062595033026967,0.0
2025-07-20 12:00:00,0.0,0.0,0.0,0.0,0.0,0.0,0.0,0.0,-3.970291913552122,0.0,1.1977031913123408,0.0,-4.246707931475264,0.0,2.0993157278869194,0.0,-3.511000568769046,0.0,8.430981494597171,0.0,-6.398594934535208,0.0,0.6717471869480107,0.0,5.726847747587197,0.0
2025-07-20 13:00:00,5.017279836814924,0.0,0.0,0.0,0.0,0.0,0.0,0.0,0.0,0.0,-3.970291913552122,0.0,1.1977031913123408,0.0,-4.246707931475264,0.0,2.0993157278869194,0.0,-3.511000568769046,0.0,8.430981494597171,0.0,-6.398594934535208,0.0,0.6717471869480107,0.0
2025-07-20 14:00:00,1.6534864840309496,0.0,5.017279836814924,0.0,0.0,0.0,0.0,0.0,0.0,0.0,0.0,0.0,-3.970291913552122,0.0,1.1977031913123408,0.0,-4.246707931475264,0.0,2.0993157278869194,0.0,-3.511000568769046,0.0,8.430981494597171,0.0,-6.398594934535208,0.0
2025-07-20 15:00:00,-6.670766320845874,0.0,1.6534864840309496,0.0,5.017279836814924,0.0,0.0,0.0,0.0,0.0,0.0,0.0,0.0,0.0,-3.970291913552122,0.0,1.1977031913123408,0.0,-4.246707931475264,0.0,2.0993157278869194,0.0,-3.511000568769046,0.0,8.430981494597171,0.0
2025-07-20 16:00:00,0.0,0.0,-6.670766320845874,0.0,1.6534864840309496,0.0,5.017279836814924,0.0,0.0,0.0,0.0,0.0,0.0,0.0,0.0,0.0,-3.970291913552122,0.0,1.1977031913123408,0.0,-4.246707931475264,0.0,2.0993157278869194,0.0,-3.511000568769046,0.0
2025-07-20 17:00:00,0.0,0.0,0.0,0.0,-6.670766320845874,0.0,1.6534864840309496,0.0,5.017279836814924,0.0,0.0,0.0,0.0,0.0,0.0,0.0,0.0,0.0,-3.970291913552122,0.0,1.1977031913123408,0.0,-4.246707931475264,0.0,2.0993157278869194,0.0
2025-07-20 18:00:00,3.4657359027997265,0.0,0.0,0.0,0.0,0.0,-6.670766320845874,0.0,1.6534864840309496,0.0,5.017279836814924,0.0,0.0,0.0,0.0,0.0,0.0,0.0,0.0,0.0,-3.970291913552122,0.0,1.1977031913123408,0.0,-4.246707931475264,0.0
2025-07-20 19:00:00,-1.0678406300013559,0.0,3.4657359027997265,0.0,0.0,0.0,0.0,0.0,-6.670766320845874,0.0,1.6534864840309496,0.0,5.017279836814924,0.0,0.0,0.0,0.0,0.0,0.0,0.0,0.0,0.0,-3.970291913552122,0.0,1.1977031913123408,0.0
2025-07-20 20:00:00,2.9444389791664403,0.0,-1.0678406300013559,0.0,3.4657359027997265,0.0,0.0,0.0,0.0,0.0,-6.670766320845874,0.0,1.6534864840309496,0.0,5.017279836814924,0.0,0.0,0.0,0.0,0.0,0.0,0.0,0.0,0.0,-3.970291913552122,0.0
2025-07-20 21:00:00,-3.550574782736756,0.0,2.9444389791664403,0.0,-1.0678406300013559,0.0,3.4657359027997265,0.0,0.0,0.0,0.0,0.0,-6.670766320845874,0.0,1.6534864840309496,0.0,5.017279836814924,0.0,0.0,0.0,0.0,0.0,0.0,0.0,0.0,0.0
2025-07-20 22:00:00,5.881463651893654,0.0,-3.550574782736756,0.0,2.9444389791664403,0.0,-1.0678406300013559,0.0,3.4657359027997265,0.0,0.0,0.0,0.0,0.0,-6.670766320845874,0.0,1.6534864840309496,0.0,5.017279836814924,0.0,0.0,0.0,0.0,0.0,0.0,0.0
2025-07-20 23:00:00,0.6772068524164272,0.0,5.881463651893654,0.0,-3.550574782736756,0.0,2.9444389791664403,0.0,-1.0678406300013559,0.0,3.4657359027997265,0.0,0.0,0.0,0.0,0.0,-6.670766320845874,0.0,1.6534864840309496,0.0,5.017279836814924,0.0,0.0,0.0,0.0,0.0
2025-07-21 00:00:00,-6.558670504310081,0.0,0.6772068524164272,0.0,5.881463651893654,0.0,-3.550574782736756,0.0,2.9444389791664403,0.0,-1.0678406300013559,0.0,3.4657359027997265,0.0,0.0,0.0,0.0,0.0,-6.670766320845874,0.0,1.6534864840309496,0.0,5.017279836814924,0.0,0.0,0.0
2025-07-21 01:00:00,7.7263596768990315,0.0,-6.558670504310081,0.0,0.6772068524164272,0.0,5.881463651893654,0.0,-3.550574782736756,0.0,2.9444389791664403,0.0,-1.0678406300013559,0.0,3.4657359027997265,0.0,0.0,0.0,0.0,0.0,-6.670766320845874,0.0,1.6534864840309496,0.0,5.017279836814924,0.0
2025-07-21 02:00:00,-7.7263596768990315,0.0,7.7263596768990315,0.0,-6.558670504310081,0.0,0.6772068524164272,0.0,5.881463651893654,0.0,-3.550574782736756,0.0,2.9444389791664403,0.0,-1.0678406300013559,0.0,3.4657359027997265,0.0,0.0,0.0,0.0,0.0,-6.670766320845874,0.0,1.6534864840309496,0.0
2025-07-21 03:00:00,2.178532444324067,0.0,-7.7263596768990315,0.0,7.7263596768990315,0.0,-6.558670504310081,0.0,0.6772068524164272,0.0,5.881463651893654,0.0,-3.550574782736756,0.0,2.9444389791664403,0.0,-1.0678406300013559,0.0,3.4657359027997265,0.0,0.0,0.0,0.0,0.0,-6.670766320845874,0.0
2025-07-21 04:00:00,2.2969086349892405,0.0,2.178532444324067,0.0,-7.7263596768990315,0.0,7.7263596768990315,0.0,-6.558670504310081,0.0,0.6772068524164272,0.0,5.881463651893654,0.0,-3.550574782736756,0.0,2.9444389791664403,0.0,-1.0678406300013559,0.0,3.4657359027997265,0.0,0.0,0.0,0.0,0.0
2025-07-21 05:00:00,1.8789289614840428,0.0,2.2969086349892405,0.0,2.178532444324067,0.0,-7.7263596768990315,0.0,7.7263596768990315,0.0,-6.558670504310081,0.0,0.6772068524164272,0.0,5.881463651893654,0.0,-3.550574782736756,0.0,2.9444389791664403,0.0,-1.0678406300013559,0.0,3.4657359027997265,0.0,0.0,0.0
2025-07-21 06:00:00,-5.373540787785624,0.0,1.8789289614840428,0.0,2.2969086349892405,0.0,2.178532444324067,0.0,-7.7263596768990315,0.0,7.7263596768990315,0.0,-6.558670504310081,0.0,0.6772068524164272,0.0,5.881463651893654,0.0,-3.550574782736756,0.0,2.9444389791664403,0.0,-1.0678406300013559,0.0,3.4657359027997265,0.0
2025-07-21 07:00:00,-2.772588722239781,0.0,-5.373540787785624,0.0,1.8789289614840428,0.0,2.2969086349892405,0.0,2.178532444324067,0.0,-7.7263596768990315,0.0,7.7263596768990315,0.0,-6.558670504310081,0.0,0.6772068524164272,0.0,5.881463651893654,0.0,-3.550574782736756,0.0,2.9444389791664403,0.0,-1.0678406300013559,0.0
2025-07-21 08:00:00,0.0,0.0,-2.772588722239781,0.0,-5.373540787785624,0.0,1.8789289614840428,0.0,2.2969086349892405,0.0,2.178532444324067,0.0,-7.7263596768990315,0.0,7.7263596768990315,0.0,-6.558670504310081,0.0,0.6772068524164272,0.0,5.881463651893654,0.0,-3.550574782736756,0.0,2.9444389791664403,0.0
2025-07-21 09:00:00,0.0,0.0,0.0,0.0,-2.772588722239781,0.0,-5.373540787785624,0.0,1.8789289614840428,0.0,2.2969086349892405,0.0,2.178532444324067,0.0,-7.7263596768990315,0.0,7.7263596768990315,0.0,-6.558670504310081,0.0,0.6772068524164272,0.0,5.881463651893654,0.0,-3.550574782736756,0.0
2025-07-21 10:00:00,0.0,0.0,0.0,0.0,0.0,0.0,-2.772588722239781,0.0,-5.373540787785624,0.0,1.8789289614840428,0.0,2.2969086349892405,0.0,2.178532444324067,0.0,-7.7263596768990315,0.0,7.7263596768990315,0.0,-6.558670504310081,0.0,0.6772068524164272,0.0,5.881463651893654,0.0
2025-07-21 11:00:00,0.0,0.0,0.0,0.0,0.0,0.0,0.0,0.0,-2.772588722239781,0.0,-5.373540787785624,0.0,1.8789289614840428,0.0,2.2969086349892405,0.0,2.178532444324067,0.0,-7.7263596768990315,0.0,7.7263596768990315,0.0,-6.558670504310081,0.0,0.6772068524164272,0.0
2025-07-21 12:00:00,0.0,0.0,0.0,0.0,0.0,0.0,0.0,0.0,0.0,0.0,-2.772588722239781,0.0,-5.373540787785624,0.0,1.8789289614840428,0.0,2.2969086349892405,0.0,2.178532444324067,0.0,-7.7263596768990315,0.0,7.7263596768990315,0.0,-6.558670504310081,0.0
2025-07-21 13:00:00,9.467614782006539,0.0,0.0,0.0,0.0,0.0,0.0,0.0,0.0,0.0,0.0,0.0,-2.772588722239781,0.0,-5.373540787785624,0.0,1.8789289614840428,0.0,2.2969086349892405,0.0,2.178532444324067,0.0,-7.7263596768990315,0.0,7.7263596768990315,0.0
2025-07-21 14:00:00,-2.0105826928841584,0.0,9.467614782006539,0.0,0.0,0.0,0.0,0.0,0.0,0.0,0.0,0.0,0.0,0.0,-2.772588722239781,0.0,-5.373540787785624,0.0,1.8789289614840428,0.0,2.2969086349892405,0.0,2.178532444324067,0.0,-7.7263596768990315,0.0
2025-07-21 15:00:00,-0.9572450484665262,0.0,-2.0105826928841584,0.0,9.467614782006539,0.0,0.0,0.0,0.0,0.0,0.0,0.0,0.0,0.0,0.0,0.0,-2.772588722239781,0.0,-5.373540787785624,0.0,1.8789289614840428,0.0,2.2969086349892405,0.0,2.178532444324067,0.0
2025-07-21 16:00:00,0.46718009795812865,0.0,-0.9572450484665262,0.0,-2.0105826928841584,0.0,9.467614782006539,0.0,0.0,0.0,0.0,0.0,0.0,0.0,0.0,0.0,0.0,0.0,-2.772588722239781,0.0,-5.373540787785624,0.0,1.8789289614840428,0.0,2.2969086349892405,0.0
2025-07-21 17:00:00,-1.7199430664534967,0.0,0.46718009795812865,0.0,-0.9572450484665262,0.0,-2.0105826928841584,0.0,9.467614782006539,0.0,0.0,0.0,0.0,0.0,0.0,0.0,0.0,0.0,0.0,0.0,-2.772588722239781,0.0,-5.373540787785624,0.0,1.8789289614840428,0.0
2025-07-21 18:00:00,-0.528525200865392,0.0,-1.7199430664534967,0.0,0.46718009795812865,0.0,-0.9572450484665262,0.0,-2.0105826928841584,0.0,9.467614782006539,0.0,0.0,0.0,0.0,0.0,0.0,0.0,0.0,0.0,0.0,0.0,-2.772588722239781,0.0,-5.373540787785624,0.0
2025-07-21 19:00:00,4.934216962809351,0.0,-0.528525200865392,0.0,-1.7199430664534967,0.0,0.46718009795812865,0.0,-0.9572450484665262,0.0,-2.0105826928841584,0.0,9.467614782006539,0.0,0.0,0.0,0.0,0.0,0.0,0.0,0.0,0.0,0.0,0.0,-2.772588722239781,0.0
2025-07-21 20:00:00,-1.2604058248348977,0.0,4.934216962809351,0.0,-0.528525200865392,0.0,-1.7199430664534967,0.0,0.46718009795812865,0.0,-0.9572450484665262,0.0,-2.0105826928841584,0.0,9.467614782006539,0.0,0.0,0.0,0.0,0.0,0.0,0.0,0.0,0.0,0.0,0.0
2025-07-21 21:00:00,-8.392310009269547,0.0,-1.2604058248348977,0.0,4.934216962809351,0.0,-0.528525200865392,0.0,-1.7199430664534967,0.0,0.46718009795812865,0.0,-0.9572450484665262,0.0,-2.0105826928841584,0.0,9.467614782006539,0.0,0.0,0.0,0.0,0.0,0.0,0.0,0.0,0.0
2025-07-21 22:00:00,6.318968113746434,0.0,-8.392310009269547,0.0,-1.2604058248348977,0.0,4.934216962809351,0.0,-0.528525200865392,0.0,-1.7199430664534967,0.0,0.46718009795812865,0.0,-0.9572450484665262,0.0,-2.0105826928841584,0.0,9.467614782006539,0.0,0.0,0.0,0.0,0.0,0.0,0.0
2025-07-21 23:00:00,-0.4300901554135539,0.0,6.318968113746434,0.0,-8.392310009269547,0.0,-1.2604058248348977,0.0,4.934216962809351,0.0,-0.528525200865392,0.0,-1.7199430664534967,0.0,0.46718009795812865,0.0,-0.9572450484665262,0.0,-2.0105826928841584,0.0,9.467614782006539,0.0,0.0,0.0,0.0,0.0
2025-07-22 00:00:00,-5.8888779583328805,0.0,-0.4300901554135539,0.0,6.318968113746434,0.0,-8.392310009269547,0.0,-1.2604058248348977,0.0,4.934216962809351,0.0,-0.528525200865392,0.0,-1.7199430664534967,0.0,0.46718009795812865,0.0,-0.9572450484665262,0.0,-2.0105826928841584,0.0,9.467614782006539,0.0,0.0,0.0
2025-07-22 01:00:00,0.0,0.0,-5.8888779583328805,0.0,-0.4300901554135539,0.0,6.318968113746434,0.0,-8.392310009269547,0.0,-1.2604058248348977,0.0,4.934216962809351,0.0,-0.528525200865392,0.0,-1.7199430664534967,0.0,0.46718009795812865,0.0,-0.9572450484665262,0.0,-2.0105826928841584,0.0,9.467614782006539,0.0
2025-07-22 02:00:00,7.224753405767971,0.0,0.0,0.0,-5.8888779583328805,0.0,-0.4300901554135539,0.0,6.318968113746434,0.0,-8.392310009269547,0.0,-1.2604058248348977,0.0,4.934216962809351,0.0,-0.528525200865392,0.0,-1.7199430664534967,0.0,0.46718009795812865,0.0,-0.9572450484665262,0.0,-2.0105826928841584,0.0
2025-07-22 03:00:00,-1.597132292077334,0.0,7.224753405767971,0.0,0.0,0.0,-5.8888779583328805,0.0,-0.4300901554135539,0.0,6.318968113746434,0.0,-8.392310009269547,0.0,-1.2604058248348977,0.0,4.934216962809351,0.0,-0.528525200865392,0.0,-1.7199430664534967,0.0,0.46718009795812865,0.0,-0.9572450484665262,0.0
2025-07-22 04:00:00,1.103396986791446,0.0,-1.597132292077334,0.0,7.224753405767971,0.0,0.0,0.0,-5.8888779583328805,0.0,-0.4300901554135539,0.0,6.318968113746434,0.0,-8.392310009269547,0.0,-1.2604058248348977,0.0,4.934216962809351,0.0,-0.528525200865392,0.0,-1.7199430664534967,0.0,0.46718009795812865,0.0
2025-07-22 05:00:00,-6.037870919922137,0.0,1.103396986791446,0.0,-1.597132292077334,0.0,7.224753405767971,0.0,0.0,0.0,-5.8888779583328805,0.0,-0.4300901554135539,0.0,6.318968113746434,0.0,-8.392310009269547,0.0,-1.2604058248348977,0.0,4.934216962809351,0.0,-0.528525200865392,0.0,-1.7199430664534967,0.0
2025-07-22 06:00:00,4.241326752570746,0.0,-6.037870919922137,0.0,1.103396986791446,0.0,-1.597132292077334,0.0,7.224753405767971,0.0,0.0,0.0,-5.8888779583328805,0.0,-0.4300901554135539,0.0,6.318968113746434,0.0,-8.392310009269547,0.0,-1.2604058248348977,0.0,4.934216962809351,0.0,-0.528525200865392,0.0
2025-07-22 07:00:00,-4.9344739331306915,0.0,4.241326752570746,0.0,-6.037870919922137,0.0,1.103396986791446,0.0,-1.597132292077334,0.0,7.224753405767971,0.0,0.0,0.0,-5.8888779583328805,0.0,-0.4300901554135539,0.0,6.318968113746434,0.0,-8.392310009269547,0.0,-1.2604058248348977,0.0,4.934216962809351,0.0
2025-07-22 08:00:00,0.0,0.0,-4.9344739331306915,0.0,4.241326752570746,0.0,-6.037870919922137,0.0,1.103396986791446,0.0,-1.597132292077334,0.0,7.224753405767971,0.0,0.0,0.0,-5.8888779583328805,0.0,-0.4300901554135539,0.0,6.318968113746434,0.0,-8.392310009269547,0.0,-1.2604058248348977,0.0
2025-07-22 09:00:00,0.0,0.0,0.0,0.0,-4.9344739331306915,0.0,4.241326752570746,0.0,-6.037870919922137,0.0,1.103396986791446,0.0,-1.597132292077334,0.0,7.224753405767971,0.0,0.0,0.0,-5.8888779583328805,0.0,-0.4300901554135539,0.0,6.318968113746434,0.0,-8.392310009269547,0.0
2025-07-22 10:00:00,0.0,0.0,0.0,0.0,0.0,0.0,-4.9344739331306915,0.0,4.241326752570746,0.0,-6.037870919922137,0.0,1.103396986791446,0.0,-1.597132292077334,0.0,7.224753405767971,0.0,0.0,0.0,-5.8888779583328805,0.0,-0.4300901554135539,0.0,6.318968113746434,0.0
2025-07-22 11:00:00,0.0,0.0,0.0,0.0,0.0,0.0,0.0,0.0,-4.9344739331306915,0.0,4.241326752570746,0.0,-6.037870919922137,0.0,1.103396986791446,0.0,-1.597132292077334,0.0,7.224753405767971,0.0,0.0,0.0,-5.8888779583328805,0.0,-0.4300901554135539,0.0
2025-07-22 12:00:00,0.0,0.0,0.0,0.0,0.0,0.0,0.0,0.0,0.0,0.0,-4.9344739331306915,0.0,4.241326752570746,0.0,-6.037870919922137,0.0,1.103396986791446,0.0,-1.597132292077334,0.0,7.224753405767971,0.0,0.0,0.0,-5.8888779583328805,0.0
2025-07-22 13:00:00,5.123963979403259,0.0,0.0,0.0,0.0,0.0,0.0,0.0,0.0,0.0,0.0,0.0,-4.9344739331306915,0.0,4.241326752570746,0.0,-6.037870919922137,0.0,1.103396986791446,0.0,-1.597132292077334,0.0,7.224753405767971,0.0,0.0,0.0
2025-07-22 14:00:00,2.0461555640463693,0.0,5.123963979403259,0.0,0.0,0.0,0.0,0.0,0.0,0.0,0.0,0.0,0.0,0.0,-4.9344739331306915,0.0,4.241326752570746,0.0,-6.037870919922137,0.0,1.103396986791446,0.0,-1.597132292077334,0.0,7.224753405767971,0.0
2025-07-22 15:00:00,-2.5549990266083684,0.0,2.0461555640463693,0.0,5.123963979403259,0.0,0.0,0.0,0.0,0.0,0.0,0.0,0.0,0.0,0.0,0.0,-4.9344739331306915,0.0,4.241326752570746,0.0,-6.037870919922137,0.0,1.103396986791446,0.0,-1.597132292077334,0.0
2025-07-22 16:00:00,2.5449486907548673,0.0,-2.5549990266083684,0.0,2.0461555640463693,0.0,5.123963979403259,0.0,0.0,0.0,0.0,0.0,0.0,0.0,0.0,0.0,0.0,0.0,-4.9344739331306915,0.0,4.241326752570746,0.0,-6.037870919922137,0.0,1.103396986791446,0.0
2025-07-22 17:00:00,-3.1347175168609773,0.0,2.5449486907548673,0.0,-2.5549990266083684,0.0,2.0461555640463693,0.0,5.123963979403259,0.0,0.0,0.0,0.0,0.0,0.0,0.0,0.0,0.0,0.0,0.0,-4.9344739331306915,0.0,4.241326752570746,0.0,-6.037870919922137,0.0
2025-07-22 18:00:00,5.60855562471318,0.0,-3.1347175168609773,0.0,2.5449486907548673,0.0,-2.5549990266083684,0.0,2.0461555640463693,0.0,5.123963979403259,0.0,0.0,0.0,0.0,0.0,0.0,0.0,0.0,0.0,0.0,0.0,-4.9344739331306915,0.0,4.241326752570746,0.0
2025-07-22 19:00:00,-2.2338977982856374,0.0,5.60855562471318,0.0,-3.1347175168609773,0.0,2.5449486907548673,0.0,-2.5549990266083684,0.0,2.0461555640463693,0.0,5.123963979403259,0.0,0.0,0.0,0.0,0.0,0.0,0.0,0.0,0.0,0.0,0.0,-4.9344739331306915,0.0
2025-07-22 20:00:00,0.5480224734745915,0.0,-2.2338977982856374,0.0,5.60855562471318,0.0,-3.1347175168609773,0.0,2.5449486907548673,0.0,-2.5549990266083684,0.0,2.0461555640463693,0.0,5.123963979403259,0.0,0.0,0.0,0.0,0.0,0.0,0.0,0.0,0.0,0.0,0.0
2025-07-22 21:00:00,1.6068196467767235,0.0,0.5480224734745915,0.0,-2.2338977982856374,0.0,5.60855562471318,0.0,-3.1347175168609773,0.0,2.5449486907548673,0.0,-2.5549990266083684,0.0,2.0461555640463693,0.0,5.123963979403259,0.0,0.0,0.0,0.0,0.0,0.0,0.0,0.0,0.0
2025-07-22 22:00:00,-4.334495812335683,0.0,1.6068196467767235,0.0,0.5480224734745915,0.0,-2.2338977982856374,0.0,5.60855562471318,0.0,-3.1347175168609773,0.0,2.5449486907548673,0.0,-2.5549990266083684,0.0,2.0461555640463693,0.0,5.123963979403259,0.0,0.0,0.0,0.0,0.0,0.0,0.0
2025-07-22 23:00:00,2.7517653038433307,0.0,-4.334495812335683,0.0,1.6068196467767235,0.0,0.5480224734745915,0.0,-2.2338977982856374,0.0,5.60855562471318,0.0,-3.1347175168609773,0.0,2.5449486907548673,0.0,-2.5549990266083684,0.0,2.0461555640463693,0.0,5.123963979403259,0.0,0.0,0.0,0.0,0.0
2025-07-23 00:00:00,-1.5818804618563052,0.0,2.7517653038433307,0.0,-4.334495812335683,0.0,1.6068196467767235,0.0,0.5480224734745915,0.0,-2.2338977982856374,0.0,5.60855562471318,0.0,-3.1347175168609773,0.0,2.5449486907548673,0.0,-2.5549990266083684,0.0,2.0461555640463693,0.0,5.123963979403259,0.0,0.0,0.0
2025-07-23 01:00:00,-2.215853397169713,0.0,-1.5818804618563052,0.0,2.7517653038433307,0.0,-4.334495812335683,0.0,1.6068196467767235,0.0,0.5480224734745915,0.0,-2.2338977982856374,0.0,5.60855562471318,0.0,-3.1347175168609773,0.0,2.5449486907548673,0.0,-2.5549990266083684,0.0,2.0461555640463693,0.0,5.123963979403259,0.0
2025-07-23 02:00:00,5.232752678055154,0.0,-2.215853397169713,0.0,-1.5818804618563052,0.0,2.7517653038433307,0.0,-4.334495812335683,0.0,1.6068196467767235,0.0,0.5480224734745915,0.0,-2.2338977982856374,0.0,5.60855562471318,0.0,-3.1347175168609773,0.0,2.5449486907548673,0.0,-2.5549990266083684,0.0,2.0461555640463693,0.0
2025-07-23 03:00:00,-0.4790298697481443,0.0,5.232752678055154,0.0,-2.215853397169713,0.0,-1.5818804618563052,0.0,2.7517653038433307,0.0,-4.334495812335683,0.0,1.6068196467767235,0.0,0.5480224734745915,0.0,-2.2338977982856374,0.0,5.60855562471318,0.0,-3.1347175168609773,0.0,2.5449486907548673,0.0,-2.5549990266083684,0.0
2025-07-23 04:00:00,-2.544603443318641,0.0,-0.4790298697481443,0.0,5.232752678055154,0.0,-2.215853397169713,0.0,-1.5818804618563052,0.0,2.7517653038433307,0.0,-4.334495812335683,0.0,1.6068196467767235,0.0,0.5480224734745915,0.0,-2.2338977982856374,0.0,5.60855562471318,0.0,-3.1347175168609773,0.0,2.5449486907548673,0.0
2025-07-23 05:00:00,-6.3835066348840055,0.0,-2.544603443318641,0.0,-0.4790298697481443,0.0,5.232752678055154,0.0,-2.215853397169713,0.0,-1.5818804618563052,0.0,2.7517653038433307,0.0,-4.334495812335683,0.0,1.6068196467767235,0.0,0.5480224734745915,0.0,-2.2338977982856374,0.0,5.60855562471318,0.0,-3.1347175168609773,0.0
2025-07-23 06:00:00,3.5553480614894135,0.0,-6.3835066348840055,0.0,-2.544603443318641,0.0,-0.4790298697481443,0.0,5.232752678055154,0.0,-2.215853397169713,0.0,-1.5818804618563052,0.0,2.7517653038433307,0.0,-4.334495812335683,0.0,1.6068196467767235,0.0,0.5480224734745915,0.0,-2.2338977982856374,0.0,5.60855562471318,0.0
2025-07-23 07:00:00,-0.15415067982725805,0.0,3.5553480614894135,0.0,-6.3835066348840055,0.0,-2.544603443318641,0.0,-0.4790298697481443,0.0,5.232752678055154,0.0,-2.215853397169713,0.0,-1.5818804618563052,0.0,2.7517653038433307,0.0,-4.334495812335683,0.0,1.6068196467767235,0.0,0.5480224734745915,0.0,-2.2338977982856374,0.0
2025-07-23 08:00:00,-3.4011973816621555,0.0,-0.15415067982725805,0.0,3.5553480614894135,0.0,-6.3835066348840055,0.0,-2.544603443318641,0.0,-0.4790298697481443,0.0,5.232752678055154,0.0,-2.215853397169713,0.0,-1.5818804618563052,0.0,2.7517653038433307,0.0,-4.334495812335683,0.0,1.6068196467767235,0.0,0.5480224734745915,0.0
2025-07-23 09:00:00,0.0,0.0,-3.4011973816621555,0.0,-0.15415067982725805,0.0,3.5553480614894135,0.0,-6.3835066348840055,0.0,-2.544603443318641,0.0,-0.4790298697481443,0.0,5.232752678055154,0.0,-2.215853397169713,0.0,-1.5818804618563052,0.0,2.7517653038433307,0.0,-4.334495812335683,0.0,1.6068196467767235,0.0
2025-07-23 10:00:00,0.0,0.0,0.0,0.0,-3.4011973816621555,0.0,-0.15415067982725805,0.0,3.5553480614894135,0.0,-6.3835066348840055,0.0,-2.544603443318641,0.0,-0.4790298697481443,0.0,5.232752678055154,0.0,-2.215853397169713,0.0,-1.5818804618563052,0.0,2.7517653038433307,0.0,-4.334495812335683,0.0
2025-07-23 11:00:00,0.0,0.0,0.0,0.0,0.0,0.0,-3.4011973816621555,0.0,-0.15415067982725805,0.0,3.5553480614894135,0.0,-6.3835066348840055,0.0,-2.544603443318641,0.0,-0.4790298697481443,0.0,5.232752678055154,0.0,-2.215853397169713,0.0,-1.5818804618563052,0.0,2.7517653038433307,0.0
2025-07-23 12:00:00,0.0,0.0,0.0,0.0,0.0,0.0,0.0,0.0,-3.4011973816621555,0.0,-0.15415067982725805,0.0,3.5553480614894135,0.0,-6.3835066348840055,0.0,-2.544603443318641,0.0,-0.4790298697481443,0.0,5.232752678055154,0.0,-2.215853397169713,0.0,-1.5818804618563052,0.0
2025-07-23 13:00:00,0.0,0.0,0.0,0.0,0.0,0.0,0.0,0.0,0.0,0.0,-3.4011973816621555,0.0,-0.15415067982725805,0.0,3.5553480614894135,0.0,-6.3835066348840055,0.0,-2.544603443318641,0.0,-0.4790298697481443,0.0,5.232752678055154,0.0,-2.215853397169713,0.0
2025-07-23 14:00:00,3.295836866004329,0.0,0.0,0.0,0.0,0.0,0.0,0.0,0.0,0.0,0.0,0.0,-3.4011973816621555,0.0,-0.15415067982725805,0.0,3.5553480614894135,0.0,-6.3835066348840055,0.0,-2.544603443318641,0.0,-0.4790298697481443,0.0,5.232752678055154,0.0
2025-07-23 15:00:00,5.475067878292537,0.0,3.295836866004329,0.0,0.0,0.0,0.0,0.0,0.0,0.0,0.0,0.0,0.0,0.0,-3.4011973816621555,0.0,-0.15415067982725805,0.0,3.5553480614894135,0.0,-6.3835066348840055,0.0,-2.544603443318641,0.0,-0.4790298697481443,0.0
2025-07-23 16:00:00,-8.770904744296866,0.0,5.475067878292537,0.0,3.295836866004329,0.0,0.0,0.0,0.0,0.0,0.0,0.0,0.0,0.0,0.0,0.0,-3.4011973816621555,0.0,-0.15415067982725805,0.0,3.5553480614894135,0.0,-6.3835066348840055,0.0,-2.544603443318641,0.0
2025-07-23 17:00:00,7.810758116529357,0.0,-8.770904744296866,0.0,5.475067878292537,0.0,3.295836866004329,0.0,0.0,0.0,0.0,0.0,0.0,0.0,0.0,0.0,0.0,0.0,-3.4011973816621555,0.0,-0.15415067982725805,0.0,3.5553480614894135,0.0,-6.3835066348840055,0.0
2025-07-23 18:00:00,-0.9020033372141363,0.0,7.810758116529357,0.0,-8.770904744296866,0.0,5.475067878292537,0.0,3.295836866004329,0.0,0.0,0.0,0.0,0.0,0.0,0.0,0.0,0.0,0.0,0.0,-3.4011973816621555,0.0,-0.15415067982725805,0.0,3.5553480614894135,0.0
2025-07-23 19:00:00,-0.05862861316972001,0.0,-0.9020033372141363,0.0,7.810758116529357,0.0,-8.770904744296866,0.0,5.475067878292537,0.0,3.295836866004329,0.0,0.0,0.0,0.0,0.0,0.0,0.0,0.0,0.0,0.0,0.0,-3.4011973816621555,0.0,-0.15415067982725805,0.0
2025-07-23 20:00:00,2.9184576239258266,0.0,-0.05862861316972001,0.0,-0.9020033372141363,0.0,7.810758116529357,0.0,-8.770904744296866,0.0,5.475067878292537,0.0,3.295836866004329,0.0,0.0,0.0,0.0,0.0,0.0,0.0,0.0,0.0,0.0,0.0,-3.4011973816621555,0.0
2025-07-23 21:00:00,-7.9768243208432725,0.0,2.9184576239258266,0.0,-0.05862861316972001,0.0,-0.9020033372141363,0.0,7.810758116529357,0.0,-8.770904744296866,0.0,5.475067878292537,0.0,3.295836866004329,0.0,0.0,0.0,0.0,0.0,0.0,0.0,0.0,0.0,0.0,0.0
2025-07-23 22:00:00,8.721819688730694,0.0,-7.9768243208432725,0.0,2.9184576239258266,0.0,-0.05862861316972001,0.0,-0.9020033372141363,0.0,7.810758116529357,0.0,-8.770904744296866,0.0,5.475067878292537,0.0,3.295836866004329,0.0,0.0,0.0,0.0,0.0,0.0,0.0,0.0,0.0
2025-07-23 23:00:00,-2.378818375540103,0.0,8.721819688730694,0.0,-7.9768243208432725,0.0,2.9184576239258266,0.0,-0.05862861316972001,0.0,-0.9020033372141363,0.0,7.810758116529357,0.0,-8.770904744296866,0.0,5.475067878292537,0.0,3.295836866004329,0.0,0.0,0.0,0.0,0.0,0.0,0.0
2025-07-24 00:00:00,-3.85809466340259,0.0,-2.378818375540103,0.0,8.721819688730694,0.0,-7.9768243208432725,0.0,2.9184576239258266,0.0,-0.05862861316972001,0.0,-0.9020033372141363,0.0,7.810758116529357,0.0,-8.770904744296866,0.0,5.475067878292537,0.0,3.295836866004329,0.0,0.0,0.0,0.0,0.0
2025-07-24 01:00:00,3.3777771074540572,0.0,-3.85809466340259,0.0,-2.378818375540103,0.0,8.721819688730694,0.0,-7.9768243208432725,0.0,2.9184576239258266,0.0,-0.05862861316972001,0.0,-0.9020033372141363,0.0,7.810758116529357,0.0,-8.770904744296866,0.0,5.475067878292537,0.0,3.295836866004329,0.0,0.0,0.0
2025-07-24 02:00:00,-7.6544432264701125,0.0,3.3777771074540572,0.0,-3.85809466340259,0.0,-2.378818375540103,0.0,8.721819688730694,0.0,-7.9768243208432725,0.0,2.9184576239258266,0.0,-0.05862861316972001,0.0,-0.9020033372141363,0.0,7.810758116529357,0.0,-8.770904744296866,0.0,5.475067878292537,0.0,3.295836866004329,0.0
2025-07-24 03:00:00,4.727387818712341,0.0,-7.6544432264701125,0.0,3.3777771074540572,0.0,-3.85809466340259,0.0,-2.378818375540103,0.0,8.721819688730694,0.0,-7.9768243208432725,0.0,2.9184576239258266,0.0,-0.05862861316972001,0.0,-0.9020033372141363,0.0,7.810758116529357,0.0,-8.770904744296866,0.0,5.475067878292537,0.0
2025-07-24 04:00:00,2.3201294026449553,0.0,4.727387818712341,0.0,-7.6544432264701125,0.0,3.3777771074540572,0.0,-3.85809466340259,0.0,-2.378818375540103,0.0,8.721819688730694,0.0,-7.9768243208432725,0.0,2.9184576239258266,0.0,-0.05862861316972001,0.0,-0.9020033372141363,0.0,7.810758116529357,0.0,-8.770904744296866,0.0
2025-07-24 05:00:00,-1.80049314919681,0.0,2.3201294026449553,0.0,4.727387818712341,0.0,-7.6544432264701125,0.0,3.3777771074540572,0.0,-3.85809466340259,0.0,-2.378818375540103,0.0,8.721819688730694,0.0,-7.9768243208432725,0.0,2.9184576239258266,0.0,-0.05862861316972001,0.0,-0.9020033372141363,0.0,7.810758116529357,0.0
2025-07-24 06:00:00,2.382951634867303,0.0,-1.80049314919681,0.0,2.3201294026449553,0.0,4.727387818712341,0.0,-7.6544432264701125,0.0,3.3777771074540572,0.0,-3.85809466340259,0.0,-2.378818375540103,0.0,8.721819688730694,0.0,-7.9768243208432725,0.0,2.9184576239258266,0.0,-0.05862861316972001,0.0,-0.9020033372141363,0.0
2025-07-24 07:00:00,-7.629975707027789,0.0,2.382951634867303,0.0,-1.80049314919681,0.0,2.3201294026449553,0.0,4.727387818712341,0.0,-7.6544432264701125,0.0,3.3777771074540572,0.0,-3.85809466340259,0.0,-2.378818375540103,0.0,8.721819688730694,0.0,-7.9768243208432725,0.0,2.9184576239258266,0.0,-0.05862861316972001,0.0
2025-07-24 08:00:00,0.0,0.0,-7.629975707027789,0.0,2.382951634867303,0.0,-1.80049314919681,0.0,2.3201294026449553,0.0,4.727387818712341,0.0,-7.6544432264701125,0.0,3.3777771074540572,0.0,-3.85809466340259,0.0,-2.378818375540103,0.0,8.721819688730694,0.0,-7.9768243208432725,0.0,2.9184576239258266,0.0
2025-07-24 09:00:00,0.0,0.0,0.0,0.0,-7.629975707027789,0.0,2.382951634867303,0.0,-1.80049314919681,0.0,2.3201294026449553,0.0,4.727387818712341,0.0,-7.6544432264701125,0.0,3.3777771074540572,0.0,-3.85809466340259,0.0,-2.378818375540103,0.0,8.721819688730694,0.0,-7.9768243208432725,0.0
2025-07-24 10:00:00,0.0,0.0,0.0,0.0,0.0,0.0,-7.629975707027789,0.0,2.382951634867303,0.0,-1.80049314919681,0.0,2.3201294026449553,0.0,4.727387818712341,0.0,-7.6544432264701125,0.0,3.3777771074540572,0.0,-3.85809466340259,0.0,-2.378818375540103,0.0,8.721819688730694,0.0
2025-07-24 11:00:00,0.0,0.0,0.0,0.0,0.0,0.0,0.0,0.0,-7.629975707027789,0.0,2.382951634867303,0.0,-1.80049314919681,0.0,2.3201294026449553,0.0,4.727387818712341,0.0,-7.6544432264701125,0.0,3.3777771074540572,0.0,-3.85809466340259,0.0,-2.378818375540103,0.0
2025-07-24 12:00:00,0.0,0.0,0.0,0.0,0.0,0.0,0.0,0.0,0.0,0.0,-7.629975707027789,0.0,2.382951634867303,0.0,-1.80049314919681,0.0,2.3201294026449553,0.0,4.727387818712341,0.0,-7.6544432264701125,0.0,3.3777771074540572,0.0,-3.85809466340259,0.0
2025-07-24 13:00:00,5.752572638825633,0.0,0.0,0.0,0.0,0.0,0.0,0.0,0.0,0.0,0.0,0.0,-7.629975707027789,0.0,2.382951634867303,0.0,-1.80049314919681,0.0,2.3201294026449553,0.0,4.727387818712341,0.0,-7.6544432264701125,0.0,3.3777771074540572,0.0
2025-07-24 14:00:00,1.7170815341064953,0.0,5.752572638825633,0.0,0.0,0.0,0.0,0.0,0.0,0.0,0.0,0.0,0.0,0.0,-7.629975707027789,0.0,2.382951634867303,0.0,-1.80049314919681,0.0,2.3201294026449553,0.0,4.727387818712341,0.0,-7.6544432264701125,0.0
2025-07-24 15:00:00,-0.6551112756721702,0.0,1.7170815341064953,0.0,5.752572638825633,0.0,0.0,0.0,0.0,0.0,0.0,0.0,0.0,0.0,0.0,0.0,-7.629975707027789,0.0,2.382951634867303,0.0,-1.80049314919681,0.0,2.3201294026449553,0.0,4.727387818712341,0.0
2025-07-24 16:00:00,-1.501336918218171,0.0,-0.6551112756721702,0.0,1.7170815341064953,0.0,5.752572638825633,0.0,0.0,0.0,0.0,0.0,0.0,0.0,0.0,0.0,0.0,0.0,-7.629975707027789,0.0,2.382951634867303,0.0,-1.80049314919681,0.0,2.3201294026449553,0.0
2025-07-24 17:00:00,-3.3672958299864737,0.0,-1.501336918218171,0.0,-0.6551112756721702,0.0,1.7170815341064953,0.0,5.752572638825633,0.0,0.0,0.0,0.0,0.0,0.0,0.0,0.0,0.0,0.0,0.0,-7.629975707027789,0.0,2.382951634867303,0.0,-1.80049314919681,0.0
2025-07-24 18:00:00,3.0513021247088012,0.0,-3.3672958299864737,0.0,-1.501336918218171,0.0,-0.6551112756721702,0.0,1.7170815341064953,0.0,5.752572638825633,0.0,0.0,0.0,0.0,0.0,0.0,0.0,0.0,0.0,0.0,0.0,-7.629975707027789,0.0,2.382951634867303,0.0
2025-07-24 19:00:00,-4.997212273764115,0.0,3.0513021247088012,0.0,-3.3672958299864737,0.0,-1.501336918218171,0.0,-0.6551112756721702,0.0,1.7170815341064953,0.0,5.752572638825633,0.0,0.0,0.0,0.0,0.0,0.0,0.0,0.0,0.0,0.0,0.0,-7.629975707027789,0.0
2025-07-24 20:00:00,7.201916317531627,0.0,-4.997212273764115,0.0,3.0513021247088012,0.0,-3.3672958299864737,0.0,-1.501336918218171,0.0,-0.6551112756721702,0.0,1.7170815341064953,0.0,5.752572638825633,0.0,0.0,0.0,0.0,0.0,0.0,0.0,0.0,0.0,0.0,0.0
2025-07-24 21:00:00,-0.592567074364247,0.0,7.201916317531627,0.0,-4.997212273764115,0.0,3.0513021247088012,0.0,-3.3672958299864737,0.0,-1.501336918218171,0.0,-0.6551112756721702,0.0,1.7170815341064953,0.0,5.752572638825633,0.0,0.0,0.0,0.0,0.0,0.0,0.0,0.0,0.0
2025-07-24 22:00:00,-0.05257088700933821,0.0,-0.592567074364247,0.0,7.201916317531627,0.0,-4.997212273764115,0.0,3.0513021247088012,0.0,-3.3672958299864737,0.0,-1.501336918218171,0.0,-0.6551112756721702,0.0,1.7170815341064953,0.0,5.752572638825633,0.0,0.0,0.0,0.0,0.0,0.0,0.0
2025-07-24 23:00:00,1.0604894574703048,0.0,-0.05257088700933821,0.0,-0.592567074364247,0.0,7.201916317531627,0.0,-4.997212273764115,0.0,3.0513021247088012,0.0,-3.3672958299864737,0.0,-1.501336918218171,0.0,-0.6551112756721702,0.0,1.7170815341064953,0.0,5.752572638825633,0.0,0.0,0.0,0.0,0.0
2025-07-25 00:00:00,-1.4006617125434824,0.0,1.0604894574703048,0.0,-0.05257088700933821,0.0,-0.592567074364247,0.0,7.201916317531627,0.0,-4.997212273764115,0.0,3.0513021247088012,0.0,-3.3672958299864737,0.0,-1.501336918218171,0.0,-0.6551112756721702,0.0,1.7170815341064953,0.0,5.752572638825633,0.0,0.0,0.0
2025-07-25 01:00:00,-1.2329994793765282,0.0,-1.4006617125434824,0.0,1.0604894574703048,0.0,-0.05257088700933821,0.0,-0.592567074364247,0.0,7.201916317531627,0.0,-4.997212273764115,0.0,3.0513021247088012,0.0,-3.3672958299864737,0.0,-1.501336918218171,0.0,-0.6551112756721702,0.0,1.7170815341064953,0.0,5.752572638825633,0.0
2025-07-25 02:00:00,1.5296234892039706,0.0,-1.2329994793765282,0.0,-1.4006617125434824,0.0,1.0604894574703048,0.0,-0.05257088700933821,0.0,-0.592567074364247,0.0,7.201916317531627,0.0,-4.997212273764115,0.0,3.0513021247088012,0.0,-3.3672958299864737,0.0,-1.501336918218171,0.0,-0.6551112756721702,0.0,1.7170815341064953,0.0
2025-07-25 03:00:00,-0.3106945937243841,0.0,1.5296234892039706,0.0,-1.2329994793765282,0.0,-1.4006617125434824,0.0,1.0604894574703048,0.0,-0.05257088700933821,0.0,-0.592567074364247,0.0,7.201916317531627,0.0,-4.997212273764115,0.0,3.0513021247088012,0.0,-3.3672958299864737,0.0,-1.501336918218171,0.0,-0.6551112756721702,0.0
2025-07-25 04:00:00,-6.202535517187923,0.0,-0.3106945937243841,0.0,1.5296234892039706,0.0,-1.2329994793765282,0.0,-1.4006617125434824,0.0,1.0604894574703048,0.0,-0.05257088700933821,0.0,-0.592567074364247,0.0,7.201916317531627,0.0,-4.997212273764115,0.0,3.0513021247088012,0.0,-3.3672958299864737,0.0,-1.501336918218171,0.0
2025-07-25 05:00:00,3.9318256327243257,0.0,-6.202535517187923,0.0,-0.3106945937243841,0.0,1.5296234892039706,0.0,-1.2329994793765282,0.0,-1.4006617125434824,0.0,1.0604894574703048,0.0,-0.05257088700933821,0.0,-0.592567074364247,0.0,7.201916317531627,0.0,-4.997212273764115,0.0,3.0513021247088012,0.0,-3.3672958299864737,0.0
2025-07-25 06:00:00,3.6874077835024797,0.0,3.9318256327243257,0.0,-6.202535517187923,0.0,-0.3106945937243841,0.0,1.5296234892039706,0.0,-1.2329994793765282,0.0,-1.4006617125434824,0.0,1.0604894574703048,0.0,-0.05257088700933821,0.0,-0.592567074364247,0.0,7.201916317531627,0.0,-4.997212273764115,0.0,3.0513021247088012,0.0
2025-07-25 07:00:00,-7.619233416226805,0.0,3.6874077835024797,0.0,3.9318256327243257,0.0,-6.202535517187923,0.0,-0.3106945937243841,0.0,1.5296234892039706,0.0,-1.2329994793765282,0.0,-1.4006617125434824,0.0,1.0604894574703048,0.0,-0.05257088700933821,0.0,-0.592567074364247,0.0,7.201916317531627,0.0,-4.997212273764115,0.0
2025-07-25 08:00:00,0.0,0.0,-7.619233416226805,0.0,3.6874077835024797,0.0,3.9318256327243257,0.0,-6.202535517187923,0.0,-0.3106945937243841,0.0,1.5296234892039706,0.0,-1.2329994793765282,0.0,-1.4006617125434824,0.0,1.0604894574703048,0.0,-0.05257088700933821,0.0,-0.592567074364247,0.0,7.201916317531627,0.0
2025-07-25 09:00:00,0.0,0.0,0.0,0.0,-7.619233416226805,0.0,3.6874077835024797,0.0,3.9318256327243257,0.0,-6.202535517187923,0.0,-0.3106945937243841,0.0,1.5296234892039706,0.0,-1.2329994793765282,0.0,-1.4006617125434824,0.0,1.0604894574703048,0.0,-0.05257088700933821,0.0,-0.592567074364247,0.0
2025-07-25 10:00:00,0.0,0.0,0.0,0.0,0.0,0.0,-7.619233416226805,0.0,3.6874077835024797,0.0,3.9318256327243257,0.0,-6.202535517187923,0.0,-0.3106945937243841,0.0,1.5296234892039706,0.0,-1.2329994793765282,0.0,-1.4006617125434824,0.0,1.0604894574703048,0.0,-0.05257088700933821,0.0
2025-07-25 11:00:00,0.0,0.0,0.0,0.0,0.0,0.0,0.0,0.0,-7.619233416226805,0.0,3.6874077835024797,0.0,3.9318256327243257,0.0,-6.202535517187923,0.0,-0.3106945937243841,0.0,1.5296234892039706,0.0,-1.2329994793765282,0.0,-1.4006617125434824,0.0,1.0604894574703048,0.0
2025-07-25 12:00:00,0.0,0.0,0.0,0.0,0.0,0.0,0.0,0.0,0.0,0.0,-7.619233416226805,0.0,3.6874077835024797,0.0,3.9318256327243257,0.0,-6.202535517187923,0.0,-0.3106945937243841,0.0,1.5296234892039706,0.0,-1.2329994793765282,0.0,-1.4006617125434824,0.0
2025-07-25 13:00:00,0.0,0.0,0.0,0.0,0.0,0.0,0.0,0.0,0.0,0.0,0.0,0.0,-7.619233416226805,0.0,3.6874077835024797,0.0,3.9318256327243257,0.0,-6.202535517187923,0.0,-0.3106945937243841,0.0,1.5296234892039706,0.0,-1.2329994793765282,0.0
2025-07-25 14:00:00,5.886104031450156,0.0,0.0,0.0,0.0,0.0,0.0,0.0,0.0,0.0,0.0,0.0,0.0,0.0,-7.619233416226805,0.0,3.6874077835024797,0.0,3.9318256327243257,0.0,-6.202535517187923,0.0,-0.3106945937243841,0.0,1.5296234892039706,0.0
2025-07-25 15:00:00,-0.3848458209054284,0.0,5.886104031450156,0.0,0.0,0.0,0.0,0.0,0.0,0.0,0.0,0.0,0.0,0.0,0.0,0.0,-7.619233416226805,0.0,3.6874077835024797,0.0,3.9318256327243257,0.0,-6.202535517187923,0.0,-0.3106945937243841,0.0
2025-07-25 16:00:00,-5.501258210544727,0.0,-0.3848458209054284,0.0,5.886104031450156,0.0,0.0,0.0,0.0,0.0,0.0,0.0,0.0,0.0,0.0,0.0,0.0,0.0,-7.619233416226805,0.0,3.6874077835024797,0.0,3.9318256327243257,0.0,-6.202535517187923,0.0
2025-07-25 17:00:00,6.07993319509559,0.0,-5.501258210544727,0.0,-0.3848458209054284,0.0,5.886104031450156,0.0,0.0,0.0,0.0,0.0,0.0,0.0,0.0,0.0,0.0,0.0,0.0,0.0,-7.619233416226805,0.0,3.6874077835024797,0.0,3.9318256327243257,0.0
2025-07-25 18:00:00,-6.07993319509559,0.0,6.07993319509559,0.0,-5.501258210544727,0.0,-0.3848458209054284,0.0,5.886104031450156,0.0,0.0,0.0,0.0,0.0,0.0,0.0,0.0,0.0,0.0,0.0,0.0,0.0,-7.619233416226805,0.0,3.6874077835024797,0.0
2025-07-25 19:00:00,3.4657359027997265,0.0,-6.07993319509559,0.0,6.07993319509559,0.0,-5.501258210544727,0.0,-0.3848458209054284,0.0,5.886104031450156,0.0,0.0,0.0,0.0,0.0,0.0,0.0,0.0,0.0,0.0,0.0,0.0,0.0,-7.619233416226805,0.0
2025-07-25 20:00:00,6.368347979597521,0.0,3.4657359027997265,0.0,-6.07993319509559,0.0,6.07993319509559,0.0,-5.501258210544727,0.0,-0.3848458209054284,0.0,5.886104031450156,0.0,0.0,0.0,0.0,0.0,0.0,0.0,0.0,0.0,0.0,0.0,0.0,0.0
2025-07-25 21:00:00,-9.834083882397248,0.0,6.368347979597521,0.0,3.4657359027997265,0.0,-6.07993319509559,0.0,6.07993319509559,0.0,-5.501258210544727,0.0,-0.3848458209054284,0.0,5.886104031450156,0.0,0.0,0.0,0.0,0.0,0.0,0.0,0.0,0.0,0.0,0.0
2025-07-25 22:00:00,2.4849066497880004,0.0,-9.834083882397248,0.0,6.368347979597521,0.0,3.4657359027997265,0.0,-6.07993319509559,0.0,6.07993319509559,0.0,-5.501258210544727,0.0,-0.3848458209054284,0.0,5.886104031450156,0.0,0.0,0.0,0.0,0.0,0.0,0.0,0.0,0.0
2025-07-25 23:00:00,6.604282520624032,0.0,2.4849066497880004,0.0,-9.834083882397248,0.0,6.368347979597521,0.0,3.4657359027997265,0.0,-6.07993319509559,0.0,6.07993319509559,0.0,-5.501258210544727,0.0,-0.3848458209054284,0.0,5.886104031450156,0.0,0.0,0.0,0.0,0.0,0.0,0.0
2025-07-26 00:00:00,-6.255975826355816,0.0,6.604282520624032,0.0,2.4849066497880004,0.0,-9.834083882397248,0.0,6.368347979597521,0.0,3.4657359027997265,0.0,-6.07993319509559,0.0,6.07993319509559,0.0,-5.501258210544727,0.0,-0.3848458209054284,0.0,5.886104031450156,0.0,0.0,0.0,0.0,0.0
2025-07-26 01:00:00,-2.833213344056216,0.0,-6.255975826355816,0.0,6.604282520624032,0.0,2.4849066497880004,0.0,-9.834083882397248,0.0,6.368347979597521,0.0,3.4657359027997265,0.0,-6.07993319509559,0.0,6.07993319509559,0.0,-5.501258210544727,0.0,-0.3848458209054284,0.0,5.886104031450156,0.0,0.0,0.0
2025-07-26 02:00:00,4.7535901911063645,0.0,-2.833213344056216,0.0,-6.255975826355816,0.0,6.604282520624032,0.0,2.4849066497880004,0.0,-9.834083882397248,0.0,6.368347979597521,0.0,3.4657359027997265,0.0,-6.07993319509559,0.0,6.07993319509559,0.0,-5.501258210544727,0.0,-0.3848458209054284,0.0,5.886104031450156,0.0
2025-07-26 03:00:00,-0.7105389232718142,0.0,4.7535901911063645,0.0,-2.833213344056216,0.0,-6.255975826355816,0.0,6.604282520624032,0.0,2.4849066497880004,0.0,-9.834083882397248,0.0,6.368347979597521,0.0,3.4657359027997265,0.0,-6.07993319509559,0.0,6.07993319509559,0.0,-5.501258210544727,0.0,-0.3848458209054284,0.0
2025-07-26 04:00:00,0.03448617607116944,0.0,-0.7105389232718142,0.0,4.7535901911063645,0.0,-2.833213344056216,0.0,-6.255975826355816,0.0,6.604282520624032,0.0,2.4849066497880004,0.0,-9.834083882397248,0.0,6.368347979597521,0.0,3.4657359027997265,0.0,-6.07993319509559,0.0,6.07993319509559,0.0,-5.501258210544727,0.0
2025-07-26 05:00:00,1.2977409637784456,0.0,0.03448617607116944,0.0,-0.7105389232718142,0.0,4.7535901911063645,0.0,-2.833213344056216,0.0,-6.255975826355816,0.0,6.604282520624032,0.0,2.4849066497880004,0.0,-9.834083882397248,0.0,6.368347979597521,0.0,3.4657359027997265,0.0,-6.07993319509559,0.0,6.07993319509559,0.0
2025-07-26 06:00:00,-1.941291203199019,0.0,1.2977409637784456,0.0,0.03448617607116944,0.0,-0.7105389232718142,0.0,4.7535901911063645,0.0,-2.833213344056216,0.0,-6.255975826355816,0.0,6.604282520624032,0.0,2.4849066497880004,0.0,-9.834083882397248,0.0,6.368347979597521,0.0,3.4657359027997265,0.0,-6.07993319509559,0.0
2025-07-26 07:00:00,-3.4339872044851463,0.0,-1.941291203199019,0.0,1.2977409637784456,0.0,0.03448617607116944,0.0,-0.7105389232718142,0.0,4.7535901911063645,0.0,-2.833213344056216,0.0,-6.255975826355816,0.0,6.604282520624032,0.0,2.4849066497880004,0.0,-9.834083882397248,0.0,6.368347979597521,0.0,3.4657359027997265,0.0
2025-07-26 08:00:00,0.0,0.0,-3.4339872044851463,0.0,-1.941291203199019,0.0,1.2977409637784456,0.0,0.03448617607116944,0.0,-0.7105389232718142,0.0,4.7535901911063645,0.0,-2.833213344056216,0.0,-6.255975826355816,0.0,6.604282520624032,0.0,2.4849066497880004,0.0,-9.834083882397248,0.0,6.368347979597521,0.0
2025-07-26 09:00:00,0.0,0.0,0.0,0.0,-3.4339872044851463,0.0,-1.941291203199019,0.0,1.2977409637784456,0.0,0.03448617607116944,0.0,-0.7105389232718142,0.0,4.7535901911063645,0.0,-2.833213344056216,0.0,-6.255975826355816,0.0,6.604282520624032,0.0,2.4849066497880004,0.0,-9.834083882397248,0.0
2025-07-26 10:00:00,0.0,0.0,0.0,0.0,0.0,0.0,-3.4339872044851463,0.0,-1.941291203199019,0.0,1.2977409637784456,0.0,0.03448617607116944,0.0,-0.7105389232718142,0.0,4.7535901911063645,0.0,-2.833213344056216,0.0,-6.255975826355816,0.0,6.604282520624032,0.0,2.4849066497880004,0.0
2025-07-26 11:00:00,0.0,0.0,0.0,0.0,0.0,0.0,0.0,0.0,-3.4339872044851463,0.0,-1.941291203199019,0.0,1.2977409637784456,0.0,0.03448617607116944,0.0,-0.7105389232718142,0.0,4.7535901911063645,0.0,-2.833213344056216,0.0,-6.255975826355816,0.0,6.604282520624032,0.0
2025-07-26 12:00:00,0.0,0.0,0.0,0.0,0.0,0.0,0.0,0.0,0.0,0.0,-3.4339872044851463,0.0,-1.941291203199019,0.0,1.2977409637784456,0.0,0.03448617607116944,0.0,-0.7105389232718142,0.0,4.7535901911063645,0.0,-2.833213344056216,0.0,-6.255975826355816,0.0
2025-07-26 13:00:00,0.0,0.0,0.0,0.0,0.0,0.0,0.0,0.0,0.0,0.0,0.0,0.0,-3.4339872044851463,0.0,-1.941291203199019,0.0,1.2977409637784456,0.0,0.03448617607116944,0.0,-0.7105389232718142,0.0,4.7535901911063645,0.0,-2.833213344056216,0.0
2025-07-26 14:00:00,7.641564441260972,0.0,0.0,0.0,0.0,0.0,0.0,0.0,0.0,0.0,0.0,0.0,0.0,0.0,-3.4339872044851463,0.0,-1.941291203199019,0.0,1.2977409637784456,0.0,0.03448617607116944,0.0,-0.7105389232718142,0.0,4.7535901911063645,0.0
2025-07-26 15:00:00,1.024221154205092,0.0,7.641564441260972,0.0,0.0,0.0,0.0,0.0,0.0,0.0,0.0,0.0,0.0,0.0,0.0,0.0,-3.4339872044851463,0.0,-1.941291203199019,0.0,1.2977409637784456,0.0,0.03448617607116944,0.0,-0.7105389232718142,0.0
2025-07-26 16:00:00,-8.665785595466064,0.0,1.024221154205092,0.0,7.641564441260972,0.0,0.0,0.0,0.0,0.0,0.0,0.0,0.0,0.0,0.0,0.0,0.0,0.0,-3.4339872044851463,0.0,-1.941291203199019,0.0,1.2977409637784456,0.0,0.03448617607116944,0.0
2025-07-26 17:00:00,7.360739903058278,0.0,-8.665785595466064,0.0,1.024221154205092,0.0,7.641564441260972,0.0,0.0,0.0,0.0,0.0,0.0,0.0,0.0,0.0,0.0,0.0,0.0,0.0,-3.4339872044851463,0.0,-1.941291203199019,0.0,1.2977409637784456,0.0
2025-07-26 18:00:00,0.5841068079437184,0.0,7.360739903058278,0.0,-8.665785595466064,0.0,1.024221154205092,0.0,7.641564441260972,0.0,0.0,0.0,0.0,0.0,0.0,0.0,0.0,0.0,0.0,0.0,0.0,0.0,-3.4339872044851463,0.0,-1.941291203199019,0.0
2025-07-26 19:00:00,-4.333928798357771,0.0,0.5841068079437184,0.0,7.360739903058278,0.0,-8.665785595466064,0.0,1.024221154205092,0.0,7.641564441260972,0.0,0.0,0.0,0.0,0.0,0.0,0.0,0.0,0.0,0.0,0.0,0.0,0.0,-3.4339872044851463,0.0
2025-07-26 20:00:00,-0.9028677115420143,0.0,-4.333928798357771,0.0,0.5841068079437184,0.0,7.360739903058278,0.0,-8.665785595466064,0.0,1.024221154205092,0.0,7.641564441260972,0.0,0.0,0.0,0.0,0.0,0.0,0.0,0.0,0.0,0.0,0.0,0.0,0.0
2025-07-26 21:00:00,3.526360524616161,0.0,-0.9028677115420143,0.0,-4.333928798357771,0.0,0.5841068079437184,0.0,7.360739903058278,0.0,-8.665785595466064,0.0,1.024221154205092,0.0,7.641564441260972,0.0,0.0,0.0,0.0,0.0,0.0,0.0,0.0,0.0,0.0,0.0
2025-07-26 22:00:00,-3.9318256327243253,0.0,3.526360524616161,0.0,-0.9028677115420143,0.0,-4.333928798357771,0.0,0.5841068079437184,0.0,7.360739903058278,0.0,-8.665785595466064,0.0,1.024221154205092,0.0,7.641564441260972,0.0,0.0,0.0,0.0,0.0,0.0,0.0,0.0,0.0
2025-07-26 23:00:00,4.490881039585964,0.0,-3.9318256327243253,0.0,3.526360524616161,0.0,-0.9028677115420143,0.0,-4.333928798357771,0.0,0.5841068079437184,0.0,7.360739903058278,0.0,-8.665785595466064,0.0,1.024221154205092,0.0,7.641564441260972,0.0,0.0,0.0,0.0,0.0,0.0,0.0
2025-07-27 00:00:00,-6.79346613258001,0.0,4.490881039585964,0.0,-3.9318256327243253,0.0,3.526360524616161,0.0,-0.9028677115420143,0.0,-4.333928798357771,0.0,0.5841068079437184,0.0,7.360739903058278,0.0,-8.665785595466064,0.0,1.024221154205092,0.0,7.641564441260972,0.0,0.0,0.0,0.0,0.0
2025-07-27 01:00:00,5.87493073085203,0.0,-6.79346613258001,0.0,4.490881039585964,0.0,-3.9318256327243253,0.0,3.526360524616161,0.0,-0.9028677115420143,0.0,-4.333928798357771,0.0,0.5841068079437184,0.0,7.360739903058278,0.0,-8.665785595466064,0.0,1.024221154205092,0.0,7.641564441260972,0.0,0.0,0.0
2025-07-27 02:00:00,0.01947210341282002,0.0,5.87493073085203,0.0,-6.79346613258001,0.0,4.490881039585964,0.0,-3.9318256327243253,0.0,3.526360524616161,0.0,-0.9028677115420143,0.0,-4.333928798357771,0.0,0.5841068079437184,0.0,7.360739903058278,0.0,-8.665785595466064,0.0,1.024221154205092,0.0,7.641564441260972,0.0
2025-07-27 03:00:00,-2.5271070042783763,0.0,0.01947210341282002,0.0,5.87493073085203,0.0,-6.79346613258001,0.0,4.490881039585964,0.0,-3.9318256327243253,0.0,3.526360524616161,0.0,-0.9028677115420143,0.0,-4.333928798357771,0.0,0.5841068079437184,0.0,7.360739903058278,0.0,-8.665785595466064,0.0,1.024221154205092,0.0
2025-07-27 04:00:00,1.5955488002734328,0.0,-2.5271070042783763,0.0,0.01947210341282002,0.0,5.87493073085203,0.0,-6.79346613258001,0.0,4.490881039585964,0.0,-3.9318256327243253,0.0,3.526360524616161,0.0,-0.9028677115420143,0.0,-4.333928798357771,0.0,0.5841068079437184,0.0,7.360739903058278,0.0,-8.665785595466064,0.0
2025-07-27 05:00:00,-1.3519267176156826,0.0,1.5955488002734328,0.0,-2.5271070042783763,0.0,0.01947210341282002,0.0,5.87493073085203,0.0,-6.79346613258001,0.0,4.490881039585964,0.0,-3.9318256327243253,0.0,3.526360524616161,0.0,-0.9028677115420143,0.0,-4.333928798357771,0.0,0.5841068079437184,0.0,7.360739903058278,0.0
2025-07-27 06:00:00,0.6795415285041666,0.0,-1.3519267176156826,0.0,1.5955488002734328,0.0,-2.5271070042783763,0.0,0.01947210341282002,0.0,5.87493073085203,0.0,-6.79346613258001,0.0,4.490881039585964,0.0,-3.9318256327243253,0.0,3.526360524616161,0.0,-0.9028677115420143,0.0,-4.333928798357771,0.0,0.5841068079437184,0.0
2025-07-27 07:00:00,-4.290459441148391,0.0,0.6795415285041666,0.0,-1.3519267176156826,0.0,1.5955488002734328,0.0,-2.5271070042783763,0.0,0.01947210341282002,0.0,5.87493073085203,0.0,-6.79346613258001,0.0,4.490881039585964,0.0,-3.9318256327243253,0.0,3.526360524616161,0.0,-0.9028677115420143,0.0,-4.333928798357771,0.0
2025-07-27 08:00:00,0.0,0.0,-4.290459441148391,0.0,0.6795415285041666,0.0,-1.3519267176156826,0.0,1.5955488002734328,0.0,-2.5271070042783763,0.0,0.01947210341282002,0.0,5.87493073085203,0.0,-6.79346613258001,0.0,4.490881039585964,0.0,-3.9318256327243253,0.0,3.526360524616161,0.0,-0.9028677115420143,0.0
2025-07-27 09:00:00,0.0,0.0,0.0,0.0,-4.290459441148391,0.0,0.6795415285041666,0.0,-1.3519267176156826,0.0,1.5955488002734328,0.0,-2.5271070042783763,0.0,0.01947210341282002,0.0,5.87493073085203,0.0,-6.79346613258001,0.0,4.490881039585964,0.0,-3.9318256327243253,0.0,3.526360524616161,0.0
2025-07-27 10:00:00,0.0,0.0,0.0,0.0,0.0,0.0,-4.290459441148391,0.0,0.6795415285041666,0.0,-1.3519267176156826,0.0,1.5955488002734328,0.0,-2.5271070042783763,0.0,0.01947210341282002,0.0,5.87493073085203,0.0,-6.79346613258001,0.0,4.490881039585964,0.0,-3.9318256327243253,0.0
2025-07-27 11:00:00,0.0,0.0,0.0,0.0,0.0,0.0,0.0,0.0,-4.290459441148391,0.0,0.6795415285041666,0.0,-1.3519267176156826,0.0,1.5955488002734328,0.0,-2.5271070042783763,0.0,0.01947210341282002,0.0,5.87493073085203,0.0,-6.79346613258001,0.0,4.490881039585964,0.0
2025-07-27 12:00:00,0.0,0.0,0.0,0.0,0.0,0.0,0.0,0.0,0.0,0.0,-4.290459441148391,0.0,0.6795415285041666,0.0,-1.3519267176156826,0.0,1.5955488002734328,0.0,-2.5271070042783763,0.0,0.01947210341282002,0.0,5.87493073085203,0.0,-6.79346613258001,0.0
2025-07-27 13:00:00,7.516433302915632,0.0,0.0,0.0,0.0,0.0,0.0,0.0,0.0,0.0,0.0,0.0,-4.290459441148391,0.0,0.6795415285041666,0.0,-1.3519267176156826,0.0,1.5955488002734328,0.0,-2.5271070042783763,0.0,0.01947210341282002,0.0,5.87493073085203,0.0
2025-07-27 14:00:00,-7.516433302915632,0.0,7.516433302915632,0.0,0.0,0.0,0.0,0.0,0.0,0.0,0.0,0.0,0.0,0.0,-4.290459441148391,0.0,0.6795415285041666,0.0,-1.3519267176156826,0.0,1.5955488002734328,0.0,-2.5271070042783763,0.0,0.01947210341282002,0.0
2025-07-27 15:00:00,0.0,0.0,-7.516433302915632,0.0,7.516433302915632,0.0,0.0,0.0,0.0,0.0,0.0,0.0,0.0,0.0,0.0,0.0,-4.290459441148391,0.0,0.6795415285041666,0.0,-1.3519267176156826,0.0,1.5955488002734328,0.0,-2.5271070042783763,0.0
2025-07-27 16:00:00,0.0,0.0,0.0,0.0,-7.516433302915632,0.0,7.516433302915632,0.0,0.0,0.0,0.0,0.0,0.0,0.0,0.0,0.0,0.0,0.0,-4.290459441148391,0.0,0.6795415285041666,0.0,-1.3519267176156826,0.0,1.5955488002734328,0.0
2025-07-27 17:00:00,3.258096538021482,0.0,0.0,0.0,0.0,0.0,-7.516433302915632,0.0,7.516433302915632,0.0,0.0,0.0,0.0,0.0,0.0,0.0,0.0,0.0,0.0,0.0,-4.290459441148391,0.0,0.6795415285041666,0.0,-1.3519267176156826,0.0
2025-07-27 18:00:00,2.2472349979108803,0.0,3.258096538021482,0.0,0.0,0.0,0.0,0.0,-7.516433302915632,0.0,7.516433302915632,0.0,0.0,0.0,0.0,0.0,0.0,0.0,0.0,0.0,0.0,0.0,-4.290459441148391,0.0,0.6795415285041666,0.0
2025-07-27 19:00:00,1.4212454972903625,0.0,2.2472349979108803,0.0,3.258096538021482,0.0,0.0,0.0,0.0,0.0,-7.516433302915632,0.0,7.516433302915632,0.0,0.0,0.0,0.0,0.0,0.0,0.0,0.0,0.0,0.0,0.0,-4.290459441148391,0.0
2025-07-27 20:00:00,-0.837532157775879,0.0,1.4212454972903625,0.0,2.2472349979108803,0.0,3.258096538021482,0.0,0.0,0.0,0.0,0.0,-7.516433302915632,0.0,7.516433302915632,0.0,0.0,0.0,0.0,0.0,0.0,0.0,0.0,0.0,0.0,0.0
2025-07-27 21:00:00,-3.6041382256588457,0.0,-0.837532157775879,0.0,1.4212454972903625,0.0,2.2472349979108803,0.0,3.258096538021482,0.0,0.0,0.0,0.0,0.0,-7.516433302915632,0.0,7.516433302915632,0.0,0.0,0.0,0.0,0.0,0.0,0.0,0.0,0.0
2025-07-27 22:00:00,-2.4849066497880004,0.0,-3.6041382256588457,0.0,-0.837532157775879,0.0,1.4212454972903625,0.0,2.2472349979108803,0.0,3.258096538021482,0.0,0.0,0.0,0.0,0.0,-7.516433302915632,0.0,7.516433302915632,0.0,0.0,0.0,0.0,0.0,0.0,0.0
2025-07-27 23:00:00,3.6109179126442243,0.0,-2.4849066497880004,0.0,-3.6041382256588457,0.0,-0.837532157775879,0.0,1.4212454972903625,0.0,2.2472349979108803,0.0,3.258096538021482,0.0,0.0,0.0,0.0,0.0,-7.516433302915632,0.0,7.516433302915632,0.0,0.0,0.0,0.0,0.0
2025-07-28 00:00:00,2.1191818703293497,0.0,3.6109179126442243,0.0,-2.4849066497880004,0.0,-3.6041382256588457,0.0,-0.837532157775879,0.0,1.4212454972903625,0.0,2.2472349979108803,0.0,3.258096538021482,0.0,0.0,0.0,0.0,0.0,-7.516433302915632,0.0,7.516433302915632,0.0,0.0,0.0
2025-07-28 01:00:00,5.45522398554363,0.0,2.1191818703293497,0.0,3.6109179126442243,0.0,-2.4849066497880004,0.0,-3.6041382256588457,0.0,-0.837532157775879,0.0,1.4212454972903625,0.0,2.2472349979108803,0.0,3.258096538021482,0.0,0.0,0.0,0.0,0.0,-7.516433302915632,0.0,7.516433302915632,0.0
2025-07-28 02:00:00,-1.4711219665766642,0.0,5.45522398554363,0.0,2.1191818703293497,0.0,3.6109179126442243,0.0,-2.4849066497880004,0.0,-3.6041382256588457,0.0,-0.837532157775879,0.0,1.4212454972903625,0.0,2.2472349979108803,0.0,3.258096538021482,0.0,0.0,0.0,0.0,0.0,-7.516433302915632,0.0
2025-07-28 03:00:00,-3.6388557708518556,0.0,-1.4711219665766642,0.0,5.45522398554363,0.0,2.1191818703293497,0.0,3.6109179126442243,0.0,-2.4849066497880004,0.0,-3.6041382256588457,0.0,-0.837532157775879,0.0,1.4212454972903625,0.0,2.2472349979108803,0.0,3.258096538021482,0.0,0.0,0.0,0.0,0.0
2025-07-28 04:00:00,-6.075346031088684,0.0,-3.6388557708518556,0.0,-1.4711219665766642,0.0,5.45522398554363,0.0,2.1191818703293497,0.0,3.6109179126442243,0.0,-2.4849066497880004,0.0,-3.6041382256588457,0.0,-0.837532157775879,0.0,1.4212454972903625,0.0,2.2472349979108803,0.0,3.258096538021482,0.0,0.0,0.0
2025-07-28 05:00:00,6.42648845745769,0.0,-6.075346031088684,0.0,-3.6388557708518556,0.0,-1.4711219665766642,0.0,5.45522398554363,0.0,2.1191818703293497,0.0,3.6109179126442243,0.0,-2.4849066497880004,0.0,-3.6041382256588457,0.0,-0.837532157775879,0.0,1.4212454972903625,0.0,2.2472349979108803,0.0,3.258096538021482,0.0
2025-07-28 06:00:00,-6.42648845745769,0.0,6.42648845745769,0.0,-6.075346031088684,0.0,-3.6388557708518556,0.0,-1.4711219665766642,0.0,5.45522398554363,0.0,2.1191818703293497,0.0,3.6109179126442243,0.0,-2.4849066497880004,0.0,-3.6041382256588457,0.0,-0.837532157775879,0.0,1.4212454972903625,0.0,2.2472349979108803,0.0
2025-07-28 07:00:00,0.0,0.0,-6.42648845745769,0.0,6.42648845745769,0.0,-6.075346031088684,0.0,-3.6388557708518556,0.0,-1.4711219665766642,0.0,5.45522398554363,0.0,2.1191818703293497,0.0,3.6109179126442243,0.0,-2.4849066497880004,0.0,-3.6041382256588457,0.0,-0.837532157775879,0.0,1.4212454972903625,0.0
2025-07-28 08:00:00,0.0,0.0,0.0,0.0,-6.42648845745769,0.0,6.42648845745769,0.0,-6.075346031088684,0.0,-3.6388557708518556,0.0,-1.4711219665766642,0.0,5.45522398554363,0.0,2.1191818703293497,0.0,3.6109179126442243,0.0,-2.4849066497880004,0.0,-3.6041382256588457,0.0,-0.837532157775879,0.0
2025-07-28 09:00:00,0.0,0.0,0.0,0.0,0.0,0.0,-6.42648845745769,0.0,6.42648845745769,0.0,-6.075346031088684,0.0,-3.6388557708518556,0.0,-1.4711219665766642,0.0,5.45522398554363,0.0,2.1191818703293497,0.0,3.6109179126442243,0.0,-2.4849066497880004,0.0,-3.6041382256588457,0.0
2025-07-28 10:00:00,0.0,0.0,0.0,0.0,0.0,0.0,0.0,0.0,-6.42648845745769,0.0,6.42648845745769,0.0,-6.075346031088684,0.0,-3.6388557708518556,0.0,-1.4711219665766642,0.0,5.45522398554363,0.0,2.1191818703293497,0.0,3.6109179126442243,0.0,-2.4849066497880004,0.0
2025-07-28 11:00:00,0.0,0.0,0.0,0.0,0.0,0.0,0.0,0.0,0.0,0.0,-6.42648845745769,0.0,6.42648845745769,0.0,-6.075346031088684,0.0,-3.6388557708518556,0.0,-1.4711219665766642,0.0,5.45522398554363,0.0,2.1191818703293497,0.0,3.6109179126442243,0.0
2025-07-28 12:00:00,0.0,0.0,0.0,0.0,0.0,0.0,0.0,0.0,0.0,0.0,0.0,0.0,-6.42648845745769,0.0,6.42648845745769,0.0,-6.075346031088684,0.0,-3.6388557708518556,0.0,-1.4711219665766642,0.0,5.45522398554363,0.0,2.1191818703293497,0.0
2025-07-28 13:00:00,0.0,0.0,0.0,0.0,0.0,0.0,0.0,0.0,0.0,0.0,0.0,0.0,0.0,0.0,-6.42648845745769,0.0,6.42648845745769,0.0,-6.075346031088684,0.0,-3.6388557708518556,0.0,-1.4711219665766642,0.0,5.45522398554363,0.0
2025-07-28 14:00:00,6.650279048587422,0.0,0.0,0.0,0.0,0.0,0.0,0.0,0.0,0.0,0.0,0.0,0.0,0.0,0.0,0.0,-6.42648845745769,0.0,6.42648845745769,0.0,-6.075346031088684,0.0,-3.6388557708518556,0.0,-1.4711219665766642,0.0
2025-07-28 15:00:00,-0.03958300386966318,0.0,6.650279048587422,0.0,0.0,0.0,0.0,0.0,0.0,0.0,0.0,0.0,0.0,0.0,0.0,0.0,0.0,0.0,-6.42648845745769,0.0,6.42648845745769,0.0,-6.075346031088684,0.0,-3.6388557708518556,0.0
2025-07-28 16:00:00,-6.610696044717759,0.0,-0.03958300386966318,0.0,6.650279048587422,0.0,0.0,0.0,0.0,0.0,0.0,0.0,0.0,0.0,0.0,0.0,0.0,0.0,0.0,0.0,-6.42648845745769,0.0,6.42648845745769,0.0,-6.075346031088684,0.0
2025-07-28 17:00:00,6.2166061010848646,0.0,-6.610696044717759,0.0,-0.03958300386966318,0.0,6.650279048587422,0.0,0.0,0.0,0.0,0.0,0.0,0.0,0.0,0.0,0.0,0.0,0.0,0.0,0.0,0.0,-6.42648845745769,0.0,6.42648845745769,0.0
2025-07-28 18:00:00,-6.2166061010848646,0.0,6.2166061010848646,0.0,-6.610696044717759,0.0,-0.03958300386966318,0.0,6.650279048587422,0.0,0.0,0.0,0.0,0.0,0.0,0.0,0.0,0.0,0.0,0.0,0.0,0.0,0.0,0.0,-6.42648845745769,0.0
2025-07-28 19:00:00,5.752572638825633,0.0,-6.2166061010848646,0.0,6.2166061010848646,0.0,-6.610696044717759,0.0,-0.03958300386966318,0.0,6.650279048587422,0.0,0.0,0.0,0.0,0.0,0.0,0.0,0.0,0.0,0.0,0.0,0.0,0.0,0.0,0.0
2025-07-28 20:00:00,-0.44926773076655735,0.0,5.752572638825633,0.0,-6.2166061010848646,0.0,6.2166061010848646,0.0,-6.610696044717759,0.0,-0.03958300386966318,0.0,6.650279048587422,0.0,0.0,0.0,0.0,0.0,0.0,0.0,0.0,0.0,0.0,0.0,0.0,0.0
2025-07-28 21:00:00,2.7597580032677165,0.0,-0.44926773076655735,0.0,5.752572638825633,0.0,-6.2166061010848646,0.0,6.2166061010848646,0.0,-6.610696044717759,0.0,-0.03958300386966318,0.0,6.650279048587422,0.0,0.0,0.0,0.0,0.0,0.0,0.0,0.0,0.0,0.0,0.0
2025-07-28 22:00:00,-5.01854047360337,0.0,2.7597580032677165,0.0,-0.44926773076655735,0.0,5.752572638825633,0.0,-6.2166061010848646,0.0,6.2166061010848646,0.0,-6.610696044717759,0.0,-0.03958300386966318,0.0,6.650279048587422,0.0,0.0,0.0,0.0,0.0,0.0,0.0,0.0,0.0
2025-07-28 23:00:00,4.751124098611172,0.0,-5.01854047360337,0.0,2.7597580032677165,0.0,-0.44926773076655735,0.0,5.752572638825633,0.0,-6.2166061010848646,0.0,6.2166061010848646,0.0,-6.610696044717759,0.0,-0.03958300386966318,0.0,6.650279048587422,0.0,0.0,0.0,0.0,0.0,0.0,0.0
2025-07-29 00:00:00,2.405646671824165,0.0,4.751124098611172,0.0,-5.01854047360337,0.0,2.7597580032677165,0.0,-0.44926773076655735,0.0,5.752572638825633,0.0,-6.2166061010848646,0.0,6.2166061010848646,0.0,-6.610696044717759,0.0,-0.03958300386966318,0.0,6.650279048587422,0.0,0.0,0.0,0.0,0.0
2025-07-29 01:00:00,-4.282399353885613,0.0,2.405646671824165,0.0,4.751124098611172,0.0,-5.01854047360337,0.0,2.7597580032677165,0.0,-0.44926773076655735,0.0,5.752572638825633,0.0,-6.2166061010848646,0.0,6.2166061010848646,0.0,-6.610696044717759,0.0,-0.03958300386966318,0.0,6.650279048587422,0.0,0.0,0.0
2025-07-29 02:00:00,0.9808292530117262,0.0,-4.282399353885613,0.0,2.405646671824165,0.0,4.751124098611172,0.0,-5.01854047360337,0.0,2.7597580032677165,0.0,-0.44926773076655735,0.0,5.752572638825633,0.0,-6.2166061010848646,0.0,6.2166061010848646,0.0,-6.610696044717759,0.0,-0.03958300386966318,0.0,6.650279048587422,0.0
2025-07-29 03:00:00,-0.5111617017392422,0.0,0.9808292530117262,0.0,-4.282399353885613,0.0,2.405646671824165,0.0,4.751124098611172,0.0,-5.01854047360337,0.0,2.7597580032677165,0.0,-0.44926773076655735,0.0,5.752572638825633,0.0,-6.2166061010848646,0.0,6.2166061010848646,0.0,-6.610696044717759,0.0,-0.03958300386966318,0.0
2025-07-29 04:00:00,-6.38856140554563,0.0,-0.5111617017392422,0.0,0.9808292530117262,0.0,-4.282399353885613,0.0,2.405646671824165,0.0,4.751124098611172,0.0,-5.01854047360337,0.0,2.7597580032677165,0.0,-0.44926773076655735,0.0,5.752572638825633,0.0,-6.2166061010848646,0.0,6.2166061010848646,0.0,-6.610696044717759,0.0
2025-07-29 05:00:00,0.0,0.0,-6.38856140554563,0.0,-0.5111617017392422,0.0,0.9808292530117262,0.0,-4.282399353885613,0.0,2.405646671824165,0.0,4.751124098611172,0.0,-5.01854047360337,0.0,2.7597580032677165,0.0,-0.44926773076655735,0.0,5.752572638825633,0.0,-6.2166061010848646,0.0,6.2166061010848646,0.0
2025-07-29 06:00:00,0.0,0.0,0.0,0.0,-6.38856140554563,0.0,-0.5111617017392422,0.0,0.9808292530117262,0.0,-4.282399353885613,0.0,2.405646671824165,0.0,4.751124098611172,0.0,-5.01854047360337,0.0,2.7597580032677165,0.0,-0.44926773076655735,0.0,5.752572638825633,0.0,-6.2166061010848646,0.0
2025-07-29 07:00:00,6.90875477931522,0.0,0.0,0.0,0.0,0.0,-6.38856140554563,0.0,-0.5111617017392422,0.0,0.9808292530117262,0.0,-4.282399353885613,0.0,2.405646671824165,0.0,4.751124098611172,0.0,-5.01854047360337,0.0,2.7597580032677165,0.0,-0.44926773076655735,0.0,5.752572638825633,0.0
2025-07-29 08:00:00,-6.90875477931522,0.0,6.90875477931522,0.0,0.0,0.0,0.0,0.0,-6.38856140554563,0.0,-0.5111617017392422,0.0,0.9808292530117262,0.0,-4.282399353885613,0.0,2.405646671824165,0.0,4.751124098611172,0.0,-5.01854047360337,0.0,2.7597580032677165,0.0,-0.44926773076655735,0.0
2025-07-29 09:00:00,0.0,0.0,-6.90875477931522,0.0,6.90875477931522,0.0,0.0,0.0,0.0,0.0,-6.38856140554563,0.0,-0.5111617017392422,0.0,0.9808292530117262,0.0,-4.282399353885613,0.0,2.405646671824165,0.0,4.751124098611172,0.0,-5.01854047360337,0.0,2.7597580032677165,0.0
2025-07-29 10:00:00,0.0,0.0,0.0,0.0,-6.90875477931522,0.0,6.90875477931522,0.0,0.0,0.0,0.0,0.0,-6.38856140554563,0.0,-0.5111617017392422,0.0,0.9808292530117262,0.0,-4.282399353885613,0.0,2.405646671824165,0.0,4.751124098611172,0.0,-5.01854047360337,0.0
2025-07-29 11:00:00,0.0,0.0,0.0,0.0,0.0,0.0,-6.90875477931522,0.0,6.90875477931522,0.0,0.0,0.0,0.0,0.0,-6.38856140554563,0.0,-0.5111617017392422,0.0,0.9808292530117262,0.0,-4.282399353885613,0.0,2.405646671824165,0.0,4.751124098611172,0.0
2025-07-29 12:00:00,0.0,0.0,0.0,0.0,0.0,0.0,0.0,0.0,-6.90875477931522,0.0,6.90875477931522,0.0,0.0,0.0,0.0,0.0,-6.38856140554563,0.0,-0.5111617017392422,0.0,0.9808292530117262,0.0,-4.282399353885613,0.0,2.405646671824165,0.0
2025-07-29 13:00:00,5.673323267171493,0.0,0.0,0.0,0.0,0.0,0.0,0.0,0.0,0.0,-6.90875477931522,0.0,6.90875477931522,0.0,0.0,0.0,0.0,0.0,-6.38856140554563,0.0,-0.5111617017392422,0.0,0.9808292530117262,0.0,-4.282399353885613,0.0
2025-07-29 14:00:00,-5.673323267171493,0.0,5.673323267171493,0.0,0.0,0.0,0.0,0.0,0.0,0.0,0.0,0.0,-6.90875477931522,0.0,6.90875477931522,0.0,0.0,0.0,0.0,0.0,-6.38856140554563,0.0,-0.5111617017392422,0.0,0.9808292530117262,0.0
2025-07-29 15:00:00,5.420534999272286,0.0,-5.673323267171493,0.0,5.673323267171493,0.0,0.0,0.0,0.0,0.0,0.0,0.0,0.0,0.0,-6.90875477931522,0.0,6.90875477931522,0.0,0.0,0.0,0.0,0.0,-6.38856140554563,0.0,-0.5111617017392422,0.0
2025-07-29 16:00:00,-5.420534999272286,0.0,5.420534999272286,0.0,-5.673323267171493,0.0,5.673323267171493,0.0,0.0,0.0,0.0,0.0,0.0,0.0,0.0,0.0,-6.90875477931522,0.0,6.90875477931522,0.0,0.0,0.0,0.0,0.0,-6.38856140554563,0.0
2025-07-29 17:00:00,0.0,0.0,-5.420534999272286,0.0,5.420534999272286,0.0,-5.673323267171493,0.0,5.673323267171493,0.0,0.0,0.0,0.0,0.0,0.0,0.0,0.0,0.0,-6.90875477931522,0.0,6.90875477931522,0.0,0.0,0.0,0.0,0.0
2025-07-29 18:00:00,0.0,0.0,0.0,0.0,-5.420534999272286,0.0,5.420534999272286,0.0,-5.673323267171493,0.0,5.673323267171493,0.0,0.0,0.0,0.0,0.0,0.0,0.0,0.0,0.0,-6.90875477931522,0.0,6.90875477931522,0.0,0.0,0.0
2025-07-29 19:00:00,9.434922887484646,0.0,0.0,0.0,0.0,0.0,-5.420534999272286,0.0,5.420534999272286,0.0,-5.673323267171493,0.0,5.673323267171493,0.0,0.0,0.0,0.0,0.0,0.0,0.0,0.0,0.0,-6.90875477931522,0.0,6.90875477931522,0.0
2025-07-29 20:00:00,-0.7800568909433352,0.0,9.434922887484646,0.0,0.0,0.0,0.0,0.0,-5.420534999272286,0.0,5.420534999272286,0.0,-5.673323267171493,0.0,5.673323267171493,0.0,0.0,0.0,0.0,0.0,0.0,0.0,0.0,0.0,-6.90875477931522,0.0
2025-07-29 21:00:00,2.089261587860811,0.0,-0.7800568909433352,0.0,9.434922887484646,0.0,0.0,0.0,0.0,0.0,-5.420534999272286,0.0,5.420534999272286,0.0,-5.673323267171493,0.0,5.673323267171493,0.0,0.0,0.0,0.0,0.0,0.0,0.0,0.0,0.0
2025-07-29 22:00:00,-1.0910263195740786,0.0,2.089261587860811,0.0,-0.7800568909433352,0.0,9.434922887484646,0.0,0.0,0.0,0.0,0.0,-5.420534999272286,0.0,5.420534999272286,0.0,-5.673323267171493,0.0,5.673323267171493,0.0,0.0,0.0,0.0,0.0,0.0,0.0
2025-07-29 23:00:00,-3.148813091291398,0.0,-1.0910263195740786,0.0,2.089261587860811,0.0,-0.7800568909433352,0.0,9.434922887484646,0.0,0.0,0.0,0.0,0.0,-5.420534999272286,0.0,5.420534999272286,0.0,-5.673323267171493,0.0,5.673323267171493,0.0,0.0,0.0,0.0,0.0
2025-07-30 00:00:00,2.6802214384050167,0.0,-3.148813091291398,0.0,-1.0910263195740786,0.0,2.089261587860811,0.0,-0.7800568909433352,0.0,9.434922887484646,0.0,0.0,0.0,0.0,0.0,-5.420534999272286,0.0,5.420534999272286,0.0,-5.673323267171493,0.0,5.673323267171493,0.0,0.0,0.0
2025-07-30 01:00:00,-5.888672745937333,0.0,2.6802214384050167,0.0,-3.148813091291398,0.0,-1.0910263195740786,0.0,2.089261587860811,0.0,-0.7800568909433352,0.0,9.434922887484646,0.0,0.0,0.0,0.0,0.0,-5.420534999272286,0.0,5.420534999272286,0.0,-5.673323267171493,0.0,5.673323267171493,0.0
2025-07-30 02:00:00,-3.295836866004329,0.0,-5.888672745937333,0.0,2.6802214384050167,0.0,-3.148813091291398,0.0,-1.0910263195740786,0.0,2.089261587860811,0.0,-0.7800568909433352,0.0,9.434922887484646,0.0,0.0,0.0,0.0,0.0,-5.420534999272286,0.0,5.420534999272286,0.0,-5.673323267171493,0.0
2025-07-30 03:00:00,8.231109840328154,0.0,-3.295836866004329,0.0,-5.888672745937333,0.0,2.6802214384050167,0.0,-3.148813091291398,0.0,-1.0910263195740786,0.0,2.089261587860811,0.0,-0.7800568909433352,0.0,9.434922887484646,0.0,0.0,0.0,0.0,0.0,-5.420534999272286,0.0,5.420534999272286,0.0
2025-07-30 04:00:00,0.882058619895755,0.0,8.231109840328154,0.0,-3.295836866004329,0.0,-5.888672745937333,0.0,2.6802214384050167,0.0,-3.148813091291398,0.0,-1.0910263195740786,0.0,2.089261587860811,0.0,-0.7800568909433352,0.0,9.434922887484646,0.0,0.0,0.0,0.0,0.0,-5.420534999272286,0.0
2025-07-30 05:00:00,-2.073508110361833,0.0,0.882058619895755,0.0,8.231109840328154,0.0,-3.295836866004329,0.0,-5.888672745937333,0.0,2.6802214384050167,0.0,-3.148813091291398,0.0,-1.0910263195740786,0.0,2.089261587860811,0.0,-0.7800568909433352,0.0,9.434922887484646,0.0,0.0,0.0,0.0,0.0
2025-07-30 06:00:00,1.5173303114282275,0.0,-2.073508110361833,0.0,0.882058619895755,0.0,8.231109840328154,0.0,-3.295836866004329,0.0,-5.888672745937333,0.0,2.6802214384050167,0.0,-3.148813091291398,0.0,-1.0910263195740786,0.0,2.089261587860811,0.0,-0.7800568909433352,0.0,9.434922887484646,0.0,0.0,0.0
2025-07-30 07:00:00,-4.462646099068203,0.0,1.5173303114282275,0.0,-2.073508110361833,0.0,0.882058619895755,0.0,8.231109840328154,0.0,-3.295836866004329,0.0,-5.888672745937333,0.0,2.6802214384050167,0.0,-3.148813091291398,0.0,-1.0910263195740786,0.0,2.089261587860811,0.0,-0.7800568909433352,0.0,9.434922887484646,0.0
2025-07-30 08:00:00,-4.0943445622221,0.0,-4.462646099068203,0.0,1.5173303114282275,0.0,-2.073508110361833,0.0,0.882058619895755,0.0,8.231109840328154,0.0,-3.295836866004329,0.0,-5.888672745937333,0.0,2.6802214384050167,0.0,-3.148813091291398,0.0,-1.0910263195740786,0.0,2.089261587860811,0.0,-0.7800568909433352,0.0
2025-07-30 09:00:00,0.0,0.0,-4.0943445622221,0.0,-4.462646099068203,0.0,1.5173303114282275,0.0,-2.073508110361833,0.0,0.882058619895755,0.0,8.231109840328154,0.0,-3.295836866004329,0.0,-5.888672745937333,0.0,2.6802214384050167,0.0,-3.148813091291398,0.0,-1.0910263195740786,0.0,2.089261587860811,0.0
2025-07-30 10:00:00,0.0,0.0,0.0,0.0,-4.0943445622221,0.0,-4.462646099068203,0.0,1.5173303114282275,0.0,-2.073508110361833,0.0,0.882058619895755,0.0,8.231109840328154,0.0,-3.295836866004329,0.0,-5.888672745937333,0.0,2.6802214384050167,0.0,-3.148813091291398,0.0,-1.0910263195740786,0.0
2025-07-30 11:00:00,0.0,0.0,0.0,0.0,0.0,0.0,-4.0943445622221,0.0,-4.462646099068203,0.0,1.5173303114282275,0.0,-2.073508110361833,0.0,0.882058619895755,0.0,8.231109840328154,0.0,-3.295836866004329,0.0,-5.888672745937333,0.0,2.6802214384050167,0.0,-3.148813091291398,0.0
2025-07-30 12:00:00,0.0,0.0,0.0,0.0,0.0,0.0,0.0,0.0,-4.0943445622221,0.0,-4.462646099068203,0.0,1.5173303114282275,0.0,-2.073508110361833,0.0,0.882058619895755,0.0,8.231109840328154,0.0,-3.295836866004329,0.0,-5.888672745937333,0.0,2.6802214384050167,0.0
2025-07-30 13:00:00,5.707110264748875,0.0,0.0,0.0,0.0,0.0,0.0,0.0,0.0,0.0,-4.0943445622221,0.0,-4.462646099068203,0.0,1.5173303114282275,0.0,-2.073508110361833,0.0,0.882058619895755,0.0,8.231109840328154,0.0,-3.295836866004329,0.0,-5.888672745937333,0.0
2025-07-30 14:00:00,0.19552306865249047,0.0,5.707110264748875,0.0,0.0,0.0,0.0,0.0,0.0,0.0,0.0,0.0,-4.0943445622221,0.0,-4.462646099068203,0.0,1.5173303114282275,0.0,-2.073508110361833,0.0,0.882058619895755,0.0,8.231109840328154,0.0,-3.295836866004329,0.0
2025-07-30 15:00:00,0.8224003087654772,0.0,0.19552306865249047,0.0,5.707110264748875,0.0,0.0,0.0,0.0,0.0,0.0,0.0,0.0,0.0,-4.0943445622221,0.0,-4.462646099068203,0.0,1.5173303114282275,0.0,-2.073508110361833,0.0,0.882058619895755,0.0,8.231109840328154,0.0
2025-07-30 16:00:00,-1.904752076561806,0.0,0.8224003087654772,0.0,0.19552306865249047,0.0,5.707110264748875,0.0,0.0,0.0,0.0,0.0,0.0,0.0,0.0,0.0,-4.0943445622221,0.0,-4.462646099068203,0.0,1.5173303114282275,0.0,-2.073508110361833,0.0,0.882058619895755,0.0
2025-07-30 17:00:00,-2.4223862928066664,0.0,-1.904752076561806,0.0,0.8224003087654772,0.0,0.19552306865249047,0.0,5.707110264748875,0.0,0.0,0.0,0.0,0.0,0.0,0.0,0.0,0.0,-4.0943445622221,0.0,-4.462646099068203,0.0,1.5173303114282275,0.0,-2.073508110361833,0.0
2025-07-30 18:00:00,-2.3978952727983707,0.0,-2.4223862928066664,0.0,-1.904752076561806,0.0,0.8224003087654772,0.0,0.19552306865249047,0.0,5.707110264748875,0.0,0.0,0.0,0.0,0.0,0.0,0.0,0.0,0.0,-4.0943445622221,0.0,-4.462646099068203,0.0,1.5173303114282275,0.0
2025-07-30 19:00:00,4.955827057601261,0.0,-2.3978952727983707,0.0,-2.4223862928066664,0.0,-1.904752076561806,0.0,0.8224003087654772,0.0,0.19552306865249047,0.0,5.707110264748875,0.0,0.0,0.0,0.0,0.0,0.0,0.0,0.0,0.0,-4.0943445622221,0.0,-4.462646099068203,0.0
2025-07-30 20:00:00,5.358079976508162,0.0,4.955827057601261,0.0,-2.3978952727983707,0.0,-2.4223862928066664,0.0,-1.904752076561806,0.0,0.8224003087654772,0.0,0.19552306865249047,0.0,5.707110264748875,0.0,0.0,0.0,0.0,0.0,0.0,0.0,0.0,0.0,-4.0943445622221,0.0
2025-07-30 21:00:00,0.5459954013850137,0.0,5.358079976508162,0.0,4.955827057601261,0.0,-2.3978952727983707,0.0,-2.4223862928066664,0.0,-1.904752076561806,0.0,0.8224003087654772,0.0,0.19552306865249047,0.0,5.707110264748875,0.0,0.0,0.0,0.0,0.0,0.0,0.0,0.0,0.0
2025-07-30 22:00:00,-5.5368924563560284,0.0,0.5459954013850137,0.0,5.358079976508162,0.0,4.955827057601261,0.0,-2.3978952727983707,0.0,-2.4223862928066664,0.0,-1.904752076561806,0.0,0.8224003087654772,0.0,0.19552306865249047,0.0,5.707110264748875,0.0,0.0,0.0,0.0,0.0,0.0,0.0
2025-07-30 23:00:00,-5.3230099791384085,0.0,-5.5368924563560284,0.0,0.5459954013850137,0.0,5.358079976508162,0.0,4.955827057601261,0.0,-2.3978952727983707,0.0,-2.4223862928066664,0.0,-1.904752076561806,0.0,0.8224003087654772,0.0,0.19552306865249047,0.0,5.707110264748875,0.0,0.0,0.0,0.0,0.0
2025-07-31 00:00:00,7.5251007461258,0.0,-5.3230099791384085,0.0,-5.5368924563560284,0.0,0.5459954013850137,0.0,5.358079976508162,0.0,4.955827057601261,0.0,-2.3978952727983707,0.0,-2.4223862928066664,0.0,-1.904752076561806,0.0,0.8224003087654772,0.0,0.19552306865249047,0.0,5.707110264748875,0.0,0.0,0.0
2025-07-31 01:00:00,-7.5251007461258,0.0,7.5251007461258,0.0,-5.3230099791384085,0.0,-5.5368924563560284,0.0,0.5459954013850137,0.0,5.358079976508162,0.0,4.955827057601261,0.0,-2.3978952727983707,0.0,-2.4223862928066664,0.0,-1.904752076561806,0.0,0.8224003087654772,0.0,0.19552306865249047,0.0,5.707110264748875,0.0
2025-07-31 02:00:00,8.34687925374656,0.0,-7.5251007461258,0.0,7.5251007461258,0.0,-5.3230099791384085,0.0,-5.5368924563560284,0.0,0.5459954013850137,0.0,5.358079976508162,0.0,4.955827057601261,0.0,-2.3978952727983707,0.0,-2.4223862928066664,0.0,-1.904752076561806,0.0,0.8224003087654772,0.0,0.19552306865249047,0.0
2025-07-31 03:00:00,-1.3951070893476478,0.0,8.34687925374656,0.0,-7.5251007461258,0.0,7.5251007461258,0.0,-5.3230099791384085,0.0,-5.5368924563560284,0.0,0.5459954013850137,0.0,5.358079976508162,0.0,4.955827057601261,0.0,-2.3978952727983707,0.0,-2.4223862928066664,0.0,-1.904752076561806,0.0,0.8224003087654772,0.0
2025-07-31 04:00:00,-6.951772164398911,0.0,-1.3951070893476478,0.0,8.34687925374656,0.0,-7.5251007461258,0.0,7.5251007461258,0.0,-5.3230099791384085,0.0,-5.5368924563560284,0.0,0.5459954013850137,0.0,5.358079976508162,0.0,4.955827057601261,0.0,-2.3978952727983707,0.0,-2.4223862928066664,0.0,-1.904752076561806,0.0
2025-07-31 05:00:00,4.653960350157523,0.0,-6.951772164398911,0.0,-1.3951070893476478,0.0,8.34687925374656,0.0,-7.5251007461258,0.0,7.5251007461258,0.0,-5.3230099791384085,0.0,-5.5368924563560284,0.0,0.5459954013850137,0.0,5.358079976508162,0.0,4.955827057601261,0.0,-2.3978952727983707,0.0,-2.4223862928066664,0.0
2025-07-31 06:00:00,-2.1690537003695227,0.0,4.653960350157523,0.0,-6.951772164398911,0.0,-1.3951070893476478,0.0,8.34687925374656,0.0,-7.5251007461258,0.0,7.5251007461258,0.0,-5.3230099791384085,0.0,-5.5368924563560284,0.0,0.5459954013850137,0.0,5.358079976508162,0.0,4.955827057601261,0.0,-2.3978952727983707,0.0
2025-07-31 07:00:00,4.837603784209394,0.0,-2.1690537003695227,0.0,4.653960350157523,0.0,-6.951772164398911,0.0,-1.3951070893476478,0.0,8.34687925374656,0.0,-7.5251007461258,0.0,7.5251007461258,0.0,-5.3230099791384085,0.0,-5.5368924563560284,0.0,0.5459954013850137,0.0,5.358079976508162,0.0,4.955827057601261,0.0
2025-07-31 08:00:00,-7.322510433997394,0.0,4.837603784209394,0.0,-2.1690537003695227,0.0,4.653960350157523,0.0,-6.951772164398911,0.0,-1.3951070893476478,0.0,8.34687925374656,0.0,-7.5251007461258,0.0,7.5251007461258,0.0,-5.3230099791384085,0.0,-5.5368924563560284,0.0,0.5459954013850137,0.0,5.358079976508162,0.0
2025-07-31 09:00:00,0.0,0.0,-7.322510433997394,0.0,4.837603784209394,0.0,-2.1690537003695227,0.0,4.653960350157523,0.0,-6.951772164398911,0.0,-1.3951070893476478,0.0,8.34687925374656,0.0,-7.5251007461258,0.0,7.5251007461258,0.0,-5.3230099791384085,0.0,-5.5368924563560284,0.0,0.5459954013850137,0.0
2025-07-31 10:00:00,0.0,0.0,0.0,0.0,-7.322510433997394,0.0,4.837603784209394,0.0,-2.1690537003695227,0.0,4.653960350157523,0.0,-6.951772164398911,0.0,-1.3951070893476478,0.0,8.34687925374656,0.0,-7.5251007461258,0.0,7.5251007461258,0.0,-5.3230099791384085,0.0,-5.5368924563560284,0.0
2025-07-31 11:00:00,0.0,0.0,0.0,0.0,0.0,0.0,-7.322510433997394,0.0,4.837603784209394,0.0,-2.1690537003695227,0.0,4.653960350157523,0.0,-6.951772164398911,0.0,-1.3951070893476478,0.0,8.34687925374656,0.0,-7.5251007461258,0.0,7.5251007461258,0.0,-5.3230099791384085,0.0
2025-07-31 12:00:00,0.0,0.0,0.0,0.0,0.0,0.0,0.0,0.0,-7.322510433997394,0.0,4.837603784209394,0.0,-2.1690537003695227,0.0,4.653960350157523,0.0,-6.951772164398911,0.0,-1.3951070893476478,0.0,8.34687925374656,0.0,-7.5251007461258,0.0,7.5251007461258,0.0
2025-07-31 13:00:00,6.259581464064923,0.0,0.0,0.0,0.0,0.0,0.0,0.0,0.0,0.0,-7.322510433997394,0.0,4.837603784209394,0.0,-2.1690537003695227,0.0,4.653960350157523,0.0,-6.951772164398911,0.0,-1.3951070893476478,0.0,8.34687925374656,0.0,-7.5251007461258,0.0
2025-07-31 14:00:00,1.02317971554067,0.0,6.259581464064923,0.0,0.0,0.0,0.0,0.0,0.0,0.0,0.0,0.0,-7.322510433997394,0.0,4.837603784209394,0.0,-2.1690537003695227,0.0,4.653960350157523,0.0,-6.951772164398911,0.0,-1.3951070893476478,0.0,8.34687925374656,0.0
2025-07-31 15:00:00,-2.520587244807837,0.0,1.02317971554067,0.0,6.259581464064923,0.0,0.0,0.0,0.0,0.0,0.0,0.0,0.0,0.0,-7.322510433997394,0.0,4.837603784209394,0.0,-2.1690537003695227,0.0,4.653960350157523,0.0,-6.951772164398911,0.0,-1.3951070893476478,0.0
2025-07-31 16:00:00,4.1801562645241095,0.0,-2.520587244807837,0.0,1.02317971554067,0.0,6.259581464064923,0.0,0.0,0.0,0.0,0.0,0.0,0.0,0.0,0.0,-7.322510433997394,0.0,4.837603784209394,0.0,-2.1690537003695227,0.0,4.653960350157523,0.0,-6.951772164398911,0.0
2025-07-31 17:00:00,-8.942330199321866,0.0,4.1801562645241095,0.0,-2.520587244807837,0.0,1.02317971554067,0.0,6.259581464064923,0.0,0.0,0.0,0.0,0.0,0.0,0.0,0.0,0.0,-7.322510433997394,0.0,4.837603784209394,0.0,-2.1690537003695227,0.0,4.653960350157523,0.0
2025-07-31 18:00:00,4.61512051684126,0.0,-8.942330199321866,0.0,4.1801562645241095,0.0,-2.520587244807837,0.0,1.02317971554067,0.0,6.259581464064923,0.0,0.0,0.0,0.0,0.0,0.0,0.0,0.0,0.0,-7.322510433997394,0.0,4.837603784209394,0.0,-2.1690537003695227,0.0
2025-07-31 19:00:00,-4.61512051684126,0.0,4.61512051684126,0.0,-8.942330199321866,0.0,4.1801562645241095,0.0,-2.520587244807837,0.0,1.02317971554067,0.0,6.259581464064923,0.0,0.0,0.0,0.0,0.0,0.0,0.0,0.0,0.0,-7.322510433997394,0.0,4.837603784209394,0.0
2025-07-31 20:00:00,7.182352111885263,0.0,-4.61512051684126,0.0,4.61512051684126,0.0,-8.942330199321866,0.0,4.1801562645241095,0.0,-2.520587244807837,0.0,1.02317971554067,0.0,6.259581464064923,0.0,0.0,0.0,0.0,0.0,0.0,0.0,0.0,0.0,-7.322510433997394,0.0
2025-07-31 21:00:00,-1.5193916317493166,0.0,7.182352111885263,0.0,-4.61512051684126,0.0,4.61512051684126,0.0,-8.942330199321866,0.0,4.1801562645241095,0.0,-2.520587244807837,0.0,1.02317971554067,0.0,6.259581464064923,0.0,0.0,0.0,0.0,0.0,0.0,0.0,0.0,0.0
2025-07-31 22:00:00,-5.662960480135946,0.0,-1.5193916317493166,0.0,7.182352111885263,0.0,-4.61512051684126,0.0,4.61512051684126,0.0,-8.942330199321866,0.0,4.1801562645241095,0.0,-2.520587244807837,0.0,1.02317971554067,0.0,6.259581464064923,0.0,0.0,0.0,0.0,0.0,0.0,0.0
2025-07-31 23:00:00,8.60922527686273,0.0,-5.662960480135946,0.0,-1.5193916317493166,0.0,7.182352111885263,0.0,-4.61512051684126,0.0,4.61512051684126,0.0,-8.942330199321866,0.0,4.1801562645241095,0.0,-2.520587244807837,0.0,1.02317971554067,0.0,6.259581464064923,0.0,0.0,0.0,0.0,0.0
2025-08-01 00:00:00,-8.60922527686273,0.0,8.60922527686273,0.0,-5.662960480135946,0.0,-1.5193916317493166,0.0,7.182352111885263,0.0,-4.61512051684126,0.0,4.61512051684126,0.0,-8.942330199321866,0.0,4.1801562645241095,0.0,-2.520587244807837,0.0,1.02317971554067,0.0,6.259581464064923,0.0,0.0,0.0
2025-08-01 01:00:00,4.653960350157523,0.0,-8.60922527686273,0.0,8.60922527686273,0.0,-5.662960480135946,0.0,-1.5193916317493166,0.0,7.182352111885263,0.0,-4.61512051684126,0.0,4.61512051684126,0.0,-8.942330199321866,0.0,4.1801562645241095,0.0,-2.520587244807837,0.0,1.02317971554067,0.0,6.259581464064923,0.0
2025-08-01 02:00:00,2.5006550067561397,0.0,4.653960350157523,0.0,-8.60922527686273,0.0,8.60922527686273,0.0,-5.662960480135946,0.0,-1.5193916317493166,0.0,7.182352111885263,0.0,-4.61512051684126,0.0,4.61512051684126,0.0,-8.942330199321866,0.0,4.1801562645241095,0.0,-2.520587244807837,0.0,1.02317971554067,0.0
2025-08-01 03:00:00,1.458615022699517,0.0,2.5006550067561397,0.0,4.653960350157523,0.0,-8.60922527686273,0.0,8.60922527686273,0.0,-5.662960480135946,0.0,-1.5193916317493166,0.0,7.182352111885263,0.0,-4.61512051684126,0.0,4.61512051684126,0.0,-8.942330199321866,0.0,4.1801562645241095,0.0,-2.520587244807837,0.0
2025-08-01 04:00:00,-8.61323037961318,0.0,1.458615022699517,0.0,2.5006550067561397,0.0,4.653960350157523,0.0,-8.60922527686273,0.0,8.60922527686273,0.0,-5.662960480135946,0.0,-1.5193916317493166,0.0,7.182352111885263,0.0,-4.61512051684126,0.0,4.61512051684126,0.0,-8.942330199321866,0.0,4.1801562645241095,0.0
2025-08-01 05:00:00,0.0,0.0,-8.61323037961318,0.0,1.458615022699517,0.0,2.5006550067561397,0.0,4.653960350157523,0.0,-8.60922527686273,0.0,8.60922527686273,0.0,-5.662960480135946,0.0,-1.5193916317493166,0.0,7.182352111885263,0.0,-4.61512051684126,0.0,4.61512051684126,0.0,-8.942330199321866,0.0
2025-08-01 06:00:00,0.0,0.0,0.0,0.0,-8.61323037961318,0.0,1.458615022699517,0.0,2.5006550067561397,0.0,4.653960350157523,0.0,-8.60922527686273,0.0,8.60922527686273,0.0,-5.662960480135946,0.0,-1.5193916317493166,0.0,7.182352111885263,0.0,-4.61512051684126,0.0,4.61512051684126,0.0
2025-08-01 07:00:00,0.0,0.0,0.0,0.0,0.0,0.0,-8.61323037961318,0.0,1.458615022699517,0.0,2.5006550067561397,0.0,4.653960350157523,0.0,-8.60922527686273,0.0,8.60922527686273,0.0,-5.662960480135946,0.0,-1.5193916317493166,0.0,7.182352111885263,0.0,-4.61512051684126,0.0
2025-08-01 08:00:00,0.0,0.0,0.0,0.0,0.0,0.0,0.0,0.0,-8.61323037961318,0.0,1.458615022699517,0.0,2.5006550067561397,0.0,4.653960350157523,0.0,-8.60922527686273,0.0,8.60922527686273,0.0,-5.662960480135946,0.0,-1.5193916317493166,0.0,7.182352111885263,0.0
2025-08-01 09:00:00,0.0,0.0,0.0,0.0,0.0,0.0,0.0,0.0,0.0,0.0,-8.61323037961318,0.0,1.458615022699517,0.0,2.5006550067561397,0.0,4.653960350157523,0.0,-8.60922527686273,0.0,8.60922527686273,0.0,-5.662960480135946,0.0,-1.5193916317493166,0.0
2025-08-01 10:00:00,0.0,0.0,0.0,0.0,0.0,0.0,0.0,0.0,0.0,0.0,0.0,0.0,-8.61323037961318,0.0,1.458615022699517,0.0,2.5006550067561397,0.0,4.653960350157523,0.0,-8.60922527686273,0.0,8.60922527686273,0.0,-5.662960480135946,0.0
2025-08-01 11:00:00,0.0,0.0,0.0,0.0,0.0,0.0,0.0,0.0,0.0,0.0,0.0,0.0,0.0,0.0,-8.61323037961318,0.0,1.458615022699517,0.0,2.5006550067561397,0.0,4.653960350157523,0.0,-8.60922527686273,0.0,8.60922527686273,0.0
2025-08-01 12:00:00,0.0,0.0,0.0,0.0,0.0,0.0,0.0,0.0,0.0,0.0,0.0,0.0,0.0,0.0,0.0,0.0,-8.61323037961318,0.0,1.458615022699517,0.0,2.5006550067561397,0.0,4.653960350157523,0.0,-8.60922527686273,0.0
2025-08-01 13:00:00,0.0,0.0,0.0,0.0,0.0,0.0,0.0,0.0,0.0,0.0,0.0,0.0,0.0,0.0,0.0,0.0,0.0,0.0,-8.61323037961318,0.0,1.458615022699517,0.0,2.5006550067561397,0.0,4.653960350157523,0.0
2025-08-01 14:00:00,6.008813185442595,0.0,0.0,0.0,0.0,0.0,0.0,0.0,0.0,0.0,0.0,0.0,0.0,0.0,0.0,0.0,0.0,0.0,0.0,0.0,-8.61323037961318,0.0,1.458615022699517,0.0,2.5006550067561397,0.0
2025-08-01 15:00:00,-6.008813185442595,0.0,6.008813185442595,0.0,0.0,0.0,0.0,0.0,0.0,0.0,0.0,0.0,0.0,0.0,0.0,0.0,0.0,0.0,0.0,0.0,0.0,0.0,-8.61323037961318,0.0,1.458615022699517,0.0
2025-08-01 16:00:00,7.5256399750415355,0.0,-6.008813185442595,0.0,6.008813185442595,0.0,0.0,0.0,0.0,0.0,0.0,0.0,0.0,0.0,0.0,0.0,0.0,0.0,0.0,0.0,0.0,0.0,0.0,0.0,-8.61323037961318,0.0
2025-08-01 17:00:00,-7.5256399750415355,0.0,7.5256399750415355,0.0,-6.008813185442595,0.0,6.008813185442595,0.0,0.0,0.0,0.0,0.0,0.0,0.0,0.0,0.0,0.0,0.0,0.0,0.0,0.0,0.0,0.0,0.0,0.0,0.0
2025-08-01 18:00:00,4.77912349311153,0.0,-7.5256399750415355,0.0,7.5256399750415355,0.0,-6.008813185442595,0.0,6.008813185442595,0.0,0.0,0.0,0.0,0.0,0.0,0.0,0.0,0.0,0.0,0.0,0.0,0.0,0.0,0.0,0.0,0.0
2025-08-01 19:00:00,-4.77912349311153,0.0,4.77912349311153,0.0,-7.5256399750415355,0.0,7.5256399750415355,0.0,-6.008813185442595,0.0,6.008813185442595,0.0,0.0,0.0,0.0,0.0,0.0,0.0,0.0,0.0,0.0,0.0,0.0,0.0,0.0,0.0
2025-08-01 20:00:00,4.68213122712422,0.0,-4.77912349311153,0.0,4.77912349311153,0.0,-7.5256399750415355,0.0,7.5256399750415355,0.0,-6.008813185442595,0.0,6.008813185442595,0.0,0.0,0.0,0.0,0.0,0.0,0.0,0.0,0.0,0.0,0.0,0.0,0.0
2025-08-01 21:00:00,0.44183275227903884,0.0,4.68213122712422,0.0,-4.77912349311153,0.0,4.77912349311153,0.0,-7.5256399750415355,0.0,7.5256399750415355,0.0,-6.008813185442595,0.0,6.008813185442595,0.0,0.0,0.0,0.0,0.0,0.0,0.0,0.0,0.0,0.0,0.0
2025-08-01 22:00:00,1.8458266904983311,0.0,0.44183275227903884,0.0,4.68213122712422,0.0,-4.77912349311153,0.0,4.77912349311153,0.0,-7.5256399750415355,0.0,7.5256399750415355,0.0,-6.008813185442595,0.0,6.008813185442595,0.0,0.0,0.0,0.0,0.0,0.0,0.0,0.0,0.0
2025-08-01 23:00:00,0.37557417051527864,0.0,1.8458266904983311,0.0,0.44183275227903884,0.0,4.68213122712422,0.0,-4.77912349311153,0.0,4.77912349311153,0.0,-7.5256399750415355,0.0,7.5256399750415355,0.0,-6.008813185442595,0.0,6.008813185442595,0.0,0.0,0.0,0.0,0.0,0.0,0.0
2025-08-02 00:00:00,-7.3453648404168685,0.0,0.37557417051527864,0.0,1.8458266904983311,0.0,0.44183275227903884,0.0,4.68213122712422,0.0,-4.77912349311153,0.0,4.77912349311153,0.0,-7.5256399750415355,0.0,7.5256399750415355,0.0,-6.008813185442595,0.0,6.008813185442595,0.0,0.0,0.0,0.0,0.0
2025-08-02 01:00:00,5.568344503761097,0.0,-7.3453648404168685,0.0,0.37557417051527864,0.0,1.8458266904983311,0.0,0.44183275227903884,0.0,4.68213122712422,0.0,-4.77912349311153,0.0,4.77912349311153,0.0,-7.5256399750415355,0.0,7.5256399750415355,0.0,-6.008813185442595,0.0,6.008813185442595,0.0,0.0,0.0
2025-08-02 02:00:00,-5.568344503761097,0.0,5.568344503761097,0.0,-7.3453648404168685,0.0,0.37557417051527864,0.0,1.8458266904983311,0.0,0.44183275227903884,0.0,4.68213122712422,0.0,-4.77912349311153,0.0,4.77912349311153,0.0,-7.5256399750415355,0.0,7.5256399750415355,0.0,-6.008813185442595,0.0,6.008813185442595,0.0
2025-08-02 03:00:00,8.138856750696325,0.0,-5.568344503761097,0.0,5.568344503761097,0.0,-7.3453648404168685,0.0,0.37557417051527864,0.0,1.8458266904983311,0.0,0.44183275227903884,0.0,4.68213122712422,0.0,-4.77912349311153,0.0,4.77912349311153,0.0,-7.5256399750415355,0.0,7.5256399750415355,0.0,-6.008813185442595,0.0
2025-08-02 04:00:00,-8.138856750696325,0.0,8.138856750696325,0.0,-5.568344503761097,0.0,5.568344503761097,0.0,-7.3453648404168685,0.0,0.37557417051527864,0.0,1.8458266904983311,0.0,0.44183275227903884,0.0,4.68213122712422,0.0,-4.77912349311153,0.0,4.77912349311153,0.0,-7.5256399750415355,0.0,7.5256399750415355,0.0
2025-08-02 05:00:00,0.0,0.0,-8.138856750696325,0.0,8.138856750696325,0.0,-5.568344503761097,0.0,5.568344503761097,0.0,-7.3453648404168685,0.0,0.37557417051527864,0.0,1.8458266904983311,0.0,0.44183275227903884,0.0,4.68213122712422,0.0,-4.77912349311153,0.0,4.77912349311153,0.0,-7.5256399750415355,0.0
2025-08-02 06:00:00,6.448889394146858,0.0,0.0,0.0,-8.138856750696325,0.0,8.138856750696325,0.0,-5.568344503761097,0.0,5.568344503761097,0.0,-7.3453648404168685,0.0,0.37557417051527864,0.0,1.8458266904983311,0.0,0.44183275227903884,0.0,4.68213122712422,0.0,-4.77912349311153,0.0,4.77912349311153,0.0
2025-08-02 07:00:00,-6.448889394146858,0.0,6.448889394146858,0.0,0.0,0.0,-8.138856750696325,0.0,8.138856750696325,0.0,-5.568344503761097,0.0,5.568344503761097,0.0,-7.3453648404168685,0.0,0.37557417051527864,0.0,1.8458266904983311,0.0,0.44183275227903884,0.0,4.68213122712422,0.0,-4.77912349311153,0.0
2025-08-02 08:00:00,0.0,0.0,-6.448889394146858,0.0,6.448889394146858,0.0,0.0,0.0,-8.138856750696325,0.0,8.138856750696325,0.0,-5.568344503761097,0.0,5.568344503761097,0.0,-7.3453648404168685,0.0,0.37557417051527864,0.0,1.8458266904983311,0.0,0.44183275227903884,0.0,4.68213122712422,0.0
2025-08-02 09:00:00,0.0,0.0,0.0,0.0,-6.448889394146858,0.0,6.448889394146858,0.0,0.0,0.0,-8.138856750696325,0.0,8.138856750696325,0.0,-5.568344503761097,0.0,5.568344503761097,0.0,-7.3453648404168685,0.0,0.37557417051527864,0.0,1.8458266904983311,0.0,0.44183275227903884,0.0
2025-08-02 10:00:00,0.0,0.0,0.0,0.0,0.0,0.0,-6.448889394146858,0.0,6.448889394146858,0.0,0.0,0.0,-8.138856750696325,0.0,8.138856750696325,0.0,-5.568344503761097,0.0,5.568344503761097,0.0,-7.3453648404168685,0.0,0.37557417051527864,0.0,1.8458266904983311,0.0
2025-08-02 11:00:00,0.0,0.0,0.0,0.0,0.0,0.0,0.0,0.0,-6.448889394146858,0.0,6.448889394146858,0.0,0.0,0.0,-8.138856750696325,0.0,8.138856750696325,0.0,-5.568344503761097,0.0,5.568344503761097,0.0,-7.3453648404168685,0.0,0.37557417051527864,0.0
2025-08-02 12:00:00,0.0,0.0,0.0,0.0,0.0,0.0,0.0,0.0,0.0,0.0,-6.448889394146858,0.0,6.448889394146858,0.0,0.0,0.0,-8.138856750696325,0.0,8.138856750696325,0.0,-5.568344503761097,0.0,5.568344503761097,0.0,-7.3453648404168685,0.0
2025-08-02 13:00:00,0.0,0.0,0.0,0.0,0.0,0.0,0.0,0.0,0.0,0.0,0.0,0.0,-6.448889394146858,0.0,6.448889394146858,0.0,0.0,0.0,-8.138856750696325,0.0,8.138856750696325,0.0,-5.568344503761097,0.0,5.568344503761097,0.0
2025-08-02 14:00:00,2.3978952727983707,0.0,0.0,0.0,0.0,0.0,0.0,0.0,0.0,0.0,0.0,0.0,0.0,0.0,-6.448889394146858,0.0,6.448889394146858,0.0,0.0,0.0,-8.138856750696325,0.0,8.138856750696325,0.0,-5.568344503761097,0.0
2025-08-02 15:00:00,1.6625477377480484,0.0,2.3978952727983707,0.0,0.0,0.0,0.0,0.0,0.0,0.0,0.0,0.0,0.0,0.0,0.0,0.0,-6.448889394146858,0.0,6.448889394146858,0.0,0.0,0.0,-8.138856750696325,0.0,8.138856750696325,0.0
2025-08-02 16:00:00,1.1157067220274097,0.0,1.6625477377480484,0.0,2.3978952727983707,0.0,0.0,0.0,0.0,0.0,0.0,0.0,0.0,0.0,0.0,0.0,0.0,0.0,-6.448889394146858,0.0,6.448889394146858,0.0,0.0,0.0,-8.138856750696325,0.0
2025-08-02 17:00:00,0.34930320655795466,0.0,1.1157067220274097,0.0,1.6625477377480484,0.0,2.3978952727983707,0.0,0.0,0.0,0.0,0.0,0.0,0.0,0.0,0.0,0.0,0.0,0.0,0.0,-6.448889394146858,0.0,6.448889394146858,0.0,0.0,0.0
2025-08-02 18:00:00,-5.5254529391317835,0.0,0.34930320655795466,0.0,1.1157067220274097,0.0,1.6625477377480484,0.0,2.3978952727983707,0.0,0.0,0.0,0.0,0.0,0.0,0.0,0.0,0.0,0.0,0.0,0.0,0.0,-6.448889394146858,0.0,6.448889394146858,0.0
2025-08-02 19:00:00,0.0,0.0,-5.5254529391317835,0.0,0.34930320655795466,0.0,1.1157067220274097,0.0,1.6625477377480484,0.0,2.3978952727983707,0.0,0.0,0.0,0.0,0.0,0.0,0.0,0.0,0.0,0.0,0.0,0.0,0.0,-6.448889394146858,0.0
2025-08-02 20:00:00,0.0,0.0,0.0,0.0,-5.5254529391317835,0.0,0.34930320655795466,0.0,1.1157067220274097,0.0,1.6625477377480484,0.0,2.3978952727983707,0.0,0.0,0.0,0.0,0.0,0.0,0.0,0.0,0.0,0.0,0.0,0.0,0.0
2025-08-02 21:00:00,6.951772164398911,0.0,0.0,0.0,0.0,0.0,-5.5254529391317835,0.0,0.34930320655795466,0.0,1.1157067220274097,0.0,1.6625477377480484,0.0,2.3978952727983707,0.0,0.0,0.0,0.0,0.0,0.0,0.0,0.0,0.0,0.0,0.0
2025-08-02 22:00:00,-2.2978118142413884,0.0,6.951772164398911,0.0,0.0,0.0,0.0,0.0,-5.5254529391317835,0.0,0.34930320655795466,0.0,1.1157067220274097,0.0,1.6625477377480484,0.0,2.3978952727983707,0.0,0.0,0.0,0.0,0.0,0.0,0.0,0.0,0.0
2025-08-02 23:00:00,-2.862200880929468,0.0,-2.2978118142413884,0.0,6.951772164398911,0.0,0.0,0.0,0.0,0.0,-5.5254529391317835,0.0,0.34930320655795466,0.0,1.1157067220274097,0.0,1.6625477377480484,0.0,2.3978952727983707,0.0,0.0,0.0,0.0,0.0,0.0,0.0
2025-08-03 00:00:00,-1.791759469228055,0.0,-2.862200880929468,0.0,-2.2978118142413884,0.0,6.951772164398911,0.0,0.0,0.0,0.0,0.0,-5.5254529391317835,0.0,0.34930320655795466,0.0,1.1157067220274097,0.0,1.6625477377480484,0.0,2.3978952727983707,0.0,0.0,0.0,0.0,0.0
2025-08-03 01:00:00,6.255750041753367,0.0,-1.791759469228055,0.0,-2.862200880929468,0.0,-2.2978118142413884,0.0,6.951772164398911,0.0,0.0,0.0,0.0,0.0,-5.5254529391317835,0.0,0.34930320655795466,0.0,1.1157067220274097,0.0,1.6625477377480484,0.0,2.3978952727983707,0.0,0.0,0.0
2025-08-03 02:00:00,-6.255750041753367,0.0,6.255750041753367,0.0,-1.791759469228055,0.0,-2.862200880929468,0.0,-2.2978118142413884,0.0,6.951772164398911,0.0,0.0,0.0,0.0,0.0,-5.5254529391317835,0.0,0.34930320655795466,0.0,1.1157067220274097,0.0,1.6625477377480484,0.0,2.3978952727983707,0.0
2025-08-03 03:00:00,6.961296045910167,0.0,-6.255750041753367,0.0,6.255750041753367,0.0,-1.791759469228055,0.0,-2.862200880929468,0.0,-2.2978118142413884,0.0,6.951772164398911,0.0,0.0,0.0,0.0,0.0,-5.5254529391317835,0.0,0.34930320655795466,0.0,1.1157067220274097,0.0,1.6625477377480484,0.0
2025-08-03 04:00:00,-6.961296045910167,0.0,6.961296045910167,0.0,-6.255750041753367,0.0,6.255750041753367,0.0,-1.791759469228055,0.0,-2.862200880929468,0.0,-2.2978118142413884,0.0,6.951772164398911,0.0,0.0,0.0,0.0,0.0,-5.5254529391317835,0.0,0.34930320655795466,0.0,1.1157067220274097,0.0
2025-08-03 05:00:00,1.791759469228055,0.0,-6.961296045910167,0.0,6.961296045910167,0.0,-6.255750041753367,0.0,6.255750041753367,0.0,-1.791759469228055,0.0,-2.862200880929468,0.0,-2.2978118142413884,0.0,6.951772164398911,0.0,0.0,0.0,0.0,0.0,-5.5254529391317835,0.0,0.34930320655795466,0.0
2025-08-03 06:00:00,2.427748235948052,0.0,1.791759469228055,0.0,-6.961296045910167,0.0,6.961296045910167,0.0,-6.255750041753367,0.0,6.255750041753367,0.0,-1.791759469228055,0.0,-2.862200880929468,0.0,-2.2978118142413884,0.0,6.951772164398911,0.0,0.0,0.0,0.0,0.0,-5.5254529391317835,0.0
2025-08-03 07:00:00,-4.219507705176107,0.0,2.427748235948052,0.0,1.791759469228055,0.0,-6.961296045910167,0.0,6.961296045910167,0.0,-6.255750041753367,0.0,6.255750041753367,0.0,-1.791759469228055,0.0,-2.862200880929468,0.0,-2.2978118142413884,0.0,6.951772164398911,0.0,0.0,0.0,0.0,0.0
2025-08-03 08:00:00,0.0,0.0,-4.219507705176107,0.0,2.427748235948052,0.0,1.791759469228055,0.0,-6.961296045910167,0.0,6.961296045910167,0.0,-6.255750041753367,0.0,6.255750041753367,0.0,-1.791759469228055,0.0,-2.862200880929468,0.0,-2.2978118142413884,0.0,6.951772164398911,0.0,0.0,0.0
2025-08-03 09:00:00,0.0,0.0,0.0,0.0,-4.219507705176107,0.0,2.427748235948052,0.0,1.791759469228055,0.0,-6.961296045910167,0.0,6.961296045910167,0.0,-6.255750041753367,0.0,6.255750041753367,0.0,-1.791759469228055,0.0,-2.862200880929468,0.0,-2.2978118142413884,0.0,6.951772164398911,0.0
2025-08-03 10:00:00,0.0,0.0,0.0,0.0,0.0,0.0,-4.219507705176107,0.0,2.427748235948052,0.0,1.791759469228055,0.0,-6.961296045910167,0.0,6.961296045910167,0.0,-6.255750041753367,0.0,6.255750041753367,0.0,-1.791759469228055,0.0,-2.862200880929468,0.0,-2.2978118142413884,0.0
2025-08-03 11:00:00,0.0,0.0,0.0,0.0,0.0,0.0,0.0,0.0,-4.219507705176107,0.0,2.427748235948052,0.0,1.791759469228055,0.0,-6.961296045910167,0.0,6.961296045910167,0.0,-6.255750041753367,0.0,6.255750041753367,0.0,-1.791759469228055,0.0,-2.862200880929468,0.0
2025-08-03 12:00:00,0.0,0.0,0.0,0.0,0.0,0.0,0.0,0.0,0.0,0.0,-4.219507705176107,0.0,2.427748235948052,0.0,1.791759469228055,0.0,-6.961296045910167,0.0,6.961296045910167,0.0,-6.255750041753367,0.0,6.255750041753367,0.0,-1.791759469228055,0.0
2025-08-03 13:00:00,2.1972245773362196,0.0,0.0,0.0,0.0,0.0,0.0,0.0,0.0,0.0,0.0,0.0,-4.219507705176107,0.0,2.427748235948052,0.0,1.791759469228055,0.0,-6.961296045910167,0.0,6.961296045910167,0.0,-6.255750041753367,0.0,6.255750041753367,0.0
2025-08-03 14:00:00,-2.1972245773362196,0.0,2.1972245773362196,0.0,0.0,0.0,0.0,0.0,0.0,0.0,0.0,0.0,0.0,0.0,-4.219507705176107,0.0,2.427748235948052,0.0,1.791759469228055,0.0,-6.961296045910167,0.0,6.961296045910167,0.0,-6.255750041753367,0.0
2025-08-03 15:00:00,5.8971538676367405,0.0,-2.1972245773362196,0.0,2.1972245773362196,0.0,0.0,0.0,0.0,0.0,0.0,0.0,0.0,0.0,0.0,0.0,-4.219507705176107,0.0,2.427748235948052,0.0,1.791759469228055,0.0,-6.961296045910167,0.0,6.961296045910167,0.0
2025-08-03 16:00:00,-2.67827804276854,0.0,5.8971538676367405,0.0,-2.1972245773362196,0.0,2.1972245773362196,0.0,0.0,0.0,0.0,0.0,0.0,0.0,0.0,0.0,0.0,0.0,-4.219507705176107,0.0,2.427748235948052,0.0,1.791759469228055,0.0,-6.961296045910167,0.0
2025-08-03 17:00:00,2.9295924710494465,0.0,-2.67827804276854,0.0,5.8971538676367405,0.0,-2.1972245773362196,0.0,2.1972245773362196,0.0,0.0,0.0,0.0,0.0,0.0,0.0,0.0,0.0,0.0,0.0,-4.219507705176107,0.0,2.427748235948052,0.0,1.791759469228055,0.0
2025-08-03 18:00:00,-6.148468295917647,0.0,2.9295924710494465,0.0,-2.67827804276854,0.0,5.8971538676367405,0.0,-2.1972245773362196,0.0,2.1972245773362196,0.0,0.0,0.0,0.0,0.0,0.0,0.0,0.0,0.0,0.0,0.0,-4.219507705176107,0.0,2.427748235948052,0.0
2025-08-03 19:00:00,2.3978952727983707,0.0,-6.148468295917647,0.0,2.9295924710494465,0.0,-2.67827804276854,0.0,5.8971538676367405,0.0,-2.1972245773362196,0.0,2.1972245773362196,0.0,0.0,0.0,0.0,0.0,0.0,0.0,0.0,0.0,0.0,0.0,-4.219507705176107,0.0
2025-08-03 20:00:00,1.958813553891221,0.0,2.3978952727983707,0.0,-6.148468295917647,0.0,2.9295924710494465,0.0,-2.67827804276854,0.0,5.8971538676367405,0.0,-2.1972245773362196,0.0,2.1972245773362196,0.0,0.0,0.0,0.0,0.0,0.0,0.0,0.0,0.0,0.0,0.0
2025-08-03 21:00:00,3.389159403102677,0.0,1.958813553891221,0.0,2.3978952727983707,0.0,-6.148468295917647,0.0,2.9295924710494465,0.0,-2.67827804276854,0.0,5.8971538676367405,0.0,-2.1972245773362196,0.0,2.1972245773362196,0.0,0.0,0.0,0.0,0.0,0.0,0.0,0.0,0.0
2025-08-03 22:00:00,-3.257231860060129,0.0,3.389159403102677,0.0,1.958813553891221,0.0,2.3978952727983707,0.0,-6.148468295917647,0.0,2.9295924710494465,0.0,-2.67827804276854,0.0,5.8971538676367405,0.0,-2.1972245773362196,0.0,2.1972245773362196,0.0,0.0,0.0,0.0,0.0,0.0,0.0
2025-08-03 23:00:00,2.4820937084113854,0.0,-3.257231860060129,0.0,3.389159403102677,0.0,1.958813553891221,0.0,2.3978952727983707,0.0,-6.148468295917647,0.0,2.9295924710494465,0.0,-2.67827804276854,0.0,5.8971538676367405,0.0,-2.1972245773362196,0.0,2.1972245773362196,0.0,0.0,0.0,0.0,0.0
2025-08-04 00:00:00,-6.970730078143525,0.0,2.4820937084113854,0.0,-3.257231860060129,0.0,3.389159403102677,0.0,1.958813553891221,0.0,2.3978952727983707,0.0,-6.148468295917647,0.0,2.9295924710494465,0.0,-2.67827804276854,0.0,5.8971538676367405,0.0,-2.1972245773362196,0.0,2.1972245773362196,0.0,0.0,0.0
2025-08-04 01:00:00,5.153291594497779,0.0,-6.970730078143525,0.0,2.4820937084113854,0.0,-3.257231860060129,0.0,3.389159403102677,0.0,1.958813553891221,0.0,2.3978952727983707,0.0,-6.148468295917647,0.0,2.9295924710494465,0.0,-2.67827804276854,0.0,5.8971538676367405,0.0,-2.1972245773362196,0.0,2.1972245773362196,0.0
2025-08-04 02:00:00,-2.0177973785686296,0.0,5.153291594497779,0.0,-6.970730078143525,0.0,2.4820937084113854,0.0,-3.257231860060129,0.0,3.389159403102677,0.0,1.958813553891221,0.0,2.3978952727983707,0.0,-6.148468295917647,0.0,2.9295924710494465,0.0,-2.67827804276854,0.0,5.8971538676367405,0.0,-2.1972245773362196,0.0
2025-08-04 03:00:00,-3.1354942159291497,0.0,-2.0177973785686296,0.0,5.153291594497779,0.0,-6.970730078143525,0.0,2.4820937084113854,0.0,-3.257231860060129,0.0,3.389159403102677,0.0,1.958813553891221,0.0,2.3978952727983707,0.0,-6.148468295917647,0.0,2.9295924710494465,0.0,-2.67827804276854,0.0,5.8971538676367405,0.0
2025-08-04 04:00:00,4.74493212836325,0.0,-3.1354942159291497,0.0,-2.0177973785686296,0.0,5.153291594497779,0.0,-6.970730078143525,0.0,2.4820937084113854,0.0,-3.257231860060129,0.0,3.389159403102677,0.0,1.958813553891221,0.0,2.3978952727983707,0.0,-6.148468295917647,0.0,2.9295924710494465,0.0,-2.67827804276854,0.0
2025-08-04 05:00:00,-4.74493212836325,0.0,4.74493212836325,0.0,-3.1354942159291497,0.0,-2.0177973785686296,0.0,5.153291594497779,0.0,-6.970730078143525,0.0,2.4820937084113854,0.0,-3.257231860060129,0.0,3.389159403102677,0.0,1.958813553891221,0.0,2.3978952727983707,0.0,-6.148468295917647,0.0,2.9295924710494465,0.0
2025-08-04 06:00:00,0.0,0.0,-4.74493212836325,0.0,4.74493212836325,0.0,-3.1354942159291497,0.0,-2.0177973785686296,0.0,5.153291594497779,0.0,-6.970730078143525,0.0,2.4820937084113854,0.0,-3.257231860060129,0.0,3.389159403102677,0.0,1.958813553891221,0.0,2.3978952727983707,0.0,-6.148468295917647,0.0
2025-08-04 07:00:00,0.0,0.0,0.0,0.0,-4.74493212836325,0.0,4.74493212836325,0.0,-3.1354942159291497,0.0,-2.0177973785686296,0.0,5.153291594497779,0.0,-6.970730078143525,0.0,2.4820937084113854,0.0,-3.257231860060129,0.0,3.389159403102677,0.0,1.958813553891221,0.0,2.3978952727983707,0.0
2025-08-04 08:00:00,0.0,0.0,0.0,0.0,0.0,0.0,-4.74493212836325,0.0,4.74493212836325,0.0,-3.1354942159291497,0.0,-2.0177973785686296,0.0,5.153291594497779,0.0,-6.970730078143525,0.0,2.4820937084113854,0.0,-3.257231860060129,0.0,3.389159403102677,0.0,1.958813553891221,0.0
2025-08-04 09:00:00,0.0,0.0,0.0,0.0,0.0,0.0,0.0,0.0,-4.74493212836325,0.0,4.74493212836325,0.0,-3.1354942159291497,0.0,-2.0177973785686296,0.0,5.153291594497779,0.0,-6.970730078143525,0.0,2.4820937084113854,0.0,-3.257231860060129,0.0,3.389159403102677,0.0
2025-08-04 10:00:00,0.0,0.0,0.0,0.0,0.0,0.0,0.0,0.0,0.0,0.0,-4.74493212836325,0.0,4.74493212836325,0.0,-3.1354942159291497,0.0,-2.0177973785686296,0.0,5.153291594497779,0.0,-6.970730078143525,0.0,2.4820937084113854,0.0,-3.257231860060129,0.0
2025-08-04 11:00:00,0.0,0.0,0.0,0.0,0.0,0.0,0.0,0.0,0.0,0.0,0.0,0.0,-4.74493212836325,0.0,4.74493212836325,0.0,-3.1354942159291497,0.0,-2.0177973785686296,0.0,5.153291594497779,0.0,-6.970730078143525,0.0,2.4820937084113854,0.0
2025-08-04 12:00:00,0.0,0.0,0.0,0.0,0.0,0.0,0.0,0.0,0.0,0.0,0.0,0.0,0.0,0.0,-4.74493212836325,0.0,4.74493212836325,0.0,-3.1354942159291497,0.0,-2.0177973785686296,0.0,5.153291594497779,0.0,-6.970730078143525,0.0
2025-08-04 13:00:00,0.0,0.0,0.0,0.0,0.0,0.0,0.0,0.0,0.0,0.0,0.0,0.0,0.0,0.0,0.0,0.0,-4.74493212836325,0.0,4.74493212836325,0.0,-3.1354942159291497,0.0,-2.0177973785686296,0.0,5.153291594497779,0.0
2025-08-04 14:00:00,4.204692619390966,0.0,0.0,0.0,0.0,0.0,0.0,0.0,0.0,0.0,0.0,0.0,0.0,0.0,0.0,0.0,0.0,0.0,-4.74493212836325,0.0,4.74493212836325,0.0,-3.1354942159291497,0.0,-2.0177973785686296,0.0
2025-08-04 15:00:00,1.8567642995370512,0.0,4.204692619390966,0.0,0.0,0.0,0.0,0.0,0.0,0.0,0.0,0.0,0.0,0.0,0.0,0.0,0.0,0.0,0.0,0.0,-4.74493212836325,0.0,4.74493212836325,0.0,-3.1354942159291497,0.0
2025-08-04 16:00:00,-6.061456918928017,0.0,1.8567642995370512,0.0,4.204692619390966,0.0,0.0,0.0,0.0,0.0,0.0,0.0,0.0,0.0,0.0,0.0,0.0,0.0,0.0,0.0,0.0,0.0,-4.74493212836325,0.0,4.74493212836325,0.0
2025-08-04 17:00:00,6.39024066706535,0.0,-6.061456918928017,0.0,1.8567642995370512,0.0,4.204692619390966,0.0,0.0,0.0,0.0,0.0,0.0,0.0,0.0,0.0,0.0,0.0,0.0,0.0,0.0,0.0,0.0,0.0,-4.74493212836325,0.0
2025-08-04 18:00:00,-6.39024066706535,0.0,6.39024066706535,0.0,-6.061456918928017,0.0,1.8567642995370512,0.0,4.204692619390966,0.0,0.0,0.0,0.0,0.0,0.0,0.0,0.0,0.0,0.0,0.0,0.0,0.0,0.0,0.0,0.0,0.0
2025-08-04 19:00:00,0.0,0.0,-6.39024066706535,0.0,6.39024066706535,0.0,-6.061456918928017,0.0,1.8567642995370512,0.0,4.204692619390966,0.0,0.0,0.0,0.0,0.0,0.0,0.0,0.0,0.0,0.0,0.0,0.0,0.0,0.0,0.0
2025-08-04 20:00:00,1.0986122886681098,0.0,0.0,0.0,-6.39024066706535,0.0,6.39024066706535,0.0,-6.061456918928017,0.0,1.8567642995370512,0.0,4.204692619390966,0.0,0.0,0.0,0.0,0.0,0.0,0.0,0.0,0.0,0.0,0.0,0.0,0.0
2025-08-04 21:00:00,3.64631983969514,0.0,1.0986122886681098,0.0,0.0,0.0,-6.39024066706535,0.0,6.39024066706535,0.0,-6.061456918928017,0.0,1.8567642995370512,0.0,4.204692619390966,0.0,0.0,0.0,0.0,0.0,0.0,0.0,0.0,0.0,0.0,0.0
2025-08-04 22:00:00,1.575836165887332,0.0,3.64631983969514,0.0,1.0986122886681098,0.0,0.0,0.0,-6.39024066706535,0.0,6.39024066706535,0.0,-6.061456918928017,0.0,1.8567642995370512,0.0,4.204692619390966,0.0,0.0,0.0,0.0,0.0,0.0,0.0,0.0,0.0
2025-08-04 23:00:00,1.7388240346369628,0.0,1.575836165887332,0.0,3.64631983969514,0.0,1.0986122886681098,0.0,0.0,0.0,-6.39024066706535,0.0,6.39024066706535,0.0,-6.061456918928017,0.0,1.8567642995370512,0.0,4.204692619390966,0.0,0.0,0.0,0.0,0.0,0.0,0.0
2025-08-05 00:00:00,-8.059592328887545,0.0,1.7388240346369628,0.0,1.575836165887332,0.0,3.64631983969514,0.0,1.0986122886681098,0.0,0.0,0.0,-6.39024066706535,0.0,6.39024066706535,0.0,-6.061456918928017,0.0,1.8567642995370512,0.0,4.204692619390966,0.0,0.0,0.0,0.0,0.0
2025-08-05 01:00:00,5.236441962829949,0.0,-8.059592328887545,0.0,1.7388240346369628,0.0,1.575836165887332,0.0,3.64631983969514,0.0,1.0986122886681098,0.0,0.0,0.0,-6.39024066706535,0.0,6.39024066706535,0.0,-6.061456918928017,0.0,1.8567642995370512,0.0,4.204692619390966,0.0,0.0,0.0
2025-08-05 02:00:00,-5.236441962829949,0.0,5.236441962829949,0.0,-8.059592328887545,0.0,1.7388240346369628,0.0,1.575836165887332,0.0,3.64631983969514,0.0,1.0986122886681098,0.0,0.0,0.0,-6.39024066706535,0.0,6.39024066706535,0.0,-6.061456918928017,0.0,1.8567642995370512,0.0,4.204692619390966,0.0
2025-08-05 03:00:00,4.875197323201151,0.0,-5.236441962829949,0.0,5.236441962829949,0.0,-8.059592328887545,0.0,1.7388240346369628,0.0,1.575836165887332,0.0,3.64631983969514,0.0,1.0986122886681098,0.0,0.0,0.0,-6.39024066706535,0.0,6.39024066706535,0.0,-6.061456918928017,0.0,1.8567642995370512,0.0
2025-08-05 04:00:00,-4.875197323201151,0.0,4.875197323201151,0.0,-5.236441962829949,0.0,5.236441962829949,0.0,-8.059592328887545,0.0,1.7388240346369628,0.0,1.575836165887332,0.0,3.64631983969514,0.0,1.0986122886681098,0.0,0.0,0.0,-6.39024066706535,0.0,6.39024066706535,0.0,-6.061456918928017,0.0
2025-08-05 05:00:00,5.752572638825633,0.0,-4.875197323201151,0.0,4.875197323201151,0.0,-5.236441962829949,0.0,5.236441962829949,0.0,-8.059592328887545,0.0,1.7388240346369628,0.0,1.575836165887332,0.0,3.64631983969514,0.0,1.0986122886681098,0.0,0.0,0.0,-6.39024066706535,0.0,6.39024066706535,0.0
2025-08-05 06:00:00,0.6543073472436811,0.0,5.752572638825633,0.0,-4.875197323201151,0.0,4.875197323201151,0.0,-5.236441962829949,0.0,5.236441962829949,0.0,-8.059592328887545,0.0,1.7388240346369628,0.0,1.575836165887332,0.0,3.64631983969514,0.0,1.0986122886681098,0.0,0.0,0.0,-6.39024066706535,0.0
2025-08-05 07:00:00,-6.406879986069314,0.0,0.6543073472436811,0.0,5.752572638825633,0.0,-4.875197323201151,0.0,4.875197323201151,0.0,-5.236441962829949,0.0,5.236441962829949,0.0,-8.059592328887545,0.0,1.7388240346369628,0.0,1.575836165887332,0.0,3.64631983969514,0.0,1.0986122886681098,0.0,0.0,0.0
2025-08-05 08:00:00,0.0,0.0,-6.406879986069314,0.0,0.6543073472436811,0.0,5.752572638825633,0.0,-4.875197323201151,0.0,4.875197323201151,0.0,-5.236441962829949,0.0,5.236441962829949,0.0,-8.059592328887545,0.0,1.7388240346369628,0.0,1.575836165887332,0.0,3.64631983969514,0.0,1.0986122886681098,0.0
2025-08-05 09:00:00,0.0,0.0,0.0,0.0,-6.406879986069314,0.0,0.6543073472436811,0.0,5.752572638825633,0.0,-4.875197323201151,0.0,4.875197323201151,0.0,-5.236441962829949,0.0,5.236441962829949,0.0,-8.059592328887545,0.0,1.7388240346369628,0.0,1.575836165887332,0.0,3.64631983969514,0.0
2025-08-05 10:00:00,0.0,0.0,0.0,0.0,0.0,0.0,-6.406879986069314,0.0,0.6543073472436811,0.0,5.752572638825633,0.0,-4.875197323201151,0.0,4.875197323201151,0.0,-5.236441962829949,0.0,5.236441962829949,0.0,-8.059592328887545,0.0,1.7388240346369628,0.0,1.575836165887332,0.0
2025-08-05 11:00:00,0.0,0.0,0.0,0.0,0.0,0.0,0.0,0.0,-6.406879986069314,0.0,0.6543073472436811,0.0,5.752572638825633,0.0,-4.875197323201151,0.0,4.875197323201151,0.0,-5.236441962829949,0.0,5.236441962829949,0.0,-8.059592328887545,0.0,1.7388240346369628,0.0
2025-08-05 12:00:00,0.0,0.0,0.0,0.0,0.0,0.0,0.0,0.0,0.0,0.0,-6.406879986069314,0.0,0.6543073472436811,0.0,5.752572638825633,0.0,-4.875197323201151,0.0,4.875197323201151,0.0,-5.236441962829949,0.0,5.236441962829949,0.0,-8.059592328887545,0.0
2025-08-05 13:00:00,0.0,0.0,0.0,0.0,0.0,0.0,0.0,0.0,0.0,0.0,0.0,0.0,-6.406879986069314,0.0,0.6543073472436811,0.0,5.752572638825633,0.0,-4.875197323201151,0.0,4.875197323201151,0.0,-5.236441962829949,0.0,5.236441962829949,0.0
2025-08-05 14:00:00,0.0,0.0,0.0,0.0,0.0,0.0,0.0,0.0,0.0,0.0,0.0,0.0,0.0,0.0,-6.406879986069314,0.0,0.6543073472436811,0.0,5.752572638825633,0.0,-4.875197323201151,0.0,4.875197323201151,0.0,-5.236441962829949,0.0
2025-08-05 15:00:00,5.062595033026967,0.0,0.0,0.0,0.0,0.0,0.0,0.0,0.0,0.0,0.0,0.0,0.0,0.0,0.0,0.0,-6.406879986069314,0.0,0.6543073472436811,0.0,5.752572638825633,0.0,-4.875197323201151,0.0,4.875197323201151,0.0
2025-08-05 16:00:00,-5.062595033026967,0.0,5.062595033026967,0.0,0.0,0.0,0.0,0.0,0.0,0.0,0.0,0.0,0.0,0.0,0.0,0.0,0.0,0.0,-6.406879986069314,0.0,0.6543073472436811,0.0,5.752572638825633,0.0,-4.875197323201151,0.0
2025-08-05 17:00:00,6.932447891572509,0.0,-5.062595033026967,0.0,5.062595033026967,0.0,0.0,0.0,0.0,0.0,0.0,0.0,0.0,0.0,0.0,0.0,0.0,0.0,0.0,0.0,-6.406879986069314,0.0,0.6543073472436811,0.0,5.752572638825633,0.0
2025-08-05 18:00:00,1.588139532911744,0.0,6.932447891572509,0.0,-5.062595033026967,0.0,5.062595033026967,0.0,0.0,0.0,0.0,0.0,0.0,0.0,0.0,0.0,0.0,0.0,0.0,0.0,0.0,0.0,-6.406879986069314,0.0,0.6543073472436811,0.0
2025-08-05 19:00:00,0.6338173151616271,0.0,1.588139532911744,0.0,6.932447891572509,0.0,-5.062595033026967,0.0,5.062595033026967,0.0,0.0,0.0,0.0,0.0,0.0,0.0,0.0,0.0,0.0,0.0,0.0,0.0,0.0,0.0,-6.406879986069314,0.0
2025-08-05 20:00:00,-9.15440473964588,0.0,0.6338173151616271,0.0,1.588139532911744,0.0,6.932447891572509,0.0,-5.062595033026967,0.0,5.062595033026967,0.0,0.0,0.0,0.0,0.0,0.0,0.0,0.0,0.0,0.0,0.0,0.0,0.0,0.0,0.0
2025-08-05 21:00:00,3.091042453358316,0.0,-9.15440473964588,0.0,0.6338173151616271,0.0,1.588139532911744,0.0,6.932447891572509,0.0,-5.062595033026967,0.0,5.062595033026967,0.0,0.0,0.0,0.0,0.0,0.0,0.0,0.0,0.0,0.0,0.0,0.0,0.0
2025-08-05 22:00:00,3.865502989793253,0.0,3.091042453358316,0.0,-9.15440473964588,0.0,0.6338173151616271,0.0,1.588139532911744,0.0,6.932447891572509,0.0,-5.062595033026967,0.0,5.062595033026967,0.0,0.0,0.0,0.0,0.0,0.0,0.0,0.0,0.0,0.0,0.0
2025-08-05 23:00:00,-6.956545443151569,0.0,3.865502989793253,0.0,3.091042453358316,0.0,-9.15440473964588,0.0,0.6338173151616271,0.0,1.588139532911744,0.0,6.932447891572509,0.0,-5.062595033026967,0.0,5.062595033026967,0.0,0.0,0.0,0.0,0.0,0.0,0.0,0.0,0.0
2025-08-06 00:00:00,0.0,0.0,-6.956545443151569,0.0,3.865502989793253,0.0,3.091042453358316,0.0,-9.15440473964588,0.0,0.6338173151616271,0.0,1.588139532911744,0.0,6.932447891572509,0.0,-5.062595033026967,0.0,5.062595033026967,0.0,0.0,0.0,0.0,0.0,0.0,0.0
2025-08-06 01:00:00,0.0,0.0,0.0,0.0,-6.956545443151569,0.0,3.865502989793253,0.0,3.091042453358316,0.0,-9.15440473964588,0.0,0.6338173151616271,0.0,1.588139532911744,0.0,6.932447891572509,0.0,-5.062595033026967,0.0,5.062595033026967,0.0,0.0,0.0,0.0,0.0
2025-08-06 02:00:00,5.3981627015177525,0.0,0.0,0.0,0.0,0.0,-6.956545443151569,0.0,3.865502989793253,0.0,3.091042453358316,0.0,-9.15440473964588,0.0,0.6338173151616271,0.0,1.588139532911744,0.0,6.932447891572509,0.0,-5.062595033026967,0.0,5.062595033026967,0.0,0.0,0.0
2025-08-06 03:00:00,0.639708218404385,0.0,5.3981627015177525,0.0,0.0,0.0,0.0,0.0,-6.956545443151569,0.0,3.865502989793253,0.0,3.091042453358316,0.0,-9.15440473964588,0.0,0.6338173151616271,0.0,1.588139532911744,0.0,6.932447891572509,0.0,-5.062595033026967,0.0,5.062595033026967,0.0
2025-08-06 04:00:00,-1.7612048009060821,0.0,0.639708218404385,0.0,5.3981627015177525,0.0,0.0,0.0,0.0,0.0,-6.956545443151569,0.0,3.865502989793253,0.0,3.091042453358316,0.0,-9.15440473964588,0.0,0.6338173151616271,0.0,1.588139532911744,0.0,6.932447891572509,0.0,-5.062595033026967,0.0
2025-08-06 05:00:00,-4.276666119016055,0.0,-1.7612048009060821,0.0,0.639708218404385,0.0,5.3981627015177525,0.0,0.0,0.0,0.0,0.0,-6.956545443151569,0.0,3.865502989793253,0.0,3.091042453358316,0.0,-9.15440473964588,0.0,0.6338173151616271,0.0,1.588139532911744,0.0,6.932447891572509,0.0
2025-08-06 06:00:00,0.0,0.0,-4.276666119016055,0.0,-1.7612048009060821,0.0,0.639708218404385,0.0,5.3981627015177525,0.0,0.0,0.0,0.0,0.0,-6.956545443151569,0.0,3.865502989793253,0.0,3.091042453358316,0.0,-9.15440473964588,0.0,0.6338173151616271,0.0,1.588139532911744,0.0
2025-08-06 07:00:00,0.0,0.0,0.0,0.0,-4.276666119016055,0.0,-1.7612048009060821,0.0,0.639708218404385,0.0,5.3981627015177525,0.0,0.0,0.0,0.0,0.0,-6.956545443151569,0.0,3.865502989793253,0.0,3.091042453358316,0.0,-9.15440473964588,0.0,0.6338173151616271,0.0
2025-08-06 08:00:00,0.0,0.0,0.0,0.0,0.0,0.0,-4.276666119016055,0.0,-1.7612048009060821,0.0,0.639708218404385,0.0,5.3981627015177525,0.0,0.0,0.0,0.0,0.0,-6.956545443151569,0.0,3.865502989793253,0.0,3.091042453358316,0.0,-9.15440473964588,0.0
2025-08-06 09:00:00,0.0,0.0,0.0,0.0,0.0,0.0,0.0,0.0,-4.276666119016055,0.0,-1.7612048009060821,0.0,0.639708218404385,0.0,5.3981627015177525,0.0,0.0,0.0,0.0,0.0,-6.956545443151569,0.0,3.865502989793253,0.0,3.091042453358316,0.0
2025-08-06 10:00:00,0.0,0.0,0.0,0.0,0.0,0.0,0.0,0.0,0.0,0.0,-4.276666119016055,0.0,-1.7612048009060821,0.0,0.639708218404385,0.0,5.3981627015177525,0.0,0.0,0.0,0.0,0.0,-6.956545443151569,0.0,3.865502989793253,0.0
2025-08-06 11:00:00,0.0,0.0,0.0,0.0,0.0,0.0,0.0,0.0,0.0,0.0,0.0,0.0,-4.276666119016055,0.0,-1.7612048009060821,0.0,0.639708218404385,0.0,5.3981627015177525,0.0,0.0,0.0,0.0,0.0,-6.956545443151569,0.0
2025-08-06 12:00:00,0.0,0.0,0.0,0.0,0.0,0.0,0.0,0.0,0.0,0.0,0.0,0.0,0.0,0.0,-4.276666119016055,0.0,-1.7612048009060821,0.0,0.639708218404385,0.0,5.3981627015177525,0.0,0.0,0.0,0.0,0.0
2025-08-06 13:00:00,0.0,0.0,0.0,0.0,0.0,0.0,0.0,0.0,0.0,0.0,0.0,0.0,0.0,0.0,0.0,0.0,-4.276666119016055,0.0,-1.7612048009060821,0.0,0.639708218404385,0.0,5.3981627015177525,0.0,0.0,0.0
2025-08-06 14:00:00,8.006700845440367,0.0,0.0,0.0,0.0,0.0,0.0,0.0,0.0,0.0,0.0,0.0,0.0,0.0,0.0,0.0,0.0,0.0,-4.276666119016055,0.0,-1.7612048009060821,0.0,0.639708218404385,0.0,5.3981627015177525,0.0
2025-08-06 15:00:00,-4.036408931888245,0.0,8.006700845440367,0.0,0.0,0.0,0.0,0.0,0.0,0.0,0.0,0.0,0.0,0.0,0.0,0.0,0.0,0.0,0.0,0.0,-4.276666119016055,0.0,-1.7612048009060821,0.0,0.639708218404385,0.0
2025-08-06 16:00:00,1.372042338412689,0.0,-4.036408931888245,0.0,8.006700845440367,0.0,0.0,0.0,0.0,0.0,0.0,0.0,0.0,0.0,0.0,0.0,0.0,0.0,0.0,0.0,0.0,0.0,-4.276666119016055,0.0,-1.7612048009060821,0.0
2025-08-06 17:00:00,-5.342334251964811,0.0,1.372042338412689,0.0,-4.036408931888245,0.0,8.006700845440367,0.0,0.0,0.0,0.0,0.0,0.0,0.0,0.0,0.0,0.0,0.0,0.0,0.0,0.0,0.0,0.0,0.0,-4.276666119016055,0.0
2025-08-06 18:00:00,0.0,0.0,-5.342334251964811,0.0,1.372042338412689,0.0,-4.036408931888245,0.0,8.006700845440367,0.0,0.0,0.0,0.0,0.0,0.0,0.0,0.0,0.0,0.0,0.0,0.0,0.0,0.0,0.0,0.0,0.0
2025-08-06 19:00:00,6.951772164398911,0.0,0.0,0.0,-5.342334251964811,0.0,1.372042338412689,0.0,-4.036408931888245,0.0,8.006700845440367,0.0,0.0,0.0,0.0,0.0,0.0,0.0,0.0,0.0,0.0,0.0,0.0,0.0,0.0,0.0
2025-08-06 20:00:00,4.81950954364127,0.0,6.951772164398911,0.0,0.0,0.0,-5.342334251964811,0.0,1.372042338412689,0.0,-4.036408931888245,0.0,8.006700845440367,0.0,0.0,0.0,0.0,0.0,0.0,0.0,0.0,0.0,0.0,0.0,0.0,0.0
2025-08-06 21:00:00,-4.072798920159235,0.0,4.81950954364127,0.0,6.951772164398911,0.0,0.0,0.0,-5.342334251964811,0.0,1.372042338412689,0.0,-4.036408931888245,0.0,8.006700845440367,0.0,0.0,0.0,0.0,0.0,0.0,0.0,0.0,0.0,0.0,0.0
2025-08-06 22:00:00,-2.181029891416239,0.0,-4.072798920159235,0.0,4.81950954364127,0.0,6.951772164398911,0.0,0.0,0.0,-5.342334251964811,0.0,1.372042338412689,0.0,-4.036408931888245,0.0,8.006700845440367,0.0,0.0,0.0,0.0,0.0,0.0,0.0,0.0,0.0
2025-08-06 23:00:00,-0.12382535011234541,0.0,-2.181029891416239,0.0,-4.072798920159235,0.0,4.81950954364127,0.0,6.951772164398911,0.0,0.0,0.0,-5.342334251964811,0.0,1.372042338412689,0.0,-4.036408931888245,0.0,8.006700845440367,0.0,0.0,0.0,0.0,0.0,0.0,0.0
2025-08-07 00:00:00,4.014743676122955,0.0,-0.12382535011234541,0.0,-2.181029891416239,0.0,-4.072798920159235,0.0,4.81950954364127,0.0,6.951772164398911,0.0,0.0,0.0,-5.342334251964811,0.0,1.372042338412689,0.0,-4.036408931888245,0.0,8.006700845440367,0.0,0.0,0.0,0.0,0.0
2025-08-07 01:00:00,0.09448949859289613,0.0,4.014743676122955,0.0,-0.12382535011234541,0.0,-2.181029891416239,0.0,-4.072798920159235,0.0,4.81950954364127,0.0,6.951772164398911,0.0,0.0,0.0,-5.342334251964811,0.0,1.372042338412689,0.0,-4.036408931888245,0.0,8.006700845440367,0.0,0.0,0.0
2025-08-07 02:00:00,-4.100183339195934,0.0,0.09448949859289613,0.0,4.014743676122955,0.0,-0.12382535011234541,0.0,-2.181029891416239,0.0,-4.072798920159235,0.0,4.81950954364127,0.0,6.951772164398911,0.0,0.0,0.0,-5.342334251964811,0.0,1.372042338412689,0.0,-4.036408931888245,0.0,8.006700845440367,0.0
2025-08-07 03:00:00,2.6575468585686783,0.0,-4.100183339195934,0.0,0.09448949859289613,0.0,4.014743676122955,0.0,-0.12382535011234541,0.0,-2.181029891416239,0.0,-4.072798920159235,0.0,4.81950954364127,0.0,6.951772164398911,0.0,0.0,0.0,-5.342334251964811,0.0,1.372042338412689,0.0,-4.036408931888245,0.0
2025-08-07 04:00:00,-8.060224240440958,0.0,2.6575468585686783,0.0,-4.100183339195934,0.0,0.09448949859289613,0.0,4.014743676122955,0.0,-0.12382535011234541,0.0,-2.181029891416239,0.0,-4.072798920159235,0.0,4.81950954364127,0.0,6.951772164398911,0.0,0.0,0.0,-5.342334251964811,0.0,1.372042338412689,0.0
2025-08-07 05:00:00,2.8903717578961645,0.0,-8.060224240440958,0.0,2.6575468585686783,0.0,-4.100183339195934,0.0,0.09448949859289613,0.0,4.014743676122955,0.0,-0.12382535011234541,0.0,-2.181029891416239,0.0,-4.072798920159235,0.0,4.81950954364127,0.0,6.951772164398911,0.0,0.0,0.0,-5.342334251964811,0.0
2025-08-07 06:00:00,-2.8903717578961645,0.0,2.8903717578961645,0.0,-8.060224240440958,0.0,2.6575468585686783,0.0,-4.100183339195934,0.0,0.09448949859289613,0.0,4.014743676122955,0.0,-0.12382535011234541,0.0,-2.181029891416239,0.0,-4.072798920159235,0.0,4.81950954364127,0.0,6.951772164398911,0.0,0.0,0.0
2025-08-07 07:00:00,0.0,0.0,-2.8903717578961645,0.0,2.8903717578961645,0.0,-8.060224240440958,0.0,2.6575468585686783,0.0,-4.100183339195934,0.0,0.09448949859289613,0.0,4.014743676122955,0.0,-0.12382535011234541,0.0,-2.181029891416239,0.0,-4.072798920159235,0.0,4.81950954364127,0.0,6.951772164398911,0.0
2025-08-07 08:00:00,0.0,0.0,0.0,0.0,-2.8903717578961645,0.0,2.8903717578961645,0.0,-8.060224240440958,0.0,2.6575468585686783,0.0,-4.100183339195934,0.0,0.09448949859289613,0.0,4.014743676122955,0.0,-0.12382535011234541,0.0,-2.181029891416239,0.0,-4.072798920159235,0.0,4.81950954364127,0.0
2025-08-07 09:00:00,0.0,0.0,0.0,0.0,0.0,0.0,-2.8903717578961645,0.0,2.8903717578961645,0.0,-8.060224240440958,0.0,2.6575468585686783,0.0,-4.100183339195934,0.0,0.09448949859289613,0.0,4.014743676122955,0.0,-0.12382535011234541,0.0,-2.181029891416239,0.0,-4.072798920159235,0.0
2025-08-07 10:00:00,0.0,0.0,0.0,0.0,0.0,0.0,0.0,0.0,-2.8903717578961645,0.0,2.8903717578961645,0.0,-8.060224240440958,0.0,2.6575468585686783,0.0,-4.100183339195934,0.0,0.09448949859289613,0.0,4.014743676122955,0.0,-0.12382535011234541,0.0,-2.181029891416239,0.0
2025-08-07 11:00:00,0.0,0.0,0.0,0.0,0.0,0.0,0.0,0.0,0.0,0.0,-2.8903717578961645,0.0,2.8903717578961645,0.0,-8.060224240440958,0.0,2.6575468585686783,0.0,-4.100183339195934,0.0,0.09448949859289613,0.0,4.014743676122955,0.0,-0.12382535011234541,0.0
2025-08-07 12:00:00,0.0,0.0,0.0,0.0,0.0,0.0,0.0,0.0,0.0,0.0,0.0,0.0,-2.8903717578961645,0.0,2.8903717578961645,0.0,-8.060224240440958,0.0,2.6575468585686783,0.0,-4.100183339195934,0.0,0.09448949859289613,0.0,4.014743676122955,0.0
2025-08-07 13:00:00,5.204006687076795,0.0,0.0,0.0,0.0,0.0,0.0,0.0,0.0,0.0,0.0,0.0,0.0,0.0,-2.8903717578961645,0.0,2.8903717578961645,0.0,-8.060224240440958,0.0,2.6575468585686783,0.0,-4.100183339195934,0.0,0.09448949859289613,0.0
2025-08-07 14:00:00,-5.204006687076795,0.0,5.204006687076795,0.0,0.0,0.0,0.0,0.0,0.0,0.0,0.0,0.0,0.0,0.0,0.0,0.0,-2.8903717578961645,0.0,2.8903717578961645,0.0,-8.060224240440958,0.0,2.6575468585686783,0.0,-4.100183339195934,0.0
2025-08-07 15:00:00,6.0844994130751715,0.0,-5.204006687076795,0.0,5.204006687076795,0.0,0.0,0.0,0.0,0.0,0.0,0.0,0.0,0.0,0.0,0.0,0.0,0.0,-2.8903717578961645,0.0,2.8903717578961645,0.0,-8.060224240440958,0.0,2.6575468585686783,0.0
2025-08-07 16:00:00,-6.0844994130751715,0.0,6.0844994130751715,0.0,-5.204006687076795,0.0,5.204006687076795,0.0,0.0,0.0,0.0,0.0,0.0,0.0,0.0,0.0,0.0,0.0,0.0,0.0,-2.8903717578961645,0.0,2.8903717578961645,0.0,-8.060224240440958,0.0
2025-08-07 17:00:00,0.0,0.0,-6.0844994130751715,0.0,6.0844994130751715,0.0,-5.204006687076795,0.0,5.204006687076795,0.0,0.0,0.0,0.0,0.0,0.0,0.0,0.0,0.0,0.0,0.0,0.0,0.0,-2.8903717578961645,0.0,2.8903717578961645,0.0
2025-08-07 18:00:00,0.0,0.0,0.0,0.0,-6.0844994130751715,0.0,6.0844994130751715,0.0,-5.204006687076795,0.0,5.204006687076795,0.0,0.0,0.0,0.0,0.0,0.0,0.0,0.0,0.0,0.0,0.0,0.0,0.0,-2.8903717578961645,0.0
2025-08-07 19:00:00,8.794067065151415,0.0,0.0,0.0,0.0,0.0,-6.0844994130751715,0.0,6.0844994130751715,0.0,-5.204006687076795,0.0,5.204006687076795,0.0,0.0,0.0,0.0,0.0,0.0,0.0,0.0,0.0,0.0,0.0,0.0,0.0
2025-08-07 20:00:00,-0.9208500102886736,0.0,8.794067065151415,0.0,0.0,0.0,0.0,0.0,-6.0844994130751715,0.0,6.0844994130751715,0.0,-5.204006687076795,0.0,5.204006687076795,0.0,0.0,0.0,0.0,0.0,0.0,0.0,0.0,0.0,0.0,0.0
2025-08-07 21:00:00,-1.411748878509024,0.0,-0.9208500102886736,0.0,8.794067065151415,0.0,0.0,0.0,0.0,0.0,-6.0844994130751715,0.0,6.0844994130751715,0.0,-5.204006687076795,0.0,5.204006687076795,0.0,0.0,0.0,0.0,0.0,0.0,0.0,0.0,0.0
2025-08-07 22:00:00,-6.461468176353717,0.0,-1.411748878509024,0.0,-0.9208500102886736,0.0,8.794067065151415,0.0,0.0,0.0,0.0,0.0,-6.0844994130751715,0.0,6.0844994130751715,0.0,-5.204006687076795,0.0,5.204006687076795,0.0,0.0,0.0,0.0,0.0,0.0,0.0
2025-08-07 23:00:00,0.0,0.0,-6.461468176353717,0.0,-1.411748878509024,0.0,-0.9208500102886736,0.0,8.794067065151415,0.0,0.0,0.0,0.0,0.0,-6.0844994130751715,0.0,6.0844994130751715,0.0,-5.204006687076795,0.0,5.204006687076795,0.0,0.0,0.0,0.0,0.0
2025-08-08 00:00:00,0.0,0.0,0.0,0.0,-6.461468176353717,0.0,-1.411748878509024,0.0,-0.9208500102886736,0.0,8.794067065151415,0.0,0.0,0.0,0.0,0.0,-6.0844994130751715,0.0,6.0844994130751715,0.0,-5.204006687076795,0.0,5.204006687076795,0.0,0.0,0.0
2025-08-08 01:00:00,0.0,0.0,0.0,0.0,0.0,0.0,-6.461468176353717,0.0,-1.411748878509024,0.0,-0.9208500102886736,0.0,8.794067065151415,0.0,0.0,0.0,0.0,0.0,-6.0844994130751715,0.0,6.0844994130751715,0.0,-5.204006687076795,0.0,5.204006687076795,0.0
2025-08-08 02:00:00,2.3978952727983707,0.0,0.0,0.0,0.0,0.0,0.0,0.0,-6.461468176353717,0.0,-1.411748878509024,0.0,-0.9208500102886736,0.0,8.794067065151415,0.0,0.0,0.0,0.0,0.0,-6.0844994130751715,0.0,6.0844994130751715,0.0,-5.204006687076795,0.0
2025-08-08 03:00:00,1.627456417936779,0.0,2.3978952727983707,0.0,0.0,0.0,0.0,0.0,0.0,0.0,-6.461468176353717,0.0,-1.411748878509024,0.0,-0.9208500102886736,0.0,8.794067065151415,0.0,0.0,0.0,0.0,0.0,-6.0844994130751715,0.0,6.0844994130751715,0.0
2025-08-08 04:00:00,4.268947918122086,0.0,1.627456417936779,0.0,2.3978952727983707,0.0,0.0,0.0,0.0,0.0,0.0,0.0,-6.461468176353717,0.0,-1.411748878509024,0.0,-0.9208500102886736,0.0,8.794067065151415,0.0,0.0,0.0,0.0,0.0,-6.0844994130751715,0.0
2025-08-08 05:00:00,-8.294299608857235,0.0,4.268947918122086,0.0,1.627456417936779,0.0,2.3978952727983707,0.0,0.0,0.0,0.0,0.0,0.0,0.0,-6.461468176353717,0.0,-1.411748878509024,0.0,-0.9208500102886736,0.0,8.794067065151415,0.0,0.0,0.0,0.0,0.0
2025-08-08 06:00:00,2.4849066497880004,0.0,-8.294299608857235,0.0,4.268947918122086,0.0,1.627456417936779,0.0,2.3978952727983707,0.0,0.0,0.0,0.0,0.0,0.0,0.0,-6.461468176353717,0.0,-1.411748878509024,0.0,-0.9208500102886736,0.0,8.794067065151415,0.0,0.0,0.0
2025-08-08 07:00:00,-2.4849066497880004,0.0,2.4849066497880004,0.0,-8.294299608857235,0.0,4.268947918122086,0.0,1.627456417936779,0.0,2.3978952727983707,0.0,0.0,0.0,0.0,0.0,0.0,0.0,-6.461468176353717,0.0,-1.411748878509024,0.0,-0.9208500102886736,0.0,8.794067065151415,0.0
2025-08-08 08:00:00,0.0,0.0,-2.4849066497880004,0.0,2.4849066497880004,0.0,-8.294299608857235,0.0,4.268947918122086,0.0,1.627456417936779,0.0,2.3978952727983707,0.0,0.0,0.0,0.0,0.0,0.0,0.0,-6.461468176353717,0.0,-1.411748878509024,0.0,-0.9208500102886736,0.0
2025-08-08 09:00:00,0.0,0.0,0.0,0.0,-2.4849066497880004,0.0,2.4849066497880004,0.0,-8.294299608857235,0.0,4.268947918122086,0.0,1.627456417936779,0.0,2.3978952727983707,0.0,0.0,0.0,0.0,0.0,0.0,0.0,-6.461468176353717,0.0,-1.411748878509024,0.0
2025-08-08 10:00:00,0.0,0.0,0.0,0.0,0.0,0.0,-2.4849066497880004,0.0,2.4849066497880004,0.0,-8.294299608857235,0.0,4.268947918122086,0.0,1.627456417936779,0.0,2.3978952727983707,0.0,0.0,0.0,0.0,0.0,0.0,0.0,-6.461468176353717,0.0
2025-08-08 11:00:00,0.0,0.0,0.0,0.0,0.0,0.0,0.0,0.0,-2.4849066497880004,0.0,2.4849066497880004,0.0,-8.294299608857235,0.0,4.268947918122086,0.0,1.627456417936779,0.0,2.3978952727983707,0.0,0.0,0.0,0.0,0.0,0.0,0.0
2025-08-08 12:00:00,0.0,0.0,0.0,0.0,0.0,0.0,0.0,0.0,0.0,0.0,-2.4849066497880004,0.0,2.4849066497880004,0.0,-8.294299608857235,0.0,4.268947918122086,0.0,1.627456417936779,0.0,2.3978952727983707,0.0,0.0,0.0,0.0,0.0
2025-08-08 13:00:00,6.846943139585379,0.0,0.0,0.0,0.0,0.0,0.0,0.0,0.0,0.0,0.0,0.0,-2.4849066497880004,0.0,2.4849066497880004,0.0,-8.294299608857235,0.0,4.268947918122086,0.0,1.627456417936779,0.0,2.3978952727983707,0.0,0.0,0.0
2025-08-08 14:00:00,-6.846943139585379,0.0,6.846943139585379,0.0,0.0,0.0,0.0,0.0,0.0,0.0,0.0,0.0,0.0,0.0,-2.4849066497880004,0.0,2.4849066497880004,0.0,-8.294299608857235,0.0,4.268947918122086,0.0,1.627456417936779,0.0,2.3978952727983707,0.0
2025-08-08 15:00:00,8.456168489578463,0.0,-6.846943139585379,0.0,6.846943139585379,0.0,0.0,0.0,0.0,0.0,0.0,0.0,0.0,0.0,0.0,0.0,-2.4849066497880004,0.0,2.4849066497880004,0.0,-8.294299608857235,0.0,4.268947918122086,0.0,1.627456417936779,0.0
2025-08-08 16:00:00,-2.1889679410371006,0.0,8.456168489578463,0.0,-6.846943139585379,0.0,6.846943139585379,0.0,0.0,0.0,0.0,0.0,0.0,0.0,0.0,0.0,0.0,0.0,-2.4849066497880004,0.0,2.4849066497880004,0.0,-8.294299608857235,0.0,4.268947918122086,0.0
2025-08-08 17:00:00,-1.860481301277109,0.0,-2.1889679410371006,0.0,8.456168489578463,0.0,-6.846943139585379,0.0,6.846943139585379,0.0,0.0,0.0,0.0,0.0,0.0,0.0,0.0,0.0,0.0,0.0,-2.4849066497880004,0.0,2.4849066497880004,0.0,-8.294299608857235,0.0
2025-08-08 18:00:00,-4.406719247264253,0.0,-1.860481301277109,0.0,-2.1889679410371006,0.0,8.456168489578463,0.0,-6.846943139585379,0.0,6.846943139585379,0.0,0.0,0.0,0.0,0.0,0.0,0.0,0.0,0.0,0.0,0.0,-2.4849066497880004,0.0,2.4849066497880004,0.0
2025-08-08 19:00:00,10.65681219612839,0.0,-4.406719247264253,0.0,-1.860481301277109,0.0,-2.1889679410371006,0.0,8.456168489578463,0.0,-6.846943139585379,0.0,6.846943139585379,0.0,0.0,0.0,0.0,0.0,0.0,0.0,0.0,0.0,0.0,0.0,-2.4849066497880004,0.0
2025-08-08 20:00:00,-2.8798577928059483,0.0,10.65681219612839,0.0,-4.406719247264253,0.0,-1.860481301277109,0.0,-2.1889679410371006,0.0,8.456168489578463,0.0,-6.846943139585379,0.0,6.846943139585379,0.0,0.0,0.0,0.0,0.0,0.0,0.0,0.0,0.0,0.0,0.0
2025-08-08 21:00:00,-0.11967161034425189,0.0,-2.8798577928059483,0.0,10.65681219612839,0.0,-4.406719247264253,0.0,-1.860481301277109,0.0,-2.1889679410371006,0.0,8.456168489578463,0.0,-6.846943139585379,0.0,6.846943139585379,0.0,0.0,0.0,0.0,0.0,0.0,0.0,0.0,0.0
2025-08-08 22:00:00,-7.65728279297819,0.0,-0.11967161034425189,0.0,-2.8798577928059483,0.0,10.65681219612839,0.0,-4.406719247264253,0.0,-1.860481301277109,0.0,-2.1889679410371006,0.0,8.456168489578463,0.0,-6.846943139585379,0.0,6.846943139585379,0.0,0.0,0.0,0.0,0.0,0.0,0.0
2025-08-08 23:00:00,0.0,0.0,-7.65728279297819,0.0,-0.11967161034425189,0.0,-2.8798577928059483,0.0,10.65681219612839,0.0,-4.406719247264253,0.0,-1.860481301277109,0.0,-2.1889679410371006,0.0,8.456168489578463,0.0,-6.846943139585379,0.0,6.846943139585379,0.0,0.0,0.0,0.0,0.0
2025-08-09 00:00:00,4.532599493153256,0.0,0.0,0.0,-7.65728279297819,0.0,-0.11967161034425189,0.0,-2.8798577928059483,0.0,10.65681219612839,0.0,-4.406719247264253,0.0,-1.860481301277109,0.0,-2.1889679410371006,0.0,8.456168489578463,0.0,-6.846943139585379,0.0,6.846943139585379,0.0,0.0,0.0
2025-08-09 01:00:00,3.135961614862641,0.0,4.532599493153256,0.0,0.0,0.0,-7.65728279297819,0.0,-0.11967161034425189,0.0,-2.8798577928059483,0.0,10.65681219612839,0.0,-4.406719247264253,0.0,-1.860481301277109,0.0,-2.1889679410371006,0.0,8.456168489578463,0.0,-6.846943139585379,0.0,6.846943139585379,0.0
2025-08-09 02:00:00,-6.569948819347787,0.0,3.135961614862641,0.0,4.532599493153256,0.0,0.0,0.0,-7.65728279297819,0.0,-0.11967161034425189,0.0,-2.8798577928059483,0.0,10.65681219612839,0.0,-4.406719247264253,0.0,-1.860481301277109,0.0,-2.1889679410371006,0.0,8.456168489578463,0.0,-6.846943139585379,0.0
2025-08-09 03:00:00,4.608497976080765,0.0,-6.569948819347787,0.0,3.135961614862641,0.0,4.532599493153256,0.0,0.0,0.0,-7.65728279297819,0.0,-0.11967161034425189,0.0,-2.8798577928059483,0.0,10.65681219612839,0.0,-4.406719247264253,0.0,-1.860481301277109,0.0,-2.1889679410371006,0.0,8.456168489578463,0.0
2025-08-09 04:00:00,2.4314544725127565,0.0,4.608497976080765,0.0,-6.569948819347787,0.0,3.135961614862641,0.0,4.532599493153256,0.0,0.0,0.0,-7.65728279297819,0.0,-0.11967161034425189,0.0,-2.8798577928059483,0.0,10.65681219612839,0.0,-4.406719247264253,0.0,-1.860481301277109,0.0,-2.1889679410371006,0.0
2025-08-09 05:00:00,-0.27145923694489316,0.0,2.4314544725127565,0.0,4.608497976080765,0.0,-6.569948819347787,0.0,3.135961614862641,0.0,4.532599493153256,0.0,0.0,0.0,-7.65728279297819,0.0,-0.11967161034425189,0.0,-2.8798577928059483,0.0,10.65681219612839,0.0,-4.406719247264253,0.0,-1.860481301277109,0.0
2025-08-09 06:00:00,-7.867105500316739,0.0,-0.27145923694489316,0.0,2.4314544725127565,0.0,4.608497976080765,0.0,-6.569948819347787,0.0,3.135961614862641,0.0,4.532599493153256,0.0,0.0,0.0,-7.65728279297819,0.0,-0.11967161034425189,0.0,-2.8798577928059483,0.0,10.65681219612839,0.0,-4.406719247264253,0.0
2025-08-09 07:00:00,0.0,0.0,-7.867105500316739,0.0,-0.27145923694489316,0.0,2.4314544725127565,0.0,4.608497976080765,0.0,-6.569948819347787,0.0,3.135961614862641,0.0,4.532599493153256,0.0,0.0,0.0,-7.65728279297819,0.0,-0.11967161034425189,0.0,-2.8798577928059483,0.0,10.65681219612839,0.0
2025-08-09 08:00:00,0.0,0.0,0.0,0.0,-7.867105500316739,0.0,-0.27145923694489316,0.0,2.4314544725127565,0.0,4.608497976080765,0.0,-6.569948819347787,0.0,3.135961614862641,0.0,4.532599493153256,0.0,0.0,0.0,-7.65728279297819,0.0,-0.11967161034425189,0.0,-2.8798577928059483,0.0
2025-08-09 09:00:00,0.0,0.0,0.0,0.0,0.0,0.0,-7.867105500316739,0.0,-0.27145923694489316,0.0,2.4314544725127565,0.0,4.608497976080765,0.0,-6.569948819347787,0.0,3.135961614862641,0.0,4.532599493153256,0.0,0.0,0.0,-7.65728279297819,0.0,-0.11967161034425189,0.0
2025-08-09 10:00:00,3.367295829986474,0.0,0.0,0.0,0.0,0.0,0.0,0.0,-7.867105500316739,0.0,-0.27145923694489316,0.0,2.4314544725127565,0.0,4.608497976080765,0.0,-6.569948819347787,0.0,3.135961614862641,0.0,4.532599493153256,0.0,0.0,0.0,-7.65728279297819,0.0
2025-08-09 11:00:00,-0.109199291964992,0.0,3.367295829986474,0.0,0.0,0.0,0.0,0.0,0.0,0.0,-7.867105500316739,0.0,-0.27145923694489316,0.0,2.4314544725127565,0.0,4.608497976080765,0.0,-6.569948819347787,0.0,3.135961614862641,0.0,4.532599493153256,0.0,0.0,0.0
2025-08-09 12:00:00,4.526792757633617,0.0,-0.109199291964992,0.0,3.367295829986474,0.0,0.0,0.0,0.0,0.0,0.0,0.0,-7.867105500316739,0.0,-0.27145923694489316,0.0,2.4314544725127565,0.0,4.608497976080765,0.0,-6.569948819347787,0.0,3.135961614862641,0.0,4.532599493153256,0.0
2025-08-09 13:00:00,-7.784889295655098,0.0,4.526792757633617,0.0,-0.109199291964992,0.0,3.367295829986474,0.0,0.0,0.0,0.0,0.0,0.0,0.0,-7.867105500316739,0.0,-0.27145923694489316,0.0,2.4314544725127565,0.0,4.608497976080765,0.0,-6.569948819347787,0.0,3.135961614862641,0.0
2025-08-09 14:00:00,8.512783482927537,0.0,-7.784889295655098,0.0,4.526792757633617,0.0,-0.109199291964992,0.0,3.367295829986474,0.0,0.0,0.0,0.0,0.0,0.0,0.0,-7.867105500316739,0.0,-0.27145923694489316,0.0,2.4314544725127565,0.0,4.608497976080765,0.0,-6.569948819347787,0.0
2025-08-09 15:00:00,-2.3431727504360804,0.0,8.512783482927537,0.0,-7.784889295655098,0.0,4.526792757633617,0.0,-0.109199291964992,0.0,3.367295829986474,0.0,0.0,0.0,0.0,0.0,0.0,0.0,-7.867105500316739,0.0,-0.27145923694489316,0.0,2.4314544725127565,0.0,4.608497976080765,0.0
2025-08-09 16:00:00,2.2869828367958522,0.0,-2.3431727504360804,0.0,8.512783482927537,0.0,-7.784889295655098,0.0,4.526792757633617,0.0,-0.109199291964992,0.0,3.367295829986474,0.0,0.0,0.0,0.0,0.0,0.0,0.0,-7.867105500316739,0.0,-0.27145923694489316,0.0,2.4314544725127565,0.0
2025-08-09 17:00:00,-2.416338858009895,0.0,2.2869828367958522,0.0,-2.3431727504360804,0.0,8.512783482927537,0.0,-7.784889295655098,0.0,4.526792757633617,0.0,-0.109199291964992,0.0,3.367295829986474,0.0,0.0,0.0,0.0,0.0,0.0,0.0,-7.867105500316739,0.0,-0.27145923694489316,0.0
2025-08-09 18:00:00,-3.8430301339411943,0.0,-2.416338858009895,0.0,2.2869828367958522,0.0,-2.3431727504360804,0.0,8.512783482927537,0.0,-7.784889295655098,0.0,4.526792757633617,0.0,-0.109199291964992,0.0,3.367295829986474,0.0,0.0,0.0,0.0,0.0,0.0,0.0,-7.867105500316739,0.0
2025-08-09 19:00:00,3.1687514376856316,0.0,-3.8430301339411943,0.0,-2.416338858009895,0.0,2.2869828367958522,0.0,-2.3431727504360804,0.0,8.512783482927537,0.0,-7.784889295655098,0.0,4.526792757633617,0.0,-0.109199291964992,0.0,3.367295829986474,0.0,0.0,0.0,0.0,0.0,0.0,0.0
2025-08-09 20:00:00,-1.0755165738734602,0.0,3.1687514376856316,0.0,-3.8430301339411943,0.0,-2.416338858009895,0.0,2.2869828367958522,0.0,-2.3431727504360804,0.0,8.512783482927537,0.0,-7.784889295655098,0.0,4.526792757633617,0.0,-0.109199291964992,0.0,3.367295829986474,0.0,0.0,0.0,0.0,0.0
2025-08-09 21:00:00,-4.290459441148391,0.0,-1.0755165738734602,0.0,3.1687514376856316,0.0,-3.8430301339411943,0.0,-2.416338858009895,0.0,2.2869828367958522,0.0,-2.3431727504360804,0.0,8.512783482927537,0.0,-7.784889295655098,0.0,4.526792757633617,0.0,-0.109199291964992,0.0,3.367295829986474,0.0,0.0,0.0
2025-08-09 22:00:00,6.752270376141742,0.0,-4.290459441148391,0.0,-1.0755165738734602,0.0,3.1687514376856316,0.0,-3.8430301339411943,0.0,-2.416338858009895,0.0,2.2869828367958522,0.0,-2.3431727504360804,0.0,8.512783482927537,0.0,-7.784889295655098,0.0,4.526792757633617,0.0,-0.109199291964992,0.0,3.367295829986474,0.0
2025-08-09 23:00:00,-0.836068313534307,0.0,6.752270376141742,0.0,-4.290459441148391,0.0,-1.0755165738734602,0.0,3.1687514376856316,0.0,-3.8430301339411943,0.0,-2.416338858009895,0.0,2.2869828367958522,0.0,-2.3431727504360804,0.0,8.512783482927537,0.0,-7.784889295655098,0.0,4.526792757633617,0.0,-0.109199291964992,0.0
2025-08-10 00:00:00,-2.3608540011180215,0.0,-0.836068313534307,0.0,6.752270376141742,0.0,-4.290459441148391,0.0,-1.0755165738734602,0.0,3.1687514376856316,0.0,-3.8430301339411943,0.0,-2.416338858009895,0.0,2.2869828367958522,0.0,-2.3431727504360804,0.0,8.512783482927537,0.0,-7.784889295655098,0.0,4.526792757633617,0.0
2025-08-10 01:00:00,-3.5553480614894135,0.0,-2.3608540011180215,0.0,-0.836068313534307,0.0,6.752270376141742,0.0,-4.290459441148391,0.0,-1.0755165738734602,0.0,3.1687514376856316,0.0,-3.8430301339411943,0.0,-2.416338858009895,0.0,2.2869828367958522,0.0,-2.3431727504360804,0.0,8.512783482927537,0.0,-7.784889295655098,0.0
2025-08-10 02:00:00,5.365976015021851,0.0,-3.5553480614894135,0.0,-2.3608540011180215,0.0,-0.836068313534307,0.0,6.752270376141742,0.0,-4.290459441148391,0.0,-1.0755165738734602,0.0,3.1687514376856316,0.0,-3.8430301339411943,0.0,-2.416338858009895,0.0,2.2869828367958522,0.0,-2.3431727504360804,0.0,8.512783482927537,0.0
2025-08-10 03:00:00,-5.365976015021851,0.0,5.365976015021851,0.0,-3.5553480614894135,0.0,-2.3608540011180215,0.0,-0.836068313534307,0.0,6.752270376141742,0.0,-4.290459441148391,0.0,-1.0755165738734602,0.0,3.1687514376856316,0.0,-3.8430301339411943,0.0,-2.416338858009895,0.0,2.2869828367958522,0.0,-2.3431727504360804,0.0
2025-08-10 04:00:00,1.791759469228055,0.0,-5.365976015021851,0.0,5.365976015021851,0.0,-3.5553480614894135,0.0,-2.3608540011180215,0.0,-0.836068313534307,0.0,6.752270376141742,0.0,-4.290459441148391,0.0,-1.0755165738734602,0.0,3.1687514376856316,0.0,-3.8430301339411943,0.0,-2.416338858009895,0.0,2.2869828367958522,0.0
2025-08-10 05:00:00,5.017279836814925,0.0,1.791759469228055,0.0,-5.365976015021851,0.0,5.365976015021851,0.0,-3.5553480614894135,0.0,-2.3608540011180215,0.0,-0.836068313534307,0.0,6.752270376141742,0.0,-4.290459441148391,0.0,-1.0755165738734602,0.0,3.1687514376856316,0.0,-3.8430301339411943,0.0,-2.416338858009895,0.0
2025-08-10 06:00:00,-6.80903930604298,0.0,5.017279836814925,0.0,1.791759469228055,0.0,-5.365976015021851,0.0,5.365976015021851,0.0,-3.5553480614894135,0.0,-2.3608540011180215,0.0,-0.836068313534307,0.0,6.752270376141742,0.0,-4.290459441148391,0.0,-1.0755165738734602,0.0,3.1687514376856316,0.0,-3.8430301339411943,0.0
2025-08-10 07:00:00,2.5649493574615367,0.0,-6.80903930604298,0.0,5.017279836814925,0.0,1.791759469228055,0.0,-5.365976015021851,0.0,5.365976015021851,0.0,-3.5553480614894135,0.0,-2.3608540011180215,0.0,-0.836068313534307,0.0,6.752270376141742,0.0,-4.290459441148391,0.0,-1.0755165738734602,0.0,3.1687514376856316,0.0
2025-08-10 08:00:00,-2.5649493574615367,0.0,2.5649493574615367,0.0,-6.80903930604298,0.0,5.017279836814925,0.0,1.791759469228055,0.0,-5.365976015021851,0.0,5.365976015021851,0.0,-3.5553480614894135,0.0,-2.3608540011180215,0.0,-0.836068313534307,0.0,6.752270376141742,0.0,-4.290459441148391,0.0,-1.0755165738734602,0.0
2025-08-10 09:00:00,0.0,0.0,-2.5649493574615367,0.0,2.5649493574615367,0.0,-6.80903930604298,0.0,5.017279836814925,0.0,1.791759469228055,0.0,-5.365976015021851,0.0,5.365976015021851,0.0,-3.5553480614894135,0.0,-2.3608540011180215,0.0,-0.836068313534307,0.0,6.752270376141742,0.0,-4.290459441148391,0.0
2025-08-10 10:00:00,0.0,0.0,0.0,0.0,-2.5649493574615367,0.0,2.5649493574615367,0.0,-6.80903930604298,0.0,5.017279836814925,0.0,1.791759469228055,0.0,-5.365976015021851,0.0,5.365976015021851,0.0,-3.5553480614894135,0.0,-2.3608540011180215,0.0,-0.836068313534307,0.0,6.752270376141742,0.0
2025-08-10 11:00:00,0.0,0.0,0.0,0.0,0.0,0.0,-2.5649493574615367,0.0,2.5649493574615367,0.0,-6.80903930604298,0.0,5.017279836814925,0.0,1.791759469228055,0.0,-5.365976015021851,0.0,5.365976015021851,0.0,-3.5553480614894135,0.0,-2.3608540011180215,0.0,-0.836068313534307,0.0
2025-08-10 12:00:00,0.0,0.0,0.0,0.0,0.0,0.0,0.0,0.0,-2.5649493574615367,0.0,2.5649493574615367,0.0,-6.80903930604298,0.0,5.017279836814925,0.0,1.791759469228055,0.0,-5.365976015021851,0.0,5.365976015021851,0.0,-3.5553480614894135,0.0,-2.3608540011180215,0.0
2025-08-10 13:00:00,0.0,0.0,0.0,0.0,0.0,0.0,0.0,0.0,0.0,0.0,-2.5649493574615367,0.0,2.5649493574615367,0.0,-6.80903930604298,0.0,5.017279836814925,0.0,1.791759469228055,0.0,-5.365976015021851,0.0,5.365976015021851,0.0,-3.5553480614894135,0.0
2025-08-10 14:00:00,9.933580192843298,0.0,0.0,0.0,0.0,0.0,0.0,0.0,0.0,0.0,0.0,0.0,-2.5649493574615367,0.0,2.5649493574615367,0.0,-6.80903930604298,0.0,5.017279836814925,0.0,1.791759469228055,0.0,-5.365976015021851,0.0,5.365976015021851,0.0
2025-08-10 15:00:00,-9.933580192843298,0.0,9.933580192843298,0.0,0.0,0.0,0.0,0.0,0.0,0.0,0.0,0.0,0.0,0.0,-2.5649493574615367,0.0,2.5649493574615367,0.0,-6.80903930604298,0.0,5.017279836814925,0.0,1.791759469228055,0.0,-5.365976015021851,0.0
2025-08-10 16:00:00,5.288267030694535,0.0,-9.933580192843298,0.0,9.933580192843298,0.0,0.0,0.0,0.0,0.0,0.0,0.0,0.0,0.0,0.0,0.0,-2.5649493574615367,0.0,2.5649493574615367,0.0,-6.80903930604298,0.0,5.017279836814925,0.0,1.791759469228055,0.0
2025-08-10 17:00:00,-5.288267030694535,0.0,5.288267030694535,0.0,-9.933580192843298,0.0,9.933580192843298,0.0,0.0,0.0,0.0,0.0,0.0,0.0,0.0,0.0,0.0,0.0,-2.5649493574615367,0.0,2.5649493574615367,0.0,-6.80903930604298,0.0,5.017279836814925,0.0
2025-08-10 18:00:00,0.0,0.0,-5.288267030694535,0.0,5.288267030694535,0.0,-9.933580192843298,0.0,9.933580192843298,0.0,0.0,0.0,0.0,0.0,0.0,0.0,0.0,0.0,0.0,0.0,-2.5649493574615367,0.0,2.5649493574615367,0.0,-6.80903930604298,0.0
2025-08-10 19:00:00,0.0,0.0,0.0,0.0,-5.288267030694535,0.0,5.288267030694535,0.0,-9.933580192843298,0.0,9.933580192843298,0.0,0.0,0.0,0.0,0.0,0.0,0.0,0.0,0.0,0.0,0.0,-2.5649493574615367,0.0,2.5649493574615367,0.0
2025-08-10 20:00:00,6.173786103901937,0.0,0.0,0.0,0.0,0.0,-5.288267030694535,0.0,5.288267030694535,0.0,-9.933580192843298,0.0,9.933580192843298,0.0,0.0,0.0,0.0,0.0,0.0,0.0,0.0,0.0,0.0,0.0,-2.5649493574615367,0.0
2025-08-10 21:00:00,-6.173786103901937,0.0,6.173786103901937,0.0,0.0,0.0,0.0,0.0,-5.288267030694535,0.0,5.288267030694535,0.0,-9.933580192843298,0.0,9.933580192843298,0.0,0.0,0.0,0.0,0.0,0.0,0.0,0.0,0.0,0.0,0.0
2025-08-10 22:00:00,8.099554282376364,0.0,-6.173786103901937,0.0,6.173786103901937,0.0,0.0,0.0,0.0,0.0,-5.288267030694535,0.0,5.288267030694535,0.0,-9.933580192843298,0.0,9.933580192843298,0.0,0.0,0.0,0.0,0.0,0.0,0.0,0.0,0.0
2025-08-10 23:00:00,-1.2160916959632715,0.0,8.099554282376364,0.0,-6.173786103901937,0.0,6.173786103901937,0.0,0.0,0.0,0.0,0.0,-5.288267030694535,0.0,5.288267030694535,0.0,-9.933580192843298,0.0,9.933580192843298,0.0,0.0,0.0,0.0,0.0,0.0,0.0
2025-08-11 00:00:00,-3.012261575505201,0.0,-1.2160916959632715,0.0,8.099554282376364,0.0,-6.173786103901937,0.0,6.173786103901937,0.0,0.0,0.0,0.0,0.0,-5.288267030694535,0.0,5.288267030694535,0.0,-9.933580192843298,0.0,9.933580192843298,0.0,0.0,0.0,0.0,0.0
2025-08-11 01:00:00,2.975742128677488,0.0,-3.012261575505201,0.0,-1.2160916959632715,0.0,8.099554282376364,0.0,-6.173786103901937,0.0,6.173786103901937,0.0,0.0,0.0,0.0,0.0,-5.288267030694535,0.0,5.288267030694535,0.0,-9.933580192843298,0.0,9.933580192843298,0.0,0.0,0.0
2025-08-11 02:00:00,-2.657288397558954,0.0,2.975742128677488,0.0,-3.012261575505201,0.0,-1.2160916959632715,0.0,8.099554282376364,0.0,-6.173786103901937,0.0,6.173786103901937,0.0,0.0,0.0,0.0,0.0,-5.288267030694535,0.0,5.288267030694535,0.0,-9.933580192843298,0.0,9.933580192843298,0.0
2025-08-11 03:00:00,3.330037662090114,0.0,-2.657288397558954,0.0,2.975742128677488,0.0,-3.012261575505201,0.0,-1.2160916959632715,0.0,8.099554282376364,0.0,-6.173786103901937,0.0,6.173786103901937,0.0,0.0,0.0,0.0,0.0,-5.288267030694535,0.0,5.288267030694535,0.0,-9.933580192843298,0.0
2025-08-11 04:00:00,-7.519692404116539,0.0,3.330037662090114,0.0,-2.657288397558954,0.0,2.975742128677488,0.0,-3.012261575505201,0.0,-1.2160916959632715,0.0,8.099554282376364,0.0,-6.173786103901937,0.0,6.173786103901937,0.0,0.0,0.0,0.0,0.0,-5.288267030694535,0.0,5.288267030694535,0.0
2025-08-11 05:00:00,0.0,0.0,-7.519692404116539,0.0,3.330037662090114,0.0,-2.657288397558954,0.0,2.975742128677488,0.0,-3.012261575505201,0.0,-1.2160916959632715,0.0,8.099554282376364,0.0,-6.173786103901937,0.0,6.173786103901937,0.0,0.0,0.0,0.0,0.0,-5.288267030694535,0.0
2025-08-11 06:00:00,4.61512051684126,0.0,0.0,0.0,-7.519692404116539,0.0,3.330037662090114,0.0,-2.657288397558954,0.0,2.975742128677488,0.0,-3.012261575505201,0.0,-1.2160916959632715,0.0,8.099554282376364,0.0,-6.173786103901937,0.0,6.173786103901937,0.0,0.0,0.0,0.0,0.0
2025-08-11 07:00:00,1.539737577175158,0.0,4.61512051684126,0.0,0.0,0.0,-7.519692404116539,0.0,3.330037662090114,0.0,-2.657288397558954,0.0,2.975742128677488,0.0,-3.012261575505201,0.0,-1.2160916959632715,0.0,8.099554282376364,0.0,-6.173786103901937,0.0,6.173786103901937,0.0,0.0,0.0
2025-08-11 08:00:00,-6.154858094016418,0.0,1.539737577175158,0.0,4.61512051684126,0.0,0.0,0.0,-7.519692404116539,0.0,3.330037662090114,0.0,-2.657288397558954,0.0,2.975742128677488,0.0,-3.012261575505201,0.0,-1.2160916959632715,0.0,8.099554282376364,0.0,-6.173786103901937,0.0,6.173786103901937,0.0
2025-08-11 09:00:00,0.0,0.0,-6.154858094016418,0.0,1.539737577175158,0.0,4.61512051684126,0.0,0.0,0.0,-7.519692404116539,0.0,3.330037662090114,0.0,-2.657288397558954,0.0,2.975742128677488,0.0,-3.012261575505201,0.0,-1.2160916959632715,0.0,8.099554282376364,0.0,-6.173786103901937,0.0
2025-08-11 10:00:00,0.0,0.0,0.0,0.0,-6.154858094016418,0.0,1.539737577175158,0.0,4.61512051684126,0.0,0.0,0.0,-7.519692404116539,0.0,3.330037662090114,0.0,-2.657288397558954,0.0,2.975742128677488,0.0,-3.012261575505201,0.0,-1.2160916959632715,0.0,8.099554282376364,0.0
2025-08-11 11:00:00,6.1070228877422545,0.0,0.0,0.0,0.0,0.0,-6.154858094016418,0.0,1.539737577175158,0.0,4.61512051684126,0.0,0.0,0.0,-7.519692404116539,0.0,3.330037662090114,0.0,-2.657288397558954,0.0,2.975742128677488,0.0,-3.012261575505201,0.0,-1.2160916959632715,0.0
2025-08-11 12:00:00,-6.1070228877422545,0.0,6.1070228877422545,0.0,0.0,0.0,0.0,0.0,-6.154858094016418,0.0,1.539737577175158,0.0,4.61512051684126,0.0,0.0,0.0,-7.519692404116539,0.0,3.330037662090114,0.0,-2.657288397558954,0.0,2.975742128677488,0.0,-3.012261575505201,0.0
2025-08-11 13:00:00,4.709530201312334,0.0,-6.1070228877422545,0.0,6.1070228877422545,0.0,0.0,0.0,0.0,0.0,-6.154858094016418,0.0,1.539737577175158,0.0,4.61512051684126,0.0,0.0,0.0,-7.519692404116539,0.0,3.330037662090114,0.0,-2.657288397558954,0.0,2.975742128677488,0.0
2025-08-11 14:00:00,-4.709530201312334,0.0,4.709530201312334,0.0,-6.1070228877422545,0.0,6.1070228877422545,0.0,0.0,0.0,0.0,0.0,-6.154858094016418,0.0,1.539737577175158,0.0,4.61512051684126,0.0,0.0,0.0,-7.519692404116539,0.0,3.330037662090114,0.0,-2.657288397558954,0.0
2025-08-11 15:00:00,6.461468176353717,0.0,-4.709530201312334,0.0,4.709530201312334,0.0,-6.1070228877422545,0.0,6.1070228877422545,0.0,0.0,0.0,0.0,0.0,-6.154858094016418,0.0,1.539737577175158,0.0,4.61512051684126,0.0,0.0,0.0,-7.519692404116539,0.0,3.330037662090114,0.0
2025-08-11 16:00:00,-0.012578782206859707,0.0,6.461468176353717,0.0,-4.709530201312334,0.0,4.709530201312334,0.0,-6.1070228877422545,0.0,6.1070228877422545,0.0,0.0,0.0,0.0,0.0,-6.154858094016418,0.0,1.539737577175158,0.0,4.61512051684126,0.0,0.0,0.0,-7.519692404116539,0.0
2025-08-11 17:00:00,-6.448889394146858,0.0,-0.012578782206859707,0.0,6.461468176353717,0.0,-4.709530201312334,0.0,4.709530201312334,0.0,-6.1070228877422545,0.0,6.1070228877422545,0.0,0.0,0.0,0.0,0.0,-6.154858094016418,0.0,1.539737577175158,0.0,4.61512051684126,0.0,0.0,0.0
2025-08-11 18:00:00,5.905361848054571,0.0,-6.448889394146858,0.0,-0.012578782206859707,0.0,6.461468176353717,0.0,-4.709530201312334,0.0,4.709530201312334,0.0,-6.1070228877422545,0.0,6.1070228877422545,0.0,0.0,0.0,0.0,0.0,-6.154858094016418,0.0,1.539737577175158,0.0,4.61512051684126,0.0
2025-08-11 19:00:00,1.857659460963947,0.0,5.905361848054571,0.0,-6.448889394146858,0.0,-0.012578782206859707,0.0,6.461468176353717,0.0,-4.709530201312334,0.0,4.709530201312334,0.0,-6.1070228877422545,0.0,6.1070228877422545,0.0,0.0,0.0,0.0,0.0,-6.154858094016418,0.0,1.539737577175158,0.0
2025-08-11 20:00:00,-0.411221439960741,0.0,1.857659460963947,0.0,5.905361848054571,0.0,-6.448889394146858,0.0,-0.012578782206859707,0.0,6.461468176353717,0.0,-4.709530201312334,0.0,4.709530201312334,0.0,-6.1070228877422545,0.0,6.1070228877422545,0.0,0.0,0.0,0.0,0.0,-6.154858094016418,0.0
2025-08-11 21:00:00,-3.1621451270313514,0.0,-0.411221439960741,0.0,1.857659460963947,0.0,5.905361848054571,0.0,-6.448889394146858,0.0,-0.012578782206859707,0.0,6.461468176353717,0.0,-4.709530201312334,0.0,4.709530201312334,0.0,-6.1070228877422545,0.0,6.1070228877422545,0.0,0.0,0.0,0.0,0.0
2025-08-11 22:00:00,-4.189654742026425,0.0,-3.1621451270313514,0.0,-0.411221439960741,0.0,1.857659460963947,0.0,5.905361848054571,0.0,-6.448889394146858,0.0,-0.012578782206859707,0.0,6.461468176353717,0.0,-4.709530201312334,0.0,4.709530201312334,0.0,-6.1070228877422545,0.0,6.1070228877422545,0.0,0.0,0.0
2025-08-11 23:00:00,2.6390573296152584,0.0,-4.189654742026425,0.0,-3.1621451270313514,0.0,-0.411221439960741,0.0,1.857659460963947,0.0,5.905361848054571,0.0,-6.448889394146858,0.0,-0.012578782206859707,0.0,6.461468176353717,0.0,-4.709530201312334,0.0,4.709530201312334,0.0,-6.1070228877422545,0.0,6.1070228877422545,0.0
2025-08-12 00:00:00,-2.6390573296152584,0.0,2.6390573296152584,0.0,-4.189654742026425,0.0,-3.1621451270313514,0.0,-0.411221439960741,0.0,1.857659460963947,0.0,5.905361848054571,0.0,-6.448889394146858,0.0,-0.012578782206859707,0.0,6.461468176353717,0.0,-4.709530201312334,0.0,4.709530201312334,0.0,-6.1070228877422545,0.0
2025-08-12 01:00:00,0.0,0.0,-2.6390573296152584,0.0,2.6390573296152584,0.0,-4.189654742026425,0.0,-3.1621451270313514,0.0,-0.411221439960741,0.0,1.857659460963947,0.0,5.905361848054571,0.0,-6.448889394146858,0.0,-0.012578782206859707,0.0,6.461468176353717,0.0,-4.709530201312334,0.0,4.709530201312334,0.0
2025-08-12 02:00:00,5.8916442118257715,0.0,0.0,0.0,-2.6390573296152584,0.0,2.6390573296152584,0.0,-4.189654742026425,0.0,-3.1621451270313514,0.0,-0.411221439960741,0.0,1.857659460963947,0.0,5.905361848054571,0.0,-6.448889394146858,0.0,-0.012578782206859707,0.0,6.461468176353717,0.0,-4.709530201312334,0.0
2025-08-12 03:00:00,1.205077166668989,0.0,5.8916442118257715,0.0,0.0,0.0,-2.6390573296152584,0.0,2.6390573296152584,0.0,-4.189654742026425,0.0,-3.1621451270313514,0.0,-0.411221439960741,0.0,1.857659460963947,0.0,5.905361848054571,0.0,-6.448889394146858,0.0,-0.012578782206859707,0.0,6.461468176353717,0.0
2025-08-12 04:00:00,-7.0967213784947605,0.0,1.205077166668989,0.0,5.8916442118257715,0.0,0.0,0.0,-2.6390573296152584,0.0,2.6390573296152584,0.0,-4.189654742026425,0.0,-3.1621451270313514,0.0,-0.411221439960741,0.0,1.857659460963947,0.0,5.905361848054571,0.0,-6.448889394146858,0.0,-0.012578782206859707,0.0
2025-08-12 05:00:00,0.0,0.0,-7.0967213784947605,0.0,1.205077166668989,0.0,5.8916442118257715,0.0,0.0,0.0,-2.6390573296152584,0.0,2.6390573296152584,0.0,-4.189654742026425,0.0,-3.1621451270313514,0.0,-0.411221439960741,0.0,1.857659460963947,0.0,5.905361848054571,0.0,-6.448889394146858,0.0
2025-08-12 06:00:00,4.454347296253507,0.0,0.0,0.0,-7.0967213784947605,0.0,1.205077166668989,0.0,5.8916442118257715,0.0,0.0,0.0,-2.6390573296152584,0.0,2.6390573296152584,0.0,-4.189654742026425,0.0,-3.1621451270313514,0.0,-0.411221439960741,0.0,1.857659460963947,0.0,5.905361848054571,0.0
2025-08-12 07:00:00,-4.454347296253507,0.0,4.454347296253507,0.0,0.0,0.0,-7.0967213784947605,0.0,1.205077166668989,0.0,5.8916442118257715,0.0,0.0,0.0,-2.6390573296152584,0.0,2.6390573296152584,0.0,-4.189654742026425,0.0,-3.1621451270313514,0.0,-0.411221439960741,0.0,1.857659460963947,0.0
2025-08-12 08:00:00,0.6931471805599453,0.0,-4.454347296253507,0.0,4.454347296253507,0.0,0.0,0.0,-7.0967213784947605,0.0,1.205077166668989,0.0,5.8916442118257715,0.0,0.0,0.0,-2.6390573296152584,0.0,2.6390573296152584,0.0,-4.189654742026425,0.0,-3.1621451270313514,0.0,-0.411221439960741,0.0
2025-08-12 09:00:00,-0.6931471805599453,0.0,0.6931471805599453,0.0,-4.454347296253507,0.0,4.454347296253507,0.0,0.0,0.0,-7.0967213784947605,0.0,1.205077166668989,0.0,5.8916442118257715,0.0,0.0,0.0,-2.6390573296152584,0.0,2.6390573296152584,0.0,-4.189654742026425,0.0,-3.1621451270313514,0.0
2025-08-12 10:00:00,0.0,0.0,-0.6931471805599453,0.0,0.6931471805599453,0.0,-4.454347296253507,0.0,4.454347296253507,0.0,0.0,0.0,-7.0967213784947605,0.0,1.205077166668989,0.0,5.8916442118257715,0.0,0.0,0.0,-2.6390573296152584,0.0,2.6390573296152584,0.0,-4.189654742026425,0.0
2025-08-12 11:00:00,0.0,0.0,0.0,0.0,-0.6931471805599453,0.0,0.6931471805599453,0.0,-4.454347296253507,0.0,4.454347296253507,0.0,0.0,0.0,-7.0967213784947605,0.0,1.205077166668989,0.0,5.8916442118257715,0.0,0.0,0.0,-2.6390573296152584,0.0,2.6390573296152584,0.0
2025-08-12 12:00:00,4.454347296253507,0.0,0.0,0.0,0.0,0.0,-0.6931471805599453,0.0,0.6931471805599453,0.0,-4.454347296253507,0.0,4.454347296253507,0.0,0.0,0.0,-7.0967213784947605,0.0,1.205077166668989,0.0,5.8916442118257715,0.0,0.0,0.0,-2.6390573296152584,0.0
2025-08-12 13:00:00,-4.454347296253507,0.0,4.454347296253507,0.0,0.0,0.0,0.0,0.0,-0.6931471805599453,0.0,0.6931471805599453,0.0,-4.454347296253507,0.0,4.454347296253507,0.0,0.0,0.0,-7.0967213784947605,0.0,1.205077166668989,0.0,5.8916442118257715,0.0,0.0,0.0
2025-08-12 14:00:00,4.955827057601261,0.0,-4.454347296253507,0.0,4.454347296253507,0.0,0.0,0.0,0.0,0.0,-0.6931471805599453,0.0,0.6931471805599453,0.0,-4.454347296253507,0.0,4.454347296253507,0.0,0.0,0.0,-7.0967213784947605,0.0,1.205077166668989,0.0,5.8916442118257715,0.0
2025-08-12 15:00:00,-2.0113880784348206,0.0,4.955827057601261,0.0,-4.454347296253507,0.0,4.454347296253507,0.0,0.0,0.0,0.0,0.0,-0.6931471805599453,0.0,0.6931471805599453,0.0,-4.454347296253507,0.0,4.454347296253507,0.0,0.0,0.0,-7.0967213784947605,0.0,1.205077166668989,0.0
2025-08-12 16:00:00,4.247743079546805,0.0,-2.0113880784348206,0.0,4.955827057601261,0.0,-4.454347296253507,0.0,4.454347296253507,0.0,0.0,0.0,0.0,0.0,-0.6931471805599453,0.0,0.6931471805599453,0.0,-4.454347296253507,0.0,4.454347296253507,0.0,0.0,0.0,-7.0967213784947605,0.0
2025-08-12 17:00:00,1.036528740080441,0.0,4.247743079546805,0.0,-2.0113880784348206,0.0,4.955827057601261,0.0,-4.454347296253507,0.0,4.454347296253507,0.0,0.0,0.0,0.0,0.0,-0.6931471805599453,0.0,0.6931471805599453,0.0,-4.454347296253507,0.0,4.454347296253507,0.0,0.0,0.0
2025-08-12 18:00:00,-2.8580727706660243,0.0,1.036528740080441,0.0,4.247743079546805,0.0,-2.0113880784348206,0.0,4.955827057601261,0.0,-4.454347296253507,0.0,4.454347296253507,0.0,0.0,0.0,0.0,0.0,-0.6931471805599453,0.0,0.6931471805599453,0.0,-4.454347296253507,0.0,4.454347296253507,0.0
2025-08-12 19:00:00,-0.26469255422708216,0.0,-2.8580727706660243,0.0,1.036528740080441,0.0,4.247743079546805,0.0,-2.0113880784348206,0.0,4.955827057601261,0.0,-4.454347296253507,0.0,4.454347296253507,0.0,0.0,0.0,0.0,0.0,-0.6931471805599453,0.0,0.6931471805599453,0.0,-4.454347296253507,0.0
2025-08-12 20:00:00,1.7205997496560137,0.0,-0.26469255422708216,0.0,-2.8580727706660243,0.0,1.036528740080441,0.0,4.247743079546805,0.0,-2.0113880784348206,0.0,4.955827057601261,0.0,-4.454347296253507,0.0,4.454347296253507,0.0,0.0,0.0,0.0,0.0,-0.6931471805599453,0.0,0.6931471805599453,0.0
2025-08-12 21:00:00,-2.7490077796508743,0.0,1.7205997496560137,0.0,-0.26469255422708216,0.0,-2.8580727706660243,0.0,1.036528740080441,0.0,4.247743079546805,0.0,-2.0113880784348206,0.0,4.955827057601261,0.0,-4.454347296253507,0.0,4.454347296253507,0.0,0.0,0.0,0.0,0.0,-0.6931471805599453,0.0
2025-08-12 22:00:00,-2.1316272948504063,0.0,-2.7490077796508743,0.0,1.7205997496560137,0.0,-0.26469255422708216,0.0,-2.8580727706660243,0.0,1.036528740080441,0.0,4.247743079546805,0.0,-2.0113880784348206,0.0,4.955827057601261,0.0,-4.454347296253507,0.0,4.454347296253507,0.0,0.0,0.0,0.0,0.0
2025-08-12 23:00:00,4.103823306176644,0.0,-2.1316272948504063,0.0,-2.7490077796508743,0.0,1.7205997496560137,0.0,-0.26469255422708216,0.0,-2.8580727706660243,0.0,1.036528740080441,0.0,4.247743079546805,0.0,-2.0113880784348206,0.0,4.955827057601261,0.0,-4.454347296253507,0.0,4.454347296253507,0.0,0.0,0.0
2025-08-13 00:00:00,-6.049733455231958,0.0,4.103823306176644,0.0,-2.1316272948504063,0.0,-2.7490077796508743,0.0,1.7205997496560137,0.0,-0.26469255422708216,0.0,-2.8580727706660243,0.0,1.036528740080441,0.0,4.247743079546805,0.0,-2.0113880784348206,0.0,4.955827057601261,0.0,-4.454347296253507,0.0,4.454347296253507,0.0
2025-08-13 01:00:00,8.685753832960154,0.0,-6.049733455231958,0.0,4.103823306176644,0.0,-2.1316272948504063,0.0,-2.7490077796508743,0.0,1.7205997496560137,0.0,-0.26469255422708216,0.0,-2.8580727706660243,0.0,1.036528740080441,0.0,4.247743079546805,0.0,-2.0113880784348206,0.0,4.955827057601261,0.0,-4.454347296253507,0.0
2025-08-13 02:00:00,-4.542619106568622,0.0,8.685753832960154,0.0,-6.049733455231958,0.0,4.103823306176644,0.0,-2.1316272948504063,0.0,-2.7490077796508743,0.0,1.7205997496560137,0.0,-0.26469255422708216,0.0,-2.8580727706660243,0.0,1.036528740080441,0.0,4.247743079546805,0.0,-2.0113880784348206,0.0,4.955827057601261,0.0
2025-08-13 03:00:00,2.5110177937916864,0.0,-4.542619106568622,0.0,8.685753832960154,0.0,-6.049733455231958,0.0,4.103823306176644,0.0,-2.1316272948504063,0.0,-2.7490077796508743,0.0,1.7205997496560137,0.0,-0.26469255422708216,0.0,-2.8580727706660243,0.0,1.036528740080441,0.0,4.247743079546805,0.0,-2.0113880784348206,0.0
2025-08-13 04:00:00,-6.654152520183219,0.0,2.5110177937916864,0.0,-4.542619106568622,0.0,8.685753832960154,0.0,-6.049733455231958,0.0,4.103823306176644,0.0,-2.1316272948504063,0.0,-2.7490077796508743,0.0,1.7205997496560137,0.0,-0.26469255422708216,0.0,-2.8580727706660243,0.0,1.036528740080441,0.0,4.247743079546805,0.0
2025-08-13 05:00:00,0.0,0.0,-6.654152520183219,0.0,2.5110177937916864,0.0,-4.542619106568622,0.0,8.685753832960154,0.0,-6.049733455231958,0.0,4.103823306176644,0.0,-2.1316272948504063,0.0,-2.7490077796508743,0.0,1.7205997496560137,0.0,-0.26469255422708216,0.0,-2.8580727706660243,0.0,1.036528740080441,0.0
2025-08-13 06:00:00,4.804021044733257,0.0,0.0,0.0,-6.654152520183219,0.0,2.5110177937916864,0.0,-4.542619106568622,0.0,8.685753832960154,0.0,-6.049733455231958,0.0,4.103823306176644,0.0,-2.1316272948504063,0.0,-2.7490077796508743,0.0,1.7205997496560137,0.0,-0.26469255422708216,0.0,-2.8580727706660243,0.0
2025-08-13 07:00:00,-4.804021044733257,0.0,4.804021044733257,0.0,0.0,0.0,-6.654152520183219,0.0,2.5110177937916864,0.0,-4.542619106568622,0.0,8.685753832960154,0.0,-6.049733455231958,0.0,4.103823306176644,0.0,-2.1316272948504063,0.0,-2.7490077796508743,0.0,1.7205997496560137,0.0,-0.26469255422708216,0.0
2025-08-13 08:00:00,0.0,0.0,-4.804021044733257,0.0,4.804021044733257,0.0,0.0,0.0,-6.654152520183219,0.0,2.5110177937916864,0.0,-4.542619106568622,0.0,8.685753832960154,0.0,-6.049733455231958,0.0,4.103823306176644,0.0,-2.1316272948504063,0.0,-2.7490077796508743,0.0,1.7205997496560137,0.0
2025-08-13 09:00:00,6.90875477931522,0.0,0.0,0.0,-4.804021044733257,0.0,4.804021044733257,0.0,0.0,0.0,-6.654152520183219,0.0,2.5110177937916864,0.0,-4.542619106568622,0.0,8.685753832960154,0.0,-6.049733455231958,0.0,4.103823306176644,0.0,-2.1316272948504063,0.0,-2.7490077796508743,0.0
2025-08-13 10:00:00,-6.90875477931522,0.0,6.90875477931522,0.0,0.0,0.0,-4.804021044733257,0.0,4.804021044733257,0.0,0.0,0.0,-6.654152520183219,0.0,2.5110177937916864,0.0,-4.542619106568622,0.0,8.685753832960154,0.0,-6.049733455231958,0.0,4.103823306176644,0.0,-2.1316272948504063,0.0
2025-08-13 11:00:00,0.0,0.0,-6.90875477931522,0.0,6.90875477931522,0.0,0.0,0.0,-4.804021044733257,0.0,4.804021044733257,0.0,0.0,0.0,-6.654152520183219,0.0,2.5110177937916864,0.0,-4.542619106568622,0.0,8.685753832960154,0.0,-6.049733455231958,0.0,4.103823306176644,0.0
2025-08-13 12:00:00,0.0,0.0,0.0,0.0,-6.90875477931522,0.0,6.90875477931522,0.0,0.0,0.0,-4.804021044733257,0.0,4.804021044733257,0.0,0.0,0.0,-6.654152520183219,0.0,2.5110177937916864,0.0,-4.542619106568622,0.0,8.685753832960154,0.0,-6.049733455231958,0.0
2025-08-13 13:00:00,0.0,0.0,0.0,0.0,0.0,0.0,-6.90875477931522,0.0,6.90875477931522,0.0,0.0,0.0,-4.804021044733257,0.0,4.804021044733257,0.0,0.0,0.0,-6.654152520183219,0.0,2.5110177937916864,0.0,-4.542619106568622,0.0,8.685753832960154,0.0
2025-08-13 14:00:00,6.398594934535208,0.0,0.0,0.0,0.0,0.0,0.0,0.0,-6.90875477931522,0.0,6.90875477931522,0.0,0.0,0.0,-4.804021044733257,0.0,4.804021044733257,0.0,0.0,0.0,-6.654152520183219,0.0,2.5110177937916864,0.0,-4.542619106568622,0.0
2025-08-13 15:00:00,-2.5273939236273164,0.0,6.398594934535208,0.0,0.0,0.0,0.0,0.0,0.0,0.0,-6.90875477931522,0.0,6.90875477931522,0.0,0.0,0.0,-4.804021044733257,0.0,4.804021044733257,0.0,0.0,0.0,-6.654152520183219,0.0,2.5110177937916864,0.0
2025-08-13 16:00:00,2.6654905866834135,0.0,-2.5273939236273164,0.0,6.398594934535208,0.0,0.0,0.0,0.0,0.0,0.0,0.0,-6.90875477931522,0.0,6.90875477931522,0.0,0.0,0.0,-4.804021044733257,0.0,4.804021044733257,0.0,0.0,0.0,-6.654152520183219,0.0
2025-08-13 17:00:00,0.16157645652410846,0.0,2.6654905866834135,0.0,-2.5273939236273164,0.0,6.398594934535208,0.0,0.0,0.0,0.0,0.0,0.0,0.0,-6.90875477931522,0.0,6.90875477931522,0.0,0.0,0.0,-4.804021044733257,0.0,4.804021044733257,0.0,0.0,0.0
2025-08-13 18:00:00,1.7581129979040675,0.0,0.16157645652410846,0.0,2.6654905866834135,0.0,-2.5273939236273164,0.0,6.398594934535208,0.0,0.0,0.0,0.0,0.0,0.0,0.0,-6.90875477931522,0.0,6.90875477931522,0.0,0.0,0.0,-4.804021044733257,0.0,4.804021044733257,0.0
2025-08-13 19:00:00,-8.45638105201948,0.0,1.7581129979040675,0.0,0.16157645652410846,0.0,2.6654905866834135,0.0,-2.5273939236273164,0.0,6.398594934535208,0.0,0.0,0.0,0.0,0.0,0.0,0.0,-6.90875477931522,0.0,6.90875477931522,0.0,0.0,0.0,-4.804021044733257,0.0
2025-08-13 20:00:00,8.46611040118692,0.0,-8.45638105201948,0.0,1.7581129979040675,0.0,0.16157645652410846,0.0,2.6654905866834135,0.0,-2.5273939236273164,0.0,6.398594934535208,0.0,0.0,0.0,0.0,0.0,0.0,0.0,-6.90875477931522,0.0,6.90875477931522,0.0,0.0,0.0
2025-08-13 21:00:00,-5.52167142202048,0.0,8.46611040118692,0.0,-8.45638105201948,0.0,1.7581129979040675,0.0,0.16157645652410846,0.0,2.6654905866834135,0.0,-2.5273939236273164,0.0,6.398594934535208,0.0,0.0,0.0,0.0,0.0,0.0,0.0,-6.90875477931522,0.0,6.90875477931522,0.0
2025-08-13 22:00:00,3.360009823255541,0.0,-5.52167142202048,0.0,8.46611040118692,0.0,-8.45638105201948,0.0,1.7581129979040675,0.0,0.16157645652410846,0.0,2.6654905866834135,0.0,-2.5273939236273164,0.0,6.398594934535208,0.0,0.0,0.0,0.0,0.0,0.0,0.0,-6.90875477931522,0.0
2025-08-13 23:00:00,1.0402702517276916,0.0,3.360009823255541,0.0,-5.52167142202048,0.0,8.46611040118692,0.0,-8.45638105201948,0.0,1.7581129979040675,0.0,0.16157645652410846,0.0,2.6654905866834135,0.0,-2.5273939236273164,0.0,6.398594934535208,0.0,0.0,0.0,0.0,0.0,0.0,0.0
2025-08-14 00:00:00,1.1726741172692314,0.0,1.0402702517276916,0.0,3.360009823255541,0.0,-5.52167142202048,0.0,8.46611040118692,0.0,-8.45638105201948,0.0,1.7581129979040675,0.0,0.16157645652410846,0.0,2.6654905866834135,0.0,-2.5273939236273164,0.0,6.398594934535208,0.0,0.0,0.0,0.0,0.0
2025-08-14 01:00:00,-0.009442561369599645,0.0,1.1726741172692314,0.0,1.0402702517276916,0.0,3.360009823255541,0.0,-5.52167142202048,0.0,8.46611040118692,0.0,-8.45638105201948,0.0,1.7581129979040675,0.0,0.16157645652410846,0.0,2.6654905866834135,0.0,-2.5273939236273164,0.0,6.398594934535208,0.0,0.0,0.0
2025-08-14 02:00:00,-0.5012497646089376,0.0,-0.009442561369599645,0.0,1.1726741172692314,0.0,1.0402702517276916,0.0,3.360009823255541,0.0,-5.52167142202048,0.0,8.46611040118692,0.0,-8.45638105201948,0.0,1.7581129979040675,0.0,0.16157645652410846,0.0,2.6654905866834135,0.0,-2.5273939236273164,0.0,6.398594934535208,0.0
2025-08-14 03:00:00,-4.639405015453892,0.0,-0.5012497646089376,0.0,-0.009442561369599645,0.0,1.1726741172692314,0.0,1.0402702517276916,0.0,3.360009823255541,0.0,-5.52167142202048,0.0,8.46611040118692,0.0,-8.45638105201948,0.0,1.7581129979040675,0.0,0.16157645652410846,0.0,2.6654905866834135,0.0,-2.5273939236273164,0.0
2025-08-14 04:00:00,-3.367295829986474,0.0,-4.639405015453892,0.0,-0.5012497646089376,0.0,-0.009442561369599645,0.0,1.1726741172692314,0.0,1.0402702517276916,0.0,3.360009823255541,0.0,-5.52167142202048,0.0,8.46611040118692,0.0,-8.45638105201948,0.0,1.7581129979040675,0.0,0.16157645652410846,0.0,2.6654905866834135,0.0
2025-08-14 05:00:00,5.5254529391317835,0.0,-3.367295829986474,0.0,-4.639405015453892,0.0,-0.5012497646089376,0.0,-0.009442561369599645,0.0,1.1726741172692314,0.0,1.0402702517276916,0.0,3.360009823255541,0.0,-5.52167142202048,0.0,8.46611040118692,0.0,-8.45638105201948,0.0,1.7581129979040675,0.0,0.16157645652410846,0.0
2025-08-14 06:00:00,-5.5254529391317835,0.0,5.5254529391317835,0.0,-3.367295829986474,0.0,-4.639405015453892,0.0,-0.5012497646089376,0.0,-0.009442561369599645,0.0,1.1726741172692314,0.0,1.0402702517276916,0.0,3.360009823255541,0.0,-5.52167142202048,0.0,8.46611040118692,0.0,-8.45638105201948,0.0,1.7581129979040675,0.0
2025-08-14 07:00:00,0.0,0.0,-5.5254529391317835,0.0,5.5254529391317835,0.0,-3.367295829986474,0.0,-4.639405015453892,0.0,-0.5012497646089376,0.0,-0.009442561369599645,0.0,1.1726741172692314,0.0,1.0402702517276916,0.0,3.360009823255541,0.0,-5.52167142202048,0.0,8.46611040118692,0.0,-8.45638105201948,0.0
2025-08-14 08:00:00,0.0,0.0,0.0,0.0,-5.5254529391317835,0.0,5.5254529391317835,0.0,-3.367295829986474,0.0,-4.639405015453892,0.0,-0.5012497646089376,0.0,-0.009442561369599645,0.0,1.1726741172692314,0.0,1.0402702517276916,0.0,3.360009823255541,0.0,-5.52167142202048,0.0,8.46611040118692,0.0
2025-08-14 09:00:00,0.0,0.0,0.0,0.0,0.0,0.0,-5.5254529391317835,0.0,5.5254529391317835,0.0,-3.367295829986474,0.0,-4.639405015453892,0.0,-0.5012497646089376,0.0,-0.009442561369599645,0.0,1.1726741172692314,0.0,1.0402702517276916,0.0,3.360009823255541,0.0,-5.52167142202048,0.0
2025-08-14 10:00:00,0.0,0.0,0.0,0.0,0.0,0.0,0.0,0.0,-5.5254529391317835,0.0,5.5254529391317835,0.0,-3.367295829986474,0.0,-4.639405015453892,0.0,-0.5012497646089376,0.0,-0.009442561369599645,0.0,1.1726741172692314,0.0,1.0402702517276916,0.0,3.360009823255541,0.0
2025-08-14 11:00:00,0.0,0.0,0.0,0.0,0.0,0.0,0.0,0.0,0.0,0.0,-5.5254529391317835,0.0,5.5254529391317835,0.0,-3.367295829986474,0.0,-4.639405015453892,0.0,-0.5012497646089376,0.0,-0.009442561369599645,0.0,1.1726741172692314,0.0,1.0402702517276916,0.0
2025-08-14 12:00:00,0.0,0.0,0.0,0.0,0.0,0.0,0.0,0.0,0.0,0.0,0.0,0.0,-5.5254529391317835,0.0,5.5254529391317835,0.0,-3.367295829986474,0.0,-4.639405015453892,0.0,-0.5012497646089376,0.0,-0.009442561369599645,0.0,1.1726741172692314,0.0
2025-08-14 13:00:00,6.846943139585379,0.0,0.0,0.0,0.0,0.0,0.0,0.0,0.0,0.0,0.0,0.0,0.0,0.0,-5.5254529391317835,0.0,5.5254529391317835,0.0,-3.367295829986474,0.0,-4.639405015453892,0.0,-0.5012497646089376,0.0,-0.009442561369599645,0.0
2025-08-14 14:00:00,-6.846943139585379,0.0,6.846943139585379,0.0,0.0,0.0,0.0,0.0,0.0,0.0,0.0,0.0,0.0,0.0,0.0,0.0,-5.5254529391317835,0.0,5.5254529391317835,0.0,-3.367295829986474,0.0,-4.639405015453892,0.0,-0.5012497646089376,0.0
2025-08-14 15:00:00,5.4510384535657,0.0,-6.846943139585379,0.0,6.846943139585379,0.0,0.0,0.0,0.0,0.0,0.0,0.0,0.0,0.0,0.0,0.0,0.0,0.0,-5.5254529391317835,0.0,5.5254529391317835,0.0,-3.367295829986474,0.0,-4.639405015453892,0.0
2025-08-14 16:00:00,-5.4510384535657,0.0,5.4510384535657,0.0,-6.846943139585379,0.0,6.846943139585379,0.0,0.0,0.0,0.0,0.0,0.0,0.0,0.0,0.0,0.0,0.0,0.0,0.0,-5.5254529391317835,0.0,5.5254529391317835,0.0,-3.367295829986474,0.0
2025-08-14 17:00:00,2.9444389791664403,0.0,-5.4510384535657,0.0,5.4510384535657,0.0,-6.846943139585379,0.0,6.846943139585379,0.0,0.0,0.0,0.0,0.0,0.0,0.0,0.0,0.0,0.0,0.0,0.0,0.0,-5.5254529391317835,0.0,5.5254529391317835,0.0
2025-08-14 18:00:00,2.848574629217704,0.0,2.9444389791664403,0.0,-5.4510384535657,0.0,5.4510384535657,0.0,-6.846943139585379,0.0,6.846943139585379,0.0,0.0,0.0,0.0,0.0,0.0,0.0,0.0,0.0,0.0,0.0,0.0,0.0,-5.5254529391317835,0.0
2025-08-14 19:00:00,-0.8162798659635699,0.0,2.848574629217704,0.0,2.9444389791664403,0.0,-5.4510384535657,0.0,5.4510384535657,0.0,-6.846943139585379,0.0,6.846943139585379,0.0,0.0,0.0,0.0,0.0,0.0,0.0,0.0,0.0,0.0,0.0,0.0,0.0
2025-08-14 20:00:00,3.479434747157889,0.0,-0.8162798659635699,0.0,2.848574629217704,0.0,2.9444389791664403,0.0,-5.4510384535657,0.0,5.4510384535657,0.0,-6.846943139585379,0.0,6.846943139585379,0.0,0.0,0.0,0.0,0.0,0.0,0.0,0.0,0.0,0.0,0.0
2025-08-14 21:00:00,-4.872649551122353,0.0,3.479434747157889,0.0,-0.8162798659635699,0.0,2.848574629217704,0.0,2.9444389791664403,0.0,-5.4510384535657,0.0,5.4510384535657,0.0,-6.846943139585379,0.0,6.846943139585379,0.0,0.0,0.0,0.0,0.0,0.0,0.0,0.0,0.0
2025-08-14 22:00:00,1.1169614273363067,0.0,-4.872649551122353,0.0,3.479434747157889,0.0,-0.8162798659635699,0.0,2.848574629217704,0.0,2.9444389791664403,0.0,-5.4510384535657,0.0,5.4510384535657,0.0,-6.846943139585379,0.0,6.846943139585379,0.0,0.0,0.0,0.0,0.0,0.0,0.0
2025-08-14 23:00:00,-4.700480365792417,0.0,1.1169614273363067,0.0,-4.872649551122353,0.0,3.479434747157889,0.0,-0.8162798659635699,0.0,2.848574629217704,0.0,2.9444389791664403,0.0,-5.4510384535657,0.0,5.4510384535657,0.0,-6.846943139585379,0.0,6.846943139585379,0.0,0.0,0.0,0.0,0.0
2025-08-15 00:00:00,5.869296913133774,0.0,-4.700480365792417,0.0,1.1169614273363067,0.0,-4.872649551122353,0.0,3.479434747157889,0.0,-0.8162798659635699,0.0,2.848574629217704,0.0,2.9444389791664403,0.0,-5.4510384535657,0.0,5.4510384535657,0.0,-6.846943139585379,0.0,6.846943139585379,0.0,0.0,0.0
2025-08-15 01:00:00,-5.869296913133774,0.0,5.869296913133774,0.0,-4.700480365792417,0.0,1.1169614273363067,0.0,-4.872649551122353,0.0,3.479434747157889,0.0,-0.8162798659635699,0.0,2.848574629217704,0.0,2.9444389791664403,0.0,-5.4510384535657,0.0,5.4510384535657,0.0,-6.846943139585379,0.0,6.846943139585379,0.0
2025-08-15 02:00:00,0.0,0.0,-5.869296913133774,0.0,5.869296913133774,0.0,-4.700480365792417,0.0,1.1169614273363067,0.0,-4.872649551122353,0.0,3.479434747157889,0.0,-0.8162798659635699,0.0,2.848574629217704,0.0,2.9444389791664403,0.0,-5.4510384535657,0.0,5.4510384535657,0.0,-6.846943139585379,0.0
2025-08-15 03:00:00,4.955827057601261,0.0,0.0,0.0,-5.869296913133774,0.0,5.869296913133774,0.0,-4.700480365792417,0.0,1.1169614273363067,0.0,-4.872649551122353,0.0,3.479434747157889,0.0,-0.8162798659635699,0.0,2.848574629217704,0.0,2.9444389791664403,0.0,-5.4510384535657,0.0,5.4510384535657,0.0
2025-08-15 04:00:00,-0.3407065407600012,0.0,4.955827057601261,0.0,0.0,0.0,-5.869296913133774,0.0,5.869296913133774,0.0,-4.700480365792417,0.0,1.1169614273363067,0.0,-4.872649551122353,0.0,3.479434747157889,0.0,-0.8162798659635699,0.0,2.848574629217704,0.0,2.9444389791664403,0.0,-5.4510384535657,0.0
2025-08-15 05:00:00,-4.61512051684126,0.0,-0.3407065407600012,0.0,4.955827057601261,0.0,0.0,0.0,-5.869296913133774,0.0,5.869296913133774,0.0,-4.700480365792417,0.0,1.1169614273363067,0.0,-4.872649551122353,0.0,3.479434747157889,0.0,-0.8162798659635699,0.0,2.848574629217704,0.0,2.9444389791664403,0.0
2025-08-15 06:00:00,0.0,0.0,-4.61512051684126,0.0,-0.3407065407600012,0.0,4.955827057601261,0.0,0.0,0.0,-5.869296913133774,0.0,5.869296913133774,0.0,-4.700480365792417,0.0,1.1169614273363067,0.0,-4.872649551122353,0.0,3.479434747157889,0.0,-0.8162798659635699,0.0,2.848574629217704,0.0
2025-08-15 07:00:00,6.513230110912307,0.0,0.0,0.0,-4.61512051684126,0.0,-0.3407065407600012,0.0,4.955827057601261,0.0,0.0,0.0,-5.869296913133774,0.0,5.869296913133774,0.0,-4.700480365792417,0.0,1.1169614273363067,0.0,-4.872649551122353,0.0,3.479434747157889,0.0,-0.8162798659635699,0.0
2025-08-15 08:00:00,-6.513230110912307,0.0,6.513230110912307,0.0,0.0,0.0,-4.61512051684126,0.0,-0.3407065407600012,0.0,4.955827057601261,0.0,0.0,0.0,-5.869296913133774,0.0,5.869296913133774,0.0,-4.700480365792417,0.0,1.1169614273363067,0.0,-4.872649551122353,0.0,3.479434747157889,0.0
2025-08-15 09:00:00,4.31748811353631,0.0,-6.513230110912307,0.0,6.513230110912307,0.0,0.0,0.0,-4.61512051684126,0.0,-0.3407065407600012,0.0,4.955827057601261,0.0,0.0,0.0,-5.869296913133774,0.0,5.869296913133774,0.0,-4.700480365792417,0.0,1.1169614273363067,0.0,-4.872649551122353,0.0
2025-08-15 10:00:00,-4.31748811353631,0.0,4.31748811353631,0.0,-6.513230110912307,0.0,6.513230110912307,0.0,0.0,0.0,-4.61512051684126,0.0,-0.3407065407600012,0.0,4.955827057601261,0.0,0.0,0.0,-5.869296913133774,0.0,5.869296913133774,0.0,-4.700480365792417,0.0,1.1169614273363067,0.0
2025-08-15 11:00:00,4.007333185232471,0.0,-4.31748811353631,0.0,4.31748811353631,0.0,-6.513230110912307,0.0,6.513230110912307,0.0,0.0,0.0,-4.61512051684126,0.0,-0.3407065407600012,0.0,4.955827057601261,0.0,0.0,0.0,-5.869296913133774,0.0,5.869296913133774,0.0,-4.700480365792417,0.0
2025-08-15 12:00:00,-2.215573716004416,0.0,4.007333185232471,0.0,-4.31748811353631,0.0,4.31748811353631,0.0,-6.513230110912307,0.0,6.513230110912307,0.0,0.0,0.0,-4.61512051684126,0.0,-0.3407065407600012,0.0,4.955827057601261,0.0,0.0,0.0,-5.869296913133774,0.0,5.869296913133774,0.0
2025-08-15 13:00:00,-1.791759469228055,0.0,-2.215573716004416,0.0,4.007333185232471,0.0,-4.31748811353631,0.0,4.31748811353631,0.0,-6.513230110912307,0.0,6.513230110912307,0.0,0.0,0.0,-4.61512051684126,0.0,-0.3407065407600012,0.0,4.955827057601261,0.0,0.0,0.0,-5.869296913133774,0.0
2025-08-15 14:00:00,6.180016653652572,0.0,-1.791759469228055,0.0,-2.215573716004416,0.0,4.007333185232471,0.0,-4.31748811353631,0.0,4.31748811353631,0.0,-6.513230110912307,0.0,6.513230110912307,0.0,0.0,0.0,-4.61512051684126,0.0,-0.3407065407600012,0.0,4.955827057601261,0.0,0.0,0.0
2025-08-15 15:00:00,0.7455785434578956,0.0,6.180016653652572,0.0,-1.791759469228055,0.0,-2.215573716004416,0.0,4.007333185232471,0.0,-4.31748811353631,0.0,4.31748811353631,0.0,-6.513230110912307,0.0,6.513230110912307,0.0,0.0,0.0,-4.61512051684126,0.0,-0.3407065407600012,0.0,4.955827057601261,0.0
2025-08-15 16:00:00,-6.925595197110468,0.0,0.7455785434578956,0.0,6.180016653652572,0.0,-1.791759469228055,0.0,-2.215573716004416,0.0,4.007333185232471,0.0,-4.31748811353631,0.0,4.31748811353631,0.0,-6.513230110912307,0.0,6.513230110912307,0.0,0.0,0.0,-4.61512051684126,0.0,-0.3407065407600012,0.0
2025-08-15 17:00:00,6.38856140554563,0.0,-6.925595197110468,0.0,0.7455785434578956,0.0,6.180016653652572,0.0,-1.791759469228055,0.0,-2.215573716004416,0.0,4.007333185232471,0.0,-4.31748811353631,0.0,4.31748811353631,0.0,-6.513230110912307,0.0,6.513230110912307,0.0,0.0,0.0,-4.61512051684126,0.0
2025-08-15 18:00:00,-5.002267044425739,0.0,6.38856140554563,0.0,-6.925595197110468,0.0,0.7455785434578956,0.0,6.180016653652572,0.0,-1.791759469228055,0.0,-2.215573716004416,0.0,4.007333185232471,0.0,-4.31748811353631,0.0,4.31748811353631,0.0,-6.513230110912307,0.0,6.513230110912307,0.0,0.0,0.0
2025-08-15 19:00:00,1.7047480922384255,0.0,-5.002267044425739,0.0,6.38856140554563,0.0,-6.925595197110468,0.0,0.7455785434578956,0.0,6.180016653652572,0.0,-1.791759469228055,0.0,-2.215573716004416,0.0,4.007333185232471,0.0,-4.31748811353631,0.0,4.31748811353631,0.0,-6.513230110912307,0.0,6.513230110912307,0.0
2025-08-15 20:00:00,1.5339303599259546,0.0,1.7047480922384255,0.0,-5.002267044425739,0.0,6.38856140554563,0.0,-6.925595197110468,0.0,0.7455785434578956,0.0,6.180016653652572,0.0,-1.791759469228055,0.0,-2.215573716004416,0.0,4.007333185232471,0.0,-4.31748811353631,0.0,4.31748811353631,0.0,-6.513230110912307,0.0
2025-08-15 21:00:00,-4.624972813284271,0.0,1.5339303599259546,0.0,1.7047480922384255,0.0,-5.002267044425739,0.0,6.38856140554563,0.0,-6.925595197110468,0.0,0.7455785434578956,0.0,6.180016653652572,0.0,-1.791759469228055,0.0,-2.215573716004416,0.0,4.007333185232471,0.0,-4.31748811353631,0.0,4.31748811353631,0.0
2025-08-15 22:00:00,0.0,0.0,-4.624972813284271,0.0,1.5339303599259546,0.0,1.7047480922384255,0.0,-5.002267044425739,0.0,6.38856140554563,0.0,-6.925595197110468,0.0,0.7455785434578956,0.0,6.180016653652572,0.0,-1.791759469228055,0.0,-2.215573716004416,0.0,4.007333185232471,0.0,-4.31748811353631,0.0
2025-08-15 23:00:00,10.875515689094785,0.0,0.0,0.0,-4.624972813284271,0.0,1.5339303599259546,0.0,1.7047480922384255,0.0,-5.002267044425739,0.0,6.38856140554563,0.0,-6.925595197110468,0.0,0.7455785434578956,0.0,6.180016653652572,0.0,-1.791759469228055,0.0,-2.215573716004416,0.0,4.007333185232471,0.0
2025-08-16 00:00:00,-0.31673859855495223,0.0,10.875515689094785,0.0,0.0,0.0,-4.624972813284271,0.0,1.5339303599259546,0.0,1.7047480922384255,0.0,-5.002267044425739,0.0,6.38856140554563,0.0,-6.925595197110468,0.0,0.7455785434578956,0.0,6.180016653652572,0.0,-1.791759469228055,0.0,-2.215573716004416,0.0
2025-08-16 01:00:00,-10.558777090539833,0.0,-0.31673859855495223,0.0,10.875515689094785,0.0,0.0,0.0,-4.624972813284271,0.0,1.5339303599259546,0.0,1.7047480922384255,0.0,-5.002267044425739,0.0,6.38856140554563,0.0,-6.925595197110468,0.0,0.7455785434578956,0.0,6.180016653652572,0.0,-1.791759469228055,0.0
2025-08-16 02:00:00,2.0794415416798357,0.0,-10.558777090539833,0.0,-0.31673859855495223,0.0,10.875515689094785,0.0,0.0,0.0,-4.624972813284271,0.0,1.5339303599259546,0.0,1.7047480922384255,0.0,-5.002267044425739,0.0,6.38856140554563,0.0,-6.925595197110468,0.0,0.7455785434578956,0.0,6.180016653652572,0.0
2025-08-16 03:00:00,4.0118683403978626,0.0,2.0794415416798357,0.0,-10.558777090539833,0.0,-0.31673859855495223,0.0,10.875515689094785,0.0,0.0,0.0,-4.624972813284271,0.0,1.5339303599259546,0.0,1.7047480922384255,0.0,-5.002267044425739,0.0,6.38856140554563,0.0,-6.925595197110468,0.0,0.7455785434578956,0.0
2025-08-16 04:00:00,-6.091309882077698,0.0,4.0118683403978626,0.0,2.0794415416798357,0.0,-10.558777090539833,0.0,-0.31673859855495223,0.0,10.875515689094785,0.0,0.0,0.0,-4.624972813284271,0.0,1.5339303599259546,0.0,1.7047480922384255,0.0,-5.002267044425739,0.0,6.38856140554563,0.0,-6.925595197110468,0.0
2025-08-16 05:00:00,0.0,0.0,-6.091309882077698,0.0,4.0118683403978626,0.0,2.0794415416798357,0.0,-10.558777090539833,0.0,-0.31673859855495223,0.0,10.875515689094785,0.0,0.0,0.0,-4.624972813284271,0.0,1.5339303599259546,0.0,1.7047480922384255,0.0,-5.002267044425739,0.0,6.38856140554563,0.0
2025-08-16 06:00:00,3.6888794541139363,0.0,0.0,0.0,-6.091309882077698,0.0,4.0118683403978626,0.0,2.0794415416798357,0.0,-10.558777090539833,0.0,-0.31673859855495223,0.0,10.875515689094785,0.0,0.0,0.0,-4.624972813284271,0.0,1.5339303599259546,0.0,1.7047480922384255,0.0,-5.002267044425739,0.0
2025-08-16 07:00:00,1.7749523509116742,0.0,3.6888794541139363,0.0,0.0,0.0,-6.091309882077698,0.0,4.0118683403978626,0.0,2.0794415416798357,0.0,-10.558777090539833,0.0,-0.31673859855495223,0.0,10.875515689094785,0.0,0.0,0.0,-4.624972813284271,0.0,1.5339303599259546,0.0,1.7047480922384255,0.0
2025-08-16 08:00:00,-5.4638318050256105,0.0,1.7749523509116742,0.0,3.6888794541139363,0.0,0.0,0.0,-6.091309882077698,0.0,4.0118683403978626,0.0,2.0794415416798357,0.0,-10.558777090539833,0.0,-0.31673859855495223,0.0,10.875515689094785,0.0,0.0,0.0,-4.624972813284271,0.0,1.5339303599259546,0.0
2025-08-16 09:00:00,0.0,0.0,-5.4638318050256105,0.0,1.7749523509116742,0.0,3.6888794541139363,0.0,0.0,0.0,-6.091309882077698,0.0,4.0118683403978626,0.0,2.0794415416798357,0.0,-10.558777090539833,0.0,-0.31673859855495223,0.0,10.875515689094785,0.0,0.0,0.0,-4.624972813284271,0.0
2025-08-16 10:00:00,0.0,0.0,0.0,0.0,-5.4638318050256105,0.0,1.7749523509116742,0.0,3.6888794541139363,0.0,0.0,0.0,-6.091309882077698,0.0,4.0118683403978626,0.0,2.0794415416798357,0.0,-10.558777090539833,0.0,-0.31673859855495223,0.0,10.875515689094785,0.0,0.0,0.0
2025-08-16 11:00:00,5.973809611869261,0.0,0.0,0.0,0.0,0.0,-5.4638318050256105,0.0,1.7749523509116742,0.0,3.6888794541139363,0.0,0.0,0.0,-6.091309882077698,0.0,4.0118683403978626,0.0,2.0794415416798357,0.0,-10.558777090539833,0.0,-0.31673859855495223,0.0,10.875515689094785,0.0
2025-08-16 12:00:00,-2.284930157755325,0.0,5.973809611869261,0.0,0.0,0.0,0.0,0.0,-5.4638318050256105,0.0,1.7749523509116742,0.0,3.6888794541139363,0.0,0.0,0.0,-6.091309882077698,0.0,4.0118683403978626,0.0,2.0794415416798357,0.0,-10.558777090539833,0.0,-0.31673859855495223,0.0
2025-08-16 13:00:00,-3.6888794541139363,0.0,-2.284930157755325,0.0,5.973809611869261,0.0,0.0,0.0,0.0,0.0,-5.4638318050256105,0.0,1.7749523509116742,0.0,3.6888794541139363,0.0,0.0,0.0,-6.091309882077698,0.0,4.0118683403978626,0.0,2.0794415416798357,0.0,-10.558777090539833,0.0
2025-08-16 14:00:00,6.646390514847729,0.0,-3.6888794541139363,0.0,-2.284930157755325,0.0,5.973809611869261,0.0,0.0,0.0,0.0,0.0,-5.4638318050256105,0.0,1.7749523509116742,0.0,3.6888794541139363,0.0,0.0,0.0,-6.091309882077698,0.0,4.0118683403978626,0.0,2.0794415416798357,0.0
2025-08-16 15:00:00,2.7113348440415113,0.0,6.646390514847729,0.0,-3.6888794541139363,0.0,-2.284930157755325,0.0,5.973809611869261,0.0,0.0,0.0,0.0,0.0,-5.4638318050256105,0.0,1.7749523509116742,0.0,3.6888794541139363,0.0,0.0,0.0,-6.091309882077698,0.0,4.0118683403978626,0.0
2025-08-16 16:00:00,-9.35772535888924,0.0,2.7113348440415113,0.0,6.646390514847729,0.0,-3.6888794541139363,0.0,-2.284930157755325,0.0,5.973809611869261,0.0,0.0,0.0,0.0,0.0,-5.4638318050256105,0.0,1.7749523509116742,0.0,3.6888794541139363,0.0,0.0,0.0,-6.091309882077698,0.0
2025-08-16 17:00:00,0.0,0.0,-9.35772535888924,0.0,2.7113348440415113,0.0,6.646390514847729,0.0,-3.6888794541139363,0.0,-2.284930157755325,0.0,5.973809611869261,0.0,0.0,0.0,0.0,0.0,-5.4638318050256105,0.0,1.7749523509116742,0.0,3.6888794541139363,0.0,0.0,0.0
2025-08-16 18:00:00,5.645446897643238,0.0,0.0,0.0,-9.35772535888924,0.0,2.7113348440415113,0.0,6.646390514847729,0.0,-3.6888794541139363,0.0,-2.284930157755325,0.0,5.973809611869261,0.0,0.0,0.0,0.0,0.0,-5.4638318050256105,0.0,1.7749523509116742,0.0,3.6888794541139363,0.0
2025-08-16 19:00:00,0.50941119637318,0.0,5.645446897643238,0.0,0.0,0.0,-9.35772535888924,0.0,2.7113348440415113,0.0,6.646390514847729,0.0,-3.6888794541139363,0.0,-2.284930157755325,0.0,5.973809611869261,0.0,0.0,0.0,0.0,0.0,-5.4638318050256105,0.0,1.7749523509116742,0.0
2025-08-16 20:00:00,1.8881627912818653,0.0,0.50941119637318,0.0,5.645446897643238,0.0,0.0,0.0,-9.35772535888924,0.0,2.7113348440415113,0.0,6.646390514847729,0.0,-3.6888794541139363,0.0,-2.284930157755325,0.0,5.973809611869261,0.0,0.0,0.0,0.0,0.0,-5.4638318050256105,0.0
2025-08-16 21:00:00,-3.532161378781433,0.0,1.8881627912818653,0.0,0.50941119637318,0.0,5.645446897643238,0.0,0.0,0.0,-9.35772535888924,0.0,2.7113348440415113,0.0,6.646390514847729,0.0,-3.6888794541139363,0.0,-2.284930157755325,0.0,5.973809611869261,0.0,0.0,0.0,0.0,0.0
2025-08-16 22:00:00,2.8946361566826226,0.0,-3.532161378781433,0.0,1.8881627912818653,0.0,0.50941119637318,0.0,5.645446897643238,0.0,0.0,0.0,-9.35772535888924,0.0,2.7113348440415113,0.0,6.646390514847729,0.0,-3.6888794541139363,0.0,-2.284930157755325,0.0,5.973809611869261,0.0,0.0,0.0
2025-08-16 23:00:00,-7.405495663199472,0.0,2.8946361566826226,0.0,-3.532161378781433,0.0,1.8881627912818653,0.0,0.50941119637318,0.0,5.645446897643238,0.0,0.0,0.0,-9.35772535888924,0.0,2.7113348440415113,0.0,6.646390514847729,0.0,-3.6888794541139363,0.0,-2.284930157755325,0.0,5.973809611869261,0.0
2025-08-17 00:00:00,6.665683717782408,0.0,-7.405495663199472,0.0,2.8946361566826226,0.0,-3.532161378781433,0.0,1.8881627912818653,0.0,0.50941119637318,0.0,5.645446897643238,0.0,0.0,0.0,-9.35772535888924,0.0,2.7113348440415113,0.0,6.646390514847729,0.0,-3.6888794541139363,0.0,-2.284930157755325,0.0
2025-08-17 01:00:00,0.5036662988881915,0.0,6.665683717782408,0.0,-7.405495663199472,0.0,2.8946361566826226,0.0,-3.532161378781433,0.0,1.8881627912818653,0.0,0.50941119637318,0.0,5.645446897643238,0.0,0.0,0.0,-9.35772535888924,0.0,2.7113348440415113,0.0,6.646390514847729,0.0,-3.6888794541139363,0.0
2025-08-17 02:00:00,0.061213136738692775,0.0,0.5036662988881915,0.0,6.665683717782408,0.0,-7.405495663199472,0.0,2.8946361566826226,0.0,-3.532161378781433,0.0,1.8881627912818653,0.0,0.50941119637318,0.0,5.645446897643238,0.0,0.0,0.0,-9.35772535888924,0.0,2.7113348440415113,0.0,6.646390514847729,0.0
2025-08-17 03:00:00,-0.2229625394574395,0.0,0.061213136738692775,0.0,0.5036662988881915,0.0,6.665683717782408,0.0,-7.405495663199472,0.0,2.8946361566826226,0.0,-3.532161378781433,0.0,1.8881627912818653,0.0,0.50941119637318,0.0,5.645446897643238,0.0,0.0,0.0,-9.35772535888924,0.0,2.7113348440415113,0.0
2025-08-17 04:00:00,-4.928159072272017,0.0,-0.2229625394574395,0.0,0.061213136738692775,0.0,0.5036662988881915,0.0,6.665683717782408,0.0,-7.405495663199472,0.0,2.8946361566826226,0.0,-3.532161378781433,0.0,1.8881627912818653,0.0,0.50941119637318,0.0,5.645446897643238,0.0,0.0,0.0,-9.35772535888924,0.0
2025-08-17 05:00:00,-2.0794415416798357,0.0,-4.928159072272017,0.0,-0.2229625394574395,0.0,0.061213136738692775,0.0,0.5036662988881915,0.0,6.665683717782408,0.0,-7.405495663199472,0.0,2.8946361566826226,0.0,-3.532161378781433,0.0,1.8881627912818653,0.0,0.50941119637318,0.0,5.645446897643238,0.0,0.0,0.0
2025-08-17 06:00:00,0.0,0.0,-2.0794415416798357,0.0,-4.928159072272017,0.0,-0.2229625394574395,0.0,0.061213136738692775,0.0,0.5036662988881915,0.0,6.665683717782408,0.0,-7.405495663199472,0.0,2.8946361566826226,0.0,-3.532161378781433,0.0,1.8881627912818653,0.0,0.50941119637318,0.0,5.645446897643238,0.0
2025-08-17 07:00:00,0.0,0.0,0.0,0.0,-2.0794415416798357,0.0,-4.928159072272017,0.0,-0.2229625394574395,0.0,0.061213136738692775,0.0,0.5036662988881915,0.0,6.665683717782408,0.0,-7.405495663199472,0.0,2.8946361566826226,0.0,-3.532161378781433,0.0,1.8881627912818653,0.0,0.50941119637318,0.0
2025-08-17 08:00:00,0.0,0.0,0.0,0.0,0.0,0.0,-2.0794415416798357,0.0,-4.928159072272017,0.0,-0.2229625394574395,0.0,0.061213136738692775,0.0,0.5036662988881915,0.0,6.665683717782408,0.0,-7.405495663199472,0.0,2.8946361566826226,0.0,-3.532161378781433,0.0,1.8881627912818653,0.0
2025-08-17 09:00:00,0.0,0.0,0.0,0.0,0.0,0.0,0.0,0.0,-2.0794415416798357,0.0,-4.928159072272017,0.0,-0.2229625394574395,0.0,0.061213136738692775,0.0,0.5036662988881915,0.0,6.665683717782408,0.0,-7.405495663199472,0.0,2.8946361566826226,0.0,-3.532161378781433,0.0
2025-08-17 10:00:00,0.0,0.0,0.0,0.0,0.0,0.0,0.0,0.0,0.0,0.0,-2.0794415416798357,0.0,-4.928159072272017,0.0,-0.2229625394574395,0.0,0.061213136738692775,0.0,0.5036662988881915,0.0,6.665683717782408,0.0,-7.405495663199472,0.0,2.8946361566826226,0.0
2025-08-17 11:00:00,0.0,0.0,0.0,0.0,0.0,0.0,0.0,0.0,0.0,0.0,0.0,0.0,-2.0794415416798357,0.0,-4.928159072272017,0.0,-0.2229625394574395,0.0,0.061213136738692775,0.0,0.5036662988881915,0.0,6.665683717782408,0.0,-7.405495663199472,0.0
2025-08-17 12:00:00,0.0,0.0,0.0,0.0,0.0,0.0,0.0,0.0,0.0,0.0,0.0,0.0,0.0,0.0,-2.0794415416798357,0.0,-4.928159072272017,0.0,-0.2229625394574395,0.0,0.061213136738692775,0.0,0.5036662988881915,0.0,6.665683717782408,0.0
2025-08-17 13:00:00,0.0,0.0,0.0,0.0,0.0,0.0,0.0,0.0,0.0,0.0,0.0,0.0,0.0,0.0,0.0,0.0,-2.0794415416798357,0.0,-4.928159072272017,0.0,-0.2229625394574395,0.0,0.061213136738692775,0.0,0.5036662988881915,0.0
2025-08-17 14:00:00,0.0,0.0,0.0,0.0,0.0,0.0,0.0,0.0,0.0,0.0,0.0,0.0,0.0,0.0,0.0,0.0,0.0,0.0,-2.0794415416798357,0.0,-4.928159072272017,0.0,-0.2229625394574395,0.0,0.061213136738692775,0.0
2025-08-17 15:00:00,7.134093721192866,0.0,0.0,0.0,0.0,0.0,0.0,0.0,0.0,0.0,0.0,0.0,0.0,0.0,0.0,0.0,0.0,0.0,0.0,0.0,-2.0794415416798357,0.0,-4.928159072272017,0.0,-0.2229625394574395,0.0
2025-08-17 16:00:00,-7.134093721192866,0.0,7.134093721192866,0.0,0.0,0.0,0.0,0.0,0.0,0.0,0.0,0.0,0.0,0.0,0.0,0.0,0.0,0.0,0.0,0.0,0.0,0.0,-2.0794415416798357,0.0,-4.928159072272017,0.0
2025-08-17 17:00:00,5.2832037287379885,0.0,-7.134093721192866,0.0,7.134093721192866,0.0,0.0,0.0,0.0,0.0,0.0,0.0,0.0,0.0,0.0,0.0,0.0,0.0,0.0,0.0,0.0,0.0,0.0,0.0,-2.0794415416798357,0.0
2025-08-17 18:00:00,-5.2832037287379885,0.0,5.2832037287379885,0.0,-7.134093721192866,0.0,7.134093721192866,0.0,0.0,0.0,0.0,0.0,0.0,0.0,0.0,0.0,0.0,0.0,0.0,0.0,0.0,0.0,0.0,0.0,0.0,0.0
2025-08-17 19:00:00,0.0,0.0,-5.2832037287379885,0.0,5.2832037287379885,0.0,-7.134093721192866,0.0,7.134093721192866,0.0,0.0,0.0,0.0,0.0,0.0,0.0,0.0,0.0,0.0,0.0,0.0,0.0,0.0,0.0,0.0,0.0
2025-08-17 20:00:00,0.0,0.0,0.0,0.0,-5.2832037287379885,0.0,5.2832037287379885,0.0,-7.134093721192866,0.0,7.134093721192866,0.0,0.0,0.0,0.0,0.0,0.0,0.0,0.0,0.0,0.0,0.0,0.0,0.0,0.0,0.0
2025-08-17 21:00:00,0.0,0.0,0.0,0.0,0.0,0.0,-5.2832037287379885,0.0,5.2832037287379885,0.0,-7.134093721192866,0.0,7.134093721192866,0.0,0.0,0.0,0.0,0.0,0.0,0.0,0.0,0.0,0.0,0.0,0.0,0.0
2025-08-17 22:00:00,6.665683717782408,0.0,0.0,0.0,0.0,0.0,0.0,0.0,-5.2832037287379885,0.0,5.2832037287379885,0.0,-7.134093721192866,0.0,7.134093721192866,0.0,0.0,0.0,0.0,0.0,0.0,0.0,0.0,0.0,0.0,0.0
2025-08-17 23:00:00,-4.2677884449840375,0.0,6.665683717782408,0.0,0.0,0.0,0.0,0.0,0.0,0.0,-5.2832037287379885,0.0,5.2832037287379885,0.0,-7.134093721192866,0.0,7.134093721192866,0.0,0.0,0.0,0.0,0.0,0.0,0.0,0.0,0.0
2025-08-18 00:00:00,-2.3978952727983707,0.0,-4.2677884449840375,0.0,6.665683717782408,0.0,0.0,0.0,0.0,0.0,0.0,0.0,-5.2832037287379885,0.0,5.2832037287379885,0.0,-7.134093721192866,0.0,7.134093721192866,0.0,0.0,0.0,0.0,0.0,0.0,0.0
2025-08-18 01:00:00,0.0,0.0,-2.3978952727983707,0.0,-4.2677884449840375,0.0,6.665683717782408,0.0,0.0,0.0,0.0,0.0,0.0,0.0,-5.2832037287379885,0.0,5.2832037287379885,0.0,-7.134093721192866,0.0,7.134093721192866,0.0,0.0,0.0,0.0,0.0
2025-08-18 02:00:00,6.091309882077698,0.0,0.0,0.0,-2.3978952727983707,0.0,-4.2677884449840375,0.0,6.665683717782408,0.0,0.0,0.0,0.0,0.0,0.0,0.0,-5.2832037287379885,0.0,5.2832037287379885,0.0,-7.134093721192866,0.0,7.134093721192866,0.0,0.0,0.0
2025-08-18 03:00:00,-6.091309882077698,0.0,6.091309882077698,0.0,0.0,0.0,-2.3978952727983707,0.0,-4.2677884449840375,0.0,6.665683717782408,0.0,0.0,0.0,0.0,0.0,0.0,0.0,-5.2832037287379885,0.0,5.2832037287379885,0.0,-7.134093721192866,0.0,7.134093721192866,0.0
2025-08-18 04:00:00,9.885781725417196,0.0,-6.091309882077698,0.0,6.091309882077698,0.0,0.0,0.0,-2.3978952727983707,0.0,-4.2677884449840375,0.0,6.665683717782408,0.0,0.0,0.0,0.0,0.0,0.0,0.0,-5.2832037287379885,0.0,5.2832037287379885,0.0,-7.134093721192866,0.0
2025-08-18 05:00:00,-9.885781725417196,0.0,9.885781725417196,0.0,-6.091309882077698,0.0,6.091309882077698,0.0,0.0,0.0,-2.3978952727983707,0.0,-4.2677884449840375,0.0,6.665683717782408,0.0,0.0,0.0,0.0,0.0,0.0,0.0,-5.2832037287379885,0.0,5.2832037287379885,0.0
2025-08-18 06:00:00,0.0,0.0,-9.885781725417196,0.0,9.885781725417196,0.0,-6.091309882077698,0.0,6.091309882077698,0.0,0.0,0.0,-2.3978952727983707,0.0,-4.2677884449840375,0.0,6.665683717782408,0.0,0.0,0.0,0.0,0.0,0.0,0.0,-5.2832037287379885,0.0
2025-08-18 07:00:00,0.0,0.0,0.0,0.0,-9.885781725417196,0.0,9.885781725417196,0.0,-6.091309882077698,0.0,6.091309882077698,0.0,0.0,0.0,-2.3978952727983707,0.0,-4.2677884449840375,0.0,6.665683717782408,0.0,0.0,0.0,0.0,0.0,0.0,0.0
2025-08-18 08:00:00,0.0,0.0,0.0,0.0,0.0,0.0,-9.885781725417196,0.0,9.885781725417196,0.0,-6.091309882077698,0.0,6.091309882077698,0.0,0.0,0.0,-2.3978952727983707,0.0,-4.2677884449840375,0.0,6.665683717782408,0.0,0.0,0.0,0.0,0.0
2025-08-18 09:00:00,0.0,0.0,0.0,0.0,0.0,0.0,0.0,0.0,-9.885781725417196,0.0,9.885781725417196,0.0,-6.091309882077698,0.0,6.091309882077698,0.0,0.0,0.0,-2.3978952727983707,0.0,-4.2677884449840375,0.0,6.665683717782408,0.0,0.0,0.0
2025-08-18 10:00:00,7.602401335665818,0.0,0.0,0.0,0.0,0.0,0.0,0.0,0.0,0.0,-9.885781725417196,0.0,9.885781725417196,0.0,-6.091309882077698,0.0,6.091309882077698,0.0,0.0,0.0,-2.3978952727983707,0.0,-4.2677884449840375,0.0,6.665683717782408,0.0
2025-08-18 11:00:00,-7.602401335665818,0.0,7.602401335665818,0.0,0.0,0.0,0.0,0.0,0.0,0.0,0.0,0.0,-9.885781725417196,0.0,9.885781725417196,0.0,-6.091309882077698,0.0,6.091309882077698,0.0,0.0,0.0,-2.3978952727983707,0.0,-4.2677884449840375,0.0
2025-08-18 12:00:00,6.752270376141742,0.0,-7.602401335665818,0.0,7.602401335665818,0.0,0.0,0.0,0.0,0.0,0.0,0.0,0.0,0.0,-9.885781725417196,0.0,9.885781725417196,0.0,-6.091309882077698,0.0,6.091309882077698,0.0,0.0,0.0,-2.3978952727983707,0.0
2025-08-18 13:00:00,-2.881069365233851,0.0,6.752270376141742,0.0,-7.602401335665818,0.0,7.602401335665818,0.0,0.0,0.0,0.0,0.0,0.0,0.0,0.0,0.0,-9.885781725417196,0.0,9.885781725417196,0.0,-6.091309882077698,0.0,6.091309882077698,0.0,0.0,0.0
2025-08-18 14:00:00,0.48550781578170055,0.0,-2.881069365233851,0.0,6.752270376141742,0.0,-7.602401335665818,0.0,7.602401335665818,0.0,0.0,0.0,0.0,0.0,0.0,0.0,0.0,0.0,-9.885781725417196,0.0,9.885781725417196,0.0,-6.091309882077698,0.0,6.091309882077698,0.0
2025-08-18 15:00:00,0.9515588707116134,0.0,0.48550781578170055,0.0,-2.881069365233851,0.0,6.752270376141742,0.0,-7.602401335665818,0.0,7.602401335665818,0.0,0.0,0.0,0.0,0.0,0.0,0.0,0.0,0.0,-9.885781725417196,0.0,9.885781725417196,0.0,-6.091309882077698,0.0
2025-08-18 16:00:00,-5.308267697401205,0.0,0.9515588707116134,0.0,0.48550781578170055,0.0,-2.881069365233851,0.0,6.752270376141742,0.0,-7.602401335665818,0.0,7.602401335665818,0.0,0.0,0.0,0.0,0.0,0.0,0.0,0.0,0.0,-9.885781725417196,0.0,9.885781725417196,0.0
2025-08-18 17:00:00,5.147494476813453,0.0,-5.308267697401205,0.0,0.9515588707116134,0.0,0.48550781578170055,0.0,-2.881069365233851,0.0,6.752270376141742,0.0,-7.602401335665818,0.0,7.602401335665818,0.0,0.0,0.0,0.0,0.0,0.0,0.0,0.0,0.0,-9.885781725417196,0.0
2025-08-18 18:00:00,-5.147494476813453,0.0,5.147494476813453,0.0,-5.308267697401205,0.0,0.9515588707116134,0.0,0.48550781578170055,0.0,-2.881069365233851,0.0,6.752270376141742,0.0,-7.602401335665818,0.0,7.602401335665818,0.0,0.0,0.0,0.0,0.0,0.0,0.0,0.0,0.0
2025-08-18 19:00:00,0.0,0.0,-5.147494476813453,0.0,5.147494476813453,0.0,-5.308267697401205,0.0,0.9515588707116134,0.0,0.48550781578170055,0.0,-2.881069365233851,0.0,6.752270376141742,0.0,-7.602401335665818,0.0,7.602401335665818,0.0,0.0,0.0,0.0,0.0,0.0,0.0
2025-08-18 20:00:00,3.784189633918261,0.0,0.0,0.0,-5.147494476813453,0.0,5.147494476813453,0.0,-5.308267697401205,0.0,0.9515588707116134,0.0,0.48550781578170055,0.0,-2.881069365233851,0.0,6.752270376141742,0.0,-7.602401335665818,0.0,7.602401335665818,0.0,0.0,0.0,0.0,0.0
2025-08-18 21:00:00,-3.784189633918261,0.0,3.784189633918261,0.0,0.0,0.0,-5.147494476813453,0.0,5.147494476813453,0.0,-5.308267697401205,0.0,0.9515588707116134,0.0,0.48550781578170055,0.0,-2.881069365233851,0.0,6.752270376141742,0.0,-7.602401335665818,0.0,7.602401335665818,0.0,0.0,0.0
2025-08-18 22:00:00,6.975413927455952,0.0,-3.784189633918261,0.0,3.784189633918261,0.0,0.0,0.0,-5.147494476813453,0.0,5.147494476813453,0.0,-5.308267697401205,0.0,0.9515588707116134,0.0,0.48550781578170055,0.0,-2.881069365233851,0.0,6.752270376141742,0.0,-7.602401335665818,0.0,7.602401335665818,0.0
2025-08-18 23:00:00,-0.06665914814073126,0.0,6.975413927455952,0.0,-3.784189633918261,0.0,3.784189633918261,0.0,0.0,0.0,-5.147494476813453,0.0,5.147494476813453,0.0,-5.308267697401205,0.0,0.9515588707116134,0.0,0.48550781578170055,0.0,-2.881069365233851,0.0,6.752270376141742,0.0,-7.602401335665818,0.0
2025-08-19 00:00:00,-0.6901546596234915,0.0,-0.06665914814073126,0.0,6.975413927455952,0.0,-3.784189633918261,0.0,3.784189633918261,0.0,0.0,0.0,-5.147494476813453,0.0,5.147494476813453,0.0,-5.308267697401205,0.0,0.9515588707116134,0.0,0.48550781578170055,0.0,-2.881069365233851,0.0,6.752270376141742,0.0
2025-08-19 01:00:00,-6.218600119691729,0.0,-0.6901546596234915,0.0,-0.06665914814073126,0.0,6.975413927455952,0.0,-3.784189633918261,0.0,3.784189633918261,0.0,0.0,0.0,-5.147494476813453,0.0,5.147494476813453,0.0,-5.308267697401205,0.0,0.9515588707116134,0.0,0.48550781578170055,0.0,-2.881069365233851,0.0
2025-08-19 02:00:00,9.211439767419483,0.0,-6.218600119691729,0.0,-0.6901546596234915,0.0,-0.06665914814073126,0.0,6.975413927455952,0.0,-3.784189633918261,0.0,3.784189633918261,0.0,0.0,0.0,-5.147494476813453,0.0,5.147494476813453,0.0,-5.308267697401205,0.0,0.9515588707116134,0.0,0.48550781578170055,0.0
2025-08-19 03:00:00,-4.596319250578223,0.0,9.211439767419483,0.0,-6.218600119691729,0.0,-0.6901546596234915,0.0,-0.06665914814073126,0.0,6.975413927455952,0.0,-3.784189633918261,0.0,3.784189633918261,0.0,0.0,0.0,-5.147494476813453,0.0,5.147494476813453,0.0,-5.308267697401205,0.0,0.9515588707116134,0.0
2025-08-19 04:00:00,-4.61512051684126,0.0,-4.596319250578223,0.0,9.211439767419483,0.0,-6.218600119691729,0.0,-0.6901546596234915,0.0,-0.06665914814073126,0.0,6.975413927455952,0.0,-3.784189633918261,0.0,3.784189633918261,0.0,0.0,0.0,-5.147494476813453,0.0,5.147494476813453,0.0,-5.308267697401205,0.0
2025-08-19 05:00:00,0.0,0.0,-4.61512051684126,0.0,-4.596319250578223,0.0,9.211439767419483,0.0,-6.218600119691729,0.0,-0.6901546596234915,0.0,-0.06665914814073126,0.0,6.975413927455952,0.0,-3.784189633918261,0.0,3.784189633918261,0.0,0.0,0.0,-5.147494476813453,0.0,5.147494476813453,0.0
2025-08-19 06:00:00,1.791759469228055,0.0,0.0,0.0,-4.61512051684126,0.0,-4.596319250578223,0.0,9.211439767419483,0.0,-6.218600119691729,0.0,-0.6901546596234915,0.0,-0.06665914814073126,0.0,6.975413927455952,0.0,-3.784189633918261,0.0,3.784189633918261,0.0,0.0,0.0,-5.147494476813453,0.0
2025-08-19 07:00:00,-1.791759469228055,0.0,1.791759469228055,0.0,0.0,0.0,-4.61512051684126,0.0,-4.596319250578223,0.0,9.211439767419483,0.0,-6.218600119691729,0.0,-0.6901546596234915,0.0,-0.06665914814073126,0.0,6.975413927455952,0.0,-3.784189633918261,0.0,3.784189633918261,0.0,0.0,0.0
2025-08-19 08:00:00,0.0,0.0,-1.791759469228055,0.0,1.791759469228055,0.0,0.0,0.0,-4.61512051684126,0.0,-4.596319250578223,0.0,9.211439767419483,0.0,-6.218600119691729,0.0,-0.6901546596234915,0.0,-0.06665914814073126,0.0,6.975413927455952,0.0,-3.784189633918261,0.0,3.784189633918261,0.0
2025-08-19 09:00:00,0.0,0.0,0.0,0.0,-1.791759469228055,0.0,1.791759469228055,0.0,0.0,0.0,-4.61512051684126,0.0,-4.596319250578223,0.0,9.211439767419483,0.0,-6.218600119691729,0.0,-0.6901546596234915,0.0,-0.06665914814073126,0.0,6.975413927455952,0.0,-3.784189633918261,0.0
2025-08-19 10:00:00,0.0,0.0,0.0,0.0,0.0,0.0,-1.791759469228055,0.0,1.791759469228055,0.0,0.0,0.0,-4.61512051684126,0.0,-4.596319250578223,0.0,9.211439767419483,0.0,-6.218600119691729,0.0,-0.6901546596234915,0.0,-0.06665914814073126,0.0,6.975413927455952,0.0
2025-08-19 11:00:00,0.0,0.0,0.0,0.0,0.0,0.0,0.0,0.0,-1.791759469228055,0.0,1.791759469228055,0.0,0.0,0.0,-4.61512051684126,0.0,-4.596319250578223,0.0,9.211439767419483,0.0,-6.218600119691729,0.0,-0.6901546596234915,0.0,-0.06665914814073126,0.0
2025-08-19 12:00:00,6.311734809152915,0.0,0.0,0.0,0.0,0.0,0.0,0.0,0.0,0.0,-1.791759469228055,0.0,1.791759469228055,0.0,0.0,0.0,-4.61512051684126,0.0,-4.596319250578223,0.0,9.211439767419483,0.0,-6.218600119691729,0.0,-0.6901546596234915,0.0
2025-08-19 13:00:00,-6.311734809152915,0.0,6.311734809152915,0.0,0.0,0.0,0.0,0.0,0.0,0.0,0.0,0.0,-1.791759469228055,0.0,1.791759469228055,0.0,0.0,0.0,-4.61512051684126,0.0,-4.596319250578223,0.0,9.211439767419483,0.0,-6.218600119691729,0.0
2025-08-19 14:00:00,0.0,0.0,-6.311734809152915,0.0,6.311734809152915,0.0,0.0,0.0,0.0,0.0,0.0,0.0,0.0,0.0,-1.791759469228055,0.0,1.791759469228055,0.0,0.0,0.0,-4.61512051684126,0.0,-4.596319250578223,0.0,9.211439767419483,0.0
2025-08-19 15:00:00,5.883322388488279,0.0,0.0,0.0,-6.311734809152915,0.0,6.311734809152915,0.0,0.0,0.0,0.0,0.0,0.0,0.0,0.0,0.0,-1.791759469228055,0.0,1.791759469228055,0.0,0.0,0.0,-4.61512051684126,0.0,-4.596319250578223,0.0
2025-08-19 16:00:00,-1.0081250652871274,0.0,5.883322388488279,0.0,0.0,0.0,-6.311734809152915,0.0,6.311734809152915,0.0,0.0,0.0,0.0,0.0,0.0,0.0,0.0,0.0,-1.791759469228055,0.0,1.791759469228055,0.0,0.0,0.0,-4.61512051684126,0.0
2025-08-19 17:00:00,4.083085487296179,0.0,-1.0081250652871274,0.0,5.883322388488279,0.0,0.0,0.0,-6.311734809152915,0.0,6.311734809152915,0.0,0.0,0.0,0.0,0.0,0.0,0.0,0.0,0.0,-1.791759469228055,0.0,1.791759469228055,0.0,0.0,0.0
2025-08-19 18:00:00,1.644234585756898,0.0,4.083085487296179,0.0,-1.0081250652871274,0.0,5.883322388488279,0.0,0.0,0.0,-6.311734809152915,0.0,6.311734809152915,0.0,0.0,0.0,0.0,0.0,0.0,0.0,0.0,0.0,-1.791759469228055,0.0,1.791759469228055,0.0
2025-08-19 19:00:00,-5.939078302142161,0.0,1.644234585756898,0.0,4.083085487296179,0.0,-1.0081250652871274,0.0,5.883322388488279,0.0,0.0,0.0,-6.311734809152915,0.0,6.311734809152915,0.0,0.0,0.0,0.0,0.0,0.0,0.0,0.0,0.0,-1.791759469228055,0.0
2025-08-19 20:00:00,1.144703395868377,0.0,-5.939078302142161,0.0,1.644234585756898,0.0,4.083085487296179,0.0,-1.0081250652871274,0.0,5.883322388488279,0.0,0.0,0.0,-6.311734809152915,0.0,6.311734809152915,0.0,0.0,0.0,0.0,0.0,0.0,0.0,0.0,0.0
2025-08-19 21:00:00,-5.808142489980444,0.0,1.144703395868377,0.0,-5.939078302142161,0.0,1.644234585756898,0.0,4.083085487296179,0.0,-1.0081250652871274,0.0,5.883322388488279,0.0,0.0,0.0,-6.311734809152915,0.0,6.311734809152915,0.0,0.0,0.0,0.0,0.0,0.0,0.0
2025-08-19 22:00:00,0.0,0.0,-5.808142489980444,0.0,1.144703395868377,0.0,-5.939078302142161,0.0,1.644234585756898,0.0,4.083085487296179,0.0,-1.0081250652871274,0.0,5.883322388488279,0.0,0.0,0.0,-6.311734809152915,0.0,6.311734809152915,0.0,0.0,0.0,0.0,0.0
2025-08-19 23:00:00,0.0,0.0,0.0,0.0,-5.808142489980444,0.0,1.144703395868377,0.0,-5.939078302142161,0.0,1.644234585756898,0.0,4.083085487296179,0.0,-1.0081250652871274,0.0,5.883322388488279,0.0,0.0,0.0,-6.311734809152915,0.0,6.311734809152915,0.0,0.0,0.0
2025-08-20 00:00:00,0.0,0.0,0.0,0.0,0.0,0.0,-5.808142489980444,0.0,1.144703395868377,0.0,-5.939078302142161,0.0,1.644234585756898,0.0,4.083085487296179,0.0,-1.0081250652871274,0.0,5.883322388488279,0.0,0.0,0.0,-6.311734809152915,0.0,6.311734809152915,0.0
2025-08-20 01:00:00,3.332204510175204,0.0,0.0,0.0,0.0,0.0,0.0,0.0,-5.808142489980444,0.0,1.144703395868377,0.0,-5.939078302142161,0.0,1.644234585756898,0.0,4.083085487296179,0.0,-1.0081250652871274,0.0,5.883322388488279,0.0,0.0,0.0,-6.311734809152915,0.0
2025-08-20 02:00:00,2.205129756843333,0.0,3.332204510175204,0.0,0.0,0.0,0.0,0.0,0.0,0.0,-5.808142489980444,0.0,1.144703395868377,0.0,-5.939078302142161,0.0,1.644234585756898,0.0,4.083085487296179,0.0,-1.0081250652871274,0.0,5.883322388488279,0.0,0.0,0.0
2025-08-20 03:00:00,2.5751934964601,0.0,2.205129756843333,0.0,3.332204510175204,0.0,0.0,0.0,0.0,0.0,0.0,0.0,-5.808142489980444,0.0,1.144703395868377,0.0,-5.939078302142161,0.0,1.644234585756898,0.0,4.083085487296179,0.0,-1.0081250652871274,0.0,5.883322388488279,0.0
2025-08-20 04:00:00,-2.0144534813123967,0.0,2.5751934964601,0.0,2.205129756843333,0.0,3.332204510175204,0.0,0.0,0.0,0.0,0.0,0.0,0.0,-5.808142489980444,0.0,1.144703395868377,0.0,-5.939078302142161,0.0,1.644234585756898,0.0,4.083085487296179,0.0,-1.0081250652871274,0.0
2025-08-20 05:00:00,-6.09807428216624,0.0,-2.0144534813123967,0.0,2.5751934964601,0.0,2.205129756843333,0.0,3.332204510175204,0.0,0.0,0.0,0.0,0.0,0.0,0.0,-5.808142489980444,0.0,1.144703395868377,0.0,-5.939078302142161,0.0,1.644234585756898,0.0,4.083085487296179,0.0
2025-08-20 06:00:00,0.0,0.0,-6.09807428216624,0.0,-2.0144534813123967,0.0,2.5751934964601,0.0,2.205129756843333,0.0,3.332204510175204,0.0,0.0,0.0,0.0,0.0,0.0,0.0,-5.808142489980444,0.0,1.144703395868377,0.0,-5.939078302142161,0.0,1.644234585756898,0.0
2025-08-20 07:00:00,0.0,0.0,0.0,0.0,-6.09807428216624,0.0,-2.0144534813123967,0.0,2.5751934964601,0.0,2.205129756843333,0.0,3.332204510175204,0.0,0.0,0.0,0.0,0.0,0.0,0.0,-5.808142489980444,0.0,1.144703395868377,0.0,-5.939078302142161,0.0
2025-08-20 08:00:00,0.0,0.0,0.0,0.0,0.0,0.0,-6.09807428216624,0.0,-2.0144534813123967,0.0,2.5751934964601,0.0,2.205129756843333,0.0,3.332204510175204,0.0,0.0,0.0,0.0,0.0,0.0,0.0,-5.808142489980444,0.0,1.144703395868377,0.0
2025-08-20 09:00:00,0.0,0.0,0.0,0.0,0.0,0.0,0.0,0.0,-6.09807428216624,0.0,-2.0144534813123967,0.0,2.5751934964601,0.0,2.205129756843333,0.0,3.332204510175204,0.0,0.0,0.0,0.0,0.0,0.0,0.0,-5.808142489980444,0.0
2025-08-20 10:00:00,4.61512051684126,0.0,0.0,0.0,0.0,0.0,0.0,0.0,0.0,0.0,-6.09807428216624,0.0,-2.0144534813123967,0.0,2.5751934964601,0.0,2.205129756843333,0.0,3.332204510175204,0.0,0.0,0.0,0.0,0.0,0.0,0.0
2025-08-20 11:00:00,-0.22067136216882055,0.0,4.61512051684126,0.0,0.0,0.0,0.0,0.0,0.0,0.0,0.0,0.0,-6.09807428216624,0.0,-2.0144534813123967,0.0,2.5751934964601,0.0,2.205129756843333,0.0,3.332204510175204,0.0,0.0,0.0,0.0,0.0
2025-08-20 12:00:00,-4.394449154672439,0.0,-0.22067136216882055,0.0,4.61512051684126,0.0,0.0,0.0,0.0,0.0,0.0,0.0,0.0,0.0,-6.09807428216624,0.0,-2.0144534813123967,0.0,2.5751934964601,0.0,2.205129756843333,0.0,3.332204510175204,0.0,0.0,0.0
2025-08-20 13:00:00,0.0,0.0,-4.394449154672439,0.0,-0.22067136216882055,0.0,4.61512051684126,0.0,0.0,0.0,0.0,0.0,0.0,0.0,0.0,0.0,-6.09807428216624,0.0,-2.0144534813123967,0.0,2.5751934964601,0.0,2.205129756843333,0.0,3.332204510175204,0.0
2025-08-20 14:00:00,0.0,0.0,0.0,0.0,-4.394449154672439,0.0,-0.22067136216882055,0.0,4.61512051684126,0.0,0.0,0.0,0.0,0.0,0.0,0.0,0.0,0.0,-6.09807428216624,0.0,-2.0144534813123967,0.0,2.5751934964601,0.0,2.205129756843333,0.0
2025-08-20 15:00:00,8.39795910349254,0.0,0.0,0.0,0.0,0.0,-4.394449154672439,0.0,-0.22067136216882055,0.0,4.61512051684126,0.0,0.0,0.0,0.0,0.0,0.0,0.0,0.0,0.0,-6.09807428216624,0.0,-2.0144534813123967,0.0,2.5751934964601,0.0
2025-08-20 16:00:00,-8.39795910349254,0.0,8.39795910349254,0.0,0.0,0.0,0.0,0.0,-4.394449154672439,0.0,-0.22067136216882055,0.0,4.61512051684126,0.0,0.0,0.0,0.0,0.0,0.0,0.0,0.0,0.0,-6.09807428216624,0.0,-2.0144534813123967,0.0
2025-08-20 17:00:00,4.736198448394496,0.0,-8.39795910349254,0.0,8.39795910349254,0.0,0.0,0.0,0.0,0.0,-4.394449154672439,0.0,-0.22067136216882055,0.0,4.61512051684126,0.0,0.0,0.0,0.0,0.0,0.0,0.0,0.0,0.0,-6.09807428216624,0.0
2025-08-20 18:00:00,-0.34174929372205654,0.0,4.736198448394496,0.0,-8.39795910349254,0.0,8.39795910349254,0.0,0.0,0.0,0.0,0.0,-4.394449154672439,0.0,-0.22067136216882055,0.0,4.61512051684126,0.0,0.0,0.0,0.0,0.0,0.0,0.0,0.0,0.0
2025-08-20 19:00:00,4.643915952563932,0.0,-0.34174929372205654,0.0,4.736198448394496,0.0,-8.39795910349254,0.0,8.39795910349254,0.0,0.0,0.0,0.0,0.0,-4.394449154672439,0.0,-0.22067136216882055,0.0,4.61512051684126,0.0,0.0,0.0,0.0,0.0,0.0,0.0
2025-08-20 20:00:00,-5.27716499154281,0.0,4.643915952563932,0.0,-0.34174929372205654,0.0,4.736198448394496,0.0,-8.39795910349254,0.0,8.39795910349254,0.0,0.0,0.0,0.0,0.0,-4.394449154672439,0.0,-0.22067136216882055,0.0,4.61512051684126,0.0,0.0,0.0,0.0,0.0
2025-08-20 21:00:00,0.11000089521432876,0.0,-5.27716499154281,0.0,4.643915952563932,0.0,-0.34174929372205654,0.0,4.736198448394496,0.0,-8.39795910349254,0.0,8.39795910349254,0.0,0.0,0.0,0.0,0.0,-4.394449154672439,0.0,-0.22067136216882055,0.0,4.61512051684126,0.0,0.0,0.0
2025-08-20 22:00:00,-0.6523251860396906,0.0,0.11000089521432876,0.0,-5.27716499154281,0.0,4.643915952563932,0.0,-0.34174929372205654,0.0,4.736198448394496,0.0,-8.39795910349254,0.0,8.39795910349254,0.0,0.0,0.0,0.0,0.0,-4.394449154672439,0.0,-0.22067136216882055,0.0,4.61512051684126,0.0
2025-08-20 23:00:00,-3.2188758248682006,0.0,-0.6523251860396906,0.0,0.11000089521432876,0.0,-5.27716499154281,0.0,4.643915952563932,0.0,-0.34174929372205654,0.0,4.736198448394496,0.0,-8.39795910349254,0.0,8.39795910349254,0.0,0.0,0.0,0.0,0.0,-4.394449154672439,0.0,-0.22067136216882055,0.0
2025-08-21 00:00:00,8.293299358711323,0.0,-3.2188758248682006,0.0,-0.6523251860396906,0.0,0.11000089521432876,0.0,-5.27716499154281,0.0,4.643915952563932,0.0,-0.34174929372205654,0.0,4.736198448394496,0.0,-8.39795910349254,0.0,8.39795910349254,0.0,0.0,0.0,0.0,0.0,-4.394449154672439,0.0
2025-08-21 01:00:00,-3.1003425078211126,0.0,8.293299358711323,0.0,-3.2188758248682006,0.0,-0.6523251860396906,0.0,0.11000089521432876,0.0,-5.27716499154281,0.0,4.643915952563932,0.0,-0.34174929372205654,0.0,4.736198448394496,0.0,-8.39795910349254,0.0,8.39795910349254,0.0,0.0,0.0,0.0,0.0
2025-08-21 02:00:00,-5.19295685089021,0.0,-3.1003425078211126,0.0,8.293299358711323,0.0,-3.2188758248682006,0.0,-0.6523251860396906,0.0,0.11000089521432876,0.0,-5.27716499154281,0.0,4.643915952563932,0.0,-0.34174929372205654,0.0,4.736198448394496,0.0,-8.39795910349254,0.0,8.39795910349254,0.0,0.0,0.0
2025-08-21 03:00:00,8.212297138229768,0.0,-5.19295685089021,0.0,-3.1003425078211126,0.0,8.293299358711323,0.0,-3.2188758248682006,0.0,-0.6523251860396906,0.0,0.11000089521432876,0.0,-5.27716499154281,0.0,4.643915952563932,0.0,-0.34174929372205654,0.0,4.736198448394496,0.0,-8.39795910349254,0.0,8.39795910349254,0.0
2025-08-21 04:00:00,-1.3065438619183043,0.0,8.212297138229768,0.0,-5.19295685089021,0.0,-3.1003425078211126,0.0,8.293299358711323,0.0,-3.2188758248682006,0.0,-0.6523251860396906,0.0,0.11000089521432876,0.0,-5.27716499154281,0.0,4.643915952563932,0.0,-0.34174929372205654,0.0,4.736198448394496,0.0,-8.39795910349254,0.0
2025-08-21 05:00:00,-6.905753276311464,0.0,-1.3065438619183043,0.0,8.212297138229768,0.0,-5.19295685089021,0.0,-3.1003425078211126,0.0,8.293299358711323,0.0,-3.2188758248682006,0.0,-0.6523251860396906,0.0,0.11000089521432876,0.0,-5.27716499154281,0.0,4.643915952563932,0.0,-0.34174929372205654,0.0,4.736198448394496,0.0
2025-08-21 06:00:00,0.0,0.0,-6.905753276311464,0.0,-1.3065438619183043,0.0,8.212297138229768,0.0,-5.19295685089021,0.0,-3.1003425078211126,0.0,8.293299358711323,0.0,-3.2188758248682006,0.0,-0.6523251860396906,0.0,0.11000089521432876,0.0,-5.27716499154281,0.0,4.643915952563932,0.0,-0.34174929372205654,0.0
2025-08-21 07:00:00,0.0,0.0,0.0,0.0,-6.905753276311464,0.0,-1.3065438619183043,0.0,8.212297138229768,0.0,-5.19295685089021,0.0,-3.1003425078211126,0.0,8.293299358711323,0.0,-3.2188758248682006,0.0,-0.6523251860396906,0.0,0.11000089521432876,0.0,-5.27716499154281,0.0,4.643915952563932,0.0
2025-08-21 08:00:00,0.0,0.0,0.0,0.0,0.0,0.0,-6.905753276311464,0.0,-1.3065438619183043,0.0,8.212297138229768,0.0,-5.19295685089021,0.0,-3.1003425078211126,0.0,8.293299358711323,0.0,-3.2188758248682006,0.0,-0.6523251860396906,0.0,0.11000089521432876,0.0,-5.27716499154281,0.0
2025-08-21 09:00:00,0.0,0.0,0.0,0.0,0.0,0.0,0.0,0.0,-6.905753276311464,0.0,-1.3065438619183043,0.0,8.212297138229768,0.0,-5.19295685089021,0.0,-3.1003425078211126,0.0,8.293299358711323,0.0,-3.2188758248682006,0.0,-0.6523251860396906,0.0,0.11000089521432876,0.0
2025-08-21 10:00:00,0.0,0.0,0.0,0.0,0.0,0.0,0.0,0.0,0.0,0.0,-6.905753276311464,0.0,-1.3065438619183043,0.0,8.212297138229768,0.0,-5.19295685089021,0.0,-3.1003425078211126,0.0,8.293299358711323,0.0,-3.2188758248682006,0.0,-0.6523251860396906,0.0
2025-08-21 11:00:00,0.0,0.0,0.0,0.0,0.0,0.0,0.0,0.0,0.0,0.0,0.0,0.0,-6.905753276311464,0.0,-1.3065438619183043,0.0,8.212297138229768,0.0,-5.19295685089021,0.0,-3.1003425078211126,0.0,8.293299358711323,0.0,-3.2188758248682006,0.0
2025-08-21 12:00:00,2.5649493574615367,0.0,0.0,0.0,0.0,0.0,0.0,0.0,0.0,0.0,0.0,0.0,0.0,0.0,-6.905753276311464,0.0,-1.3065438619183043,0.0,8.212297138229768,0.0,-5.19295685089021,0.0,-3.1003425078211126,0.0,8.293299358711323,0.0
2025-08-21 13:00:00,3.933332792014897,0.0,2.5649493574615367,0.0,0.0,0.0,0.0,0.0,0.0,0.0,0.0,0.0,0.0,0.0,0.0,0.0,-6.905753276311464,0.0,-1.3065438619183043,0.0,8.212297138229768,0.0,-5.19295685089021,0.0,-3.1003425078211126,0.0
2025-08-21 14:00:00,1.3108532486441042,0.0,3.933332792014897,0.0,2.5649493574615367,0.0,0.0,0.0,0.0,0.0,0.0,0.0,0.0,0.0,0.0,0.0,0.0,0.0,-6.905753276311464,0.0,-1.3065438619183043,0.0,8.212297138229768,0.0,-5.19295685089021,0.0
2025-08-21 15:00:00,-7.809135398120538,0.0,1.3108532486441042,0.0,3.933332792014897,0.0,2.5649493574615367,0.0,0.0,0.0,0.0,0.0,0.0,0.0,0.0,0.0,0.0,0.0,0.0,0.0,-6.905753276311464,0.0,-1.3065438619183043,0.0,8.212297138229768,0.0
2025-08-21 16:00:00,0.0,0.0,-7.809135398120538,0.0,1.3108532486441042,0.0,3.933332792014897,0.0,2.5649493574615367,0.0,0.0,0.0,0.0,0.0,0.0,0.0,0.0,0.0,0.0,0.0,0.0,0.0,-6.905753276311464,0.0,-1.3065438619183043,0.0
2025-08-21 17:00:00,0.0,0.0,0.0,0.0,-7.809135398120538,0.0,1.3108532486441042,0.0,3.933332792014897,0.0,2.5649493574615367,0.0,0.0,0.0,0.0,0.0,0.0,0.0,0.0,0.0,0.0,0.0,0.0,0.0,-6.905753276311464,0.0
2025-08-21 18:00:00,0.0,0.0,0.0,0.0,0.0,0.0,-7.809135398120538,0.0,1.3108532486441042,0.0,3.933332792014897,0.0,2.5649493574615367,0.0,0.0,0.0,0.0,0.0,0.0,0.0,0.0,0.0,0.0,0.0,0.0,0.0
2025-08-21 19:00:00,0.0,0.0,0.0,0.0,0.0,0.0,0.0,0.0,-7.809135398120538,0.0,1.3108532486441042,0.0,3.933332792014897,0.0,2.5649493574615367,0.0,0.0,0.0,0.0,0.0,0.0,0.0,0.0,0.0,0.0,0.0
2025-08-21 20:00:00,4.6443908991413725,0.0,0.0,0.0,0.0,0.0,0.0,0.0,0.0,0.0,-7.809135398120538,0.0,1.3108532486441042,0.0,3.933332792014897,0.0,2.5649493574615367,0.0,0.0,0.0,0.0,0.0,0.0,0.0,0.0,0.0
2025-08-21 21:00:00,-0.09051400754083172,0.0,4.6443908991413725,0.0,0.0,0.0,0.0,0.0,0.0,0.0,0.0,0.0,-7.809135398120538,0.0,1.3108532486441042,0.0,3.933332792014897,0.0,2.5649493574615367,0.0,0.0,0.0,0.0,0.0,0.0,0.0
2025-08-21 22:00:00,-4.553876891600541,0.0,-0.09051400754083172,0.0,4.6443908991413725,0.0,0.0,0.0,0.0,0.0,0.0,0.0,0.0,0.0,-7.809135398120538,0.0,1.3108532486441042,0.0,3.933332792014897,0.0,2.5649493574615367,0.0,0.0,0.0,0.0,0.0
2025-08-21 23:00:00,6.846943139585379,0.0,-4.553876891600541,0.0,-0.09051400754083172,0.0,4.6443908991413725,0.0,0.0,0.0,0.0,0.0,0.0,0.0,0.0,0.0,-7.809135398120538,0.0,1.3108532486441042,0.0,3.933332792014897,0.0,2.5649493574615367,0.0,0.0,0.0
2025-08-22 00:00:00,-6.846943139585379,0.0,6.846943139585379,0.0,-4.553876891600541,0.0,-0.09051400754083172,0.0,4.6443908991413725,0.0,0.0,0.0,0.0,0.0,0.0,0.0,0.0,0.0,-7.809135398120538,0.0,1.3108532486441042,0.0,3.933332792014897,0.0,2.5649493574615367,0.0
2025-08-22 01:00:00,0.0,0.0,-6.846943139585379,0.0,6.846943139585379,0.0,-4.553876891600541,0.0,-0.09051400754083172,0.0,4.6443908991413725,0.0,0.0,0.0,0.0,0.0,0.0,0.0,0.0,0.0,-7.809135398120538,0.0,1.3108532486441042,0.0,3.933332792014897,0.0
2025-08-22 02:00:00,7.756195343948118,0.0,0.0,0.0,-6.846943139585379,0.0,6.846943139585379,0.0,-4.553876891600541,0.0,-0.09051400754083172,0.0,4.6443908991413725,0.0,0.0,0.0,0.0,0.0,0.0,0.0,0.0,0.0,-7.809135398120538,0.0,1.3108532486441042,0.0
2025-08-22 03:00:00,-2.7389155071331936,0.0,7.756195343948118,0.0,0.0,0.0,-6.846943139585379,0.0,6.846943139585379,0.0,-4.553876891600541,0.0,-0.09051400754083172,0.0,4.6443908991413725,0.0,0.0,0.0,0.0,0.0,0.0,0.0,0.0,0.0,-7.809135398120538,0.0
2025-08-22 04:00:00,2.7062826354630456,0.0,-2.7389155071331936,0.0,7.756195343948118,0.0,0.0,0.0,-6.846943139585379,0.0,6.846943139585379,0.0,-4.553876891600541,0.0,-0.09051400754083172,0.0,4.6443908991413725,0.0,0.0,0.0,0.0,0.0,0.0,0.0,0.0,0.0
2025-08-22 05:00:00,-7.72356247227797,0.0,2.7062826354630456,0.0,-2.7389155071331936,0.0,7.756195343948118,0.0,0.0,0.0,-6.846943139585379,0.0,6.846943139585379,0.0,-4.553876891600541,0.0,-0.09051400754083172,0.0,4.6443908991413725,0.0,0.0,0.0,0.0,0.0,0.0,0.0
2025-08-22 06:00:00,0.0,0.0,-7.72356247227797,0.0,2.7062826354630456,0.0,-2.7389155071331936,0.0,7.756195343948118,0.0,0.0,0.0,-6.846943139585379,0.0,6.846943139585379,0.0,-4.553876891600541,0.0,-0.09051400754083172,0.0,4.6443908991413725,0.0,0.0,0.0,0.0,0.0
2025-08-22 07:00:00,0.0,0.0,0.0,0.0,-7.72356247227797,0.0,2.7062826354630456,0.0,-2.7389155071331936,0.0,7.756195343948118,0.0,0.0,0.0,-6.846943139585379,0.0,6.846943139585379,0.0,-4.553876891600541,0.0,-0.09051400754083172,0.0,4.6443908991413725,0.0,0.0,0.0
2025-08-22 08:00:00,0.0,0.0,0.0,0.0,0.0,0.0,-7.72356247227797,0.0,2.7062826354630456,0.0,-2.7389155071331936,0.0,7.756195343948118,0.0,0.0,0.0,-6.846943139585379,0.0,6.846943139585379,0.0,-4.553876891600541,0.0,-0.09051400754083172,0.0,4.6443908991413725,0.0
2025-08-22 09:00:00,0.0,0.0,0.0,0.0,0.0,0.0,0.0,0.0,-7.72356247227797,0.0,2.7062826354630456,0.0,-2.7389155071331936,0.0,7.756195343948118,0.0,0.0,0.0,-6.846943139585379,0.0,6.846943139585379,0.0,-4.553876891600541,0.0,-0.09051400754083172,0.0
2025-08-22 10:00:00,0.0,0.0,0.0,0.0,0.0,0.0,0.0,0.0,0.0,0.0,-7.72356247227797,0.0,2.7062826354630456,0.0,-2.7389155071331936,0.0,7.756195343948118,0.0,0.0,0.0,-6.846943139585379,0.0,6.846943139585379,0.0,-4.553876891600541,0.0
2025-08-22 11:00:00,7.824445930877619,0.0,0.0,0.0,0.0,0.0,0.0,0.0,0.0,0.0,0.0,0.0,-7.72356247227797,0.0,2.7062826354630456,0.0,-2.7389155071331936,0.0,7.756195343948118,0.0,0.0,0.0,-6.846943139585379,0.0,6.846943139585379,0.0
2025-08-22 12:00:00,-7.824445930877619,0.0,7.824445930877619,0.0,0.0,0.0,0.0,0.0,0.0,0.0,0.0,0.0,0.0,0.0,-7.72356247227797,0.0,2.7062826354630456,0.0,-2.7389155071331936,0.0,7.756195343948118,0.0,0.0,0.0,-6.846943139585379,0.0
2025-08-22 13:00:00,5.3471075307174685,0.0,-7.824445930877619,0.0,7.824445930877619,0.0,0.0,0.0,0.0,0.0,0.0,0.0,0.0,0.0,0.0,0.0,-7.72356247227797,0.0,2.7062826354630456,0.0,-2.7389155071331936,0.0,7.756195343948118,0.0,0.0,0.0
2025-08-22 14:00:00,-0.31015492830383895,0.0,5.3471075307174685,0.0,-7.824445930877619,0.0,7.824445930877619,0.0,0.0,0.0,0.0,0.0,0.0,0.0,0.0,0.0,0.0,0.0,-7.72356247227797,0.0,2.7062826354630456,0.0,-2.7389155071331936,0.0,7.756195343948118,0.0
2025-08-22 15:00:00,0.20479441264601306,0.0,-0.31015492830383895,0.0,5.3471075307174685,0.0,-7.824445930877619,0.0,7.824445930877619,0.0,0.0,0.0,0.0,0.0,0.0,0.0,0.0,0.0,0.0,0.0,-7.72356247227797,0.0,2.7062826354630456,0.0,-2.7389155071331936,0.0
2025-08-22 16:00:00,1.9594238682220357,0.0,0.20479441264601306,0.0,-0.31015492830383895,0.0,5.3471075307174685,0.0,-7.824445930877619,0.0,7.824445930877619,0.0,0.0,0.0,0.0,0.0,0.0,0.0,0.0,0.0,0.0,0.0,-7.72356247227797,0.0,2.7062826354630456,0.0
2025-08-22 17:00:00,-7.201170883281678,0.0,1.9594238682220357,0.0,0.20479441264601306,0.0,-0.31015492830383895,0.0,5.3471075307174685,0.0,-7.824445930877619,0.0,7.824445930877619,0.0,0.0,0.0,0.0,0.0,0.0,0.0,0.0,0.0,0.0,0.0,-7.72356247227797,0.0
2025-08-22 18:00:00,11.095165078767913,0.0,-7.201170883281678,0.0,1.9594238682220357,0.0,0.20479441264601306,0.0,-0.31015492830383895,0.0,5.3471075307174685,0.0,-7.824445930877619,0.0,7.824445930877619,0.0,0.0,0.0,0.0,0.0,0.0,0.0,0.0,0.0,0.0,0.0
2025-08-22 19:00:00,-2.399993079991857,0.0,11.095165078767913,0.0,-7.201170883281678,0.0,1.9594238682220357,0.0,0.20479441264601306,0.0,-0.31015492830383895,0.0,5.3471075307174685,0.0,-7.824445930877619,0.0,7.824445930877619,0.0,0.0,0.0,0.0,0.0,0.0,0.0,0.0,0.0
2025-08-22 20:00:00,-1.7453155437752832,0.0,-2.399993079991857,0.0,11.095165078767913,0.0,-7.201170883281678,0.0,1.9594238682220357,0.0,0.20479441264601306,0.0,-0.31015492830383895,0.0,5.3471075307174685,0.0,-7.824445930877619,0.0,7.824445930877619,0.0,0.0,0.0,0.0,0.0,0.0,0.0
2025-08-22 21:00:00,-6.949856455000773,0.0,-1.7453155437752832,0.0,-2.399993079991857,0.0,11.095165078767913,0.0,-7.201170883281678,0.0,1.9594238682220357,0.0,0.20479441264601306,0.0,-0.31015492830383895,0.0,5.3471075307174685,0.0,-7.824445930877619,0.0,7.824445930877619,0.0,0.0,0.0,0.0,0.0
2025-08-22 22:00:00,3.7612001156935624,0.0,-6.949856455000773,0.0,-1.7453155437752832,0.0,-2.399993079991857,0.0,11.095165078767913,0.0,-7.201170883281678,0.0,1.9594238682220357,0.0,0.20479441264601306,0.0,-0.31015492830383895,0.0,5.3471075307174685,0.0,-7.824445930877619,0.0,7.824445930877619,0.0,0.0,0.0
2025-08-22 23:00:00,-0.23483959107740082,0.0,3.7612001156935624,0.0,-6.949856455000773,0.0,-1.7453155437752832,0.0,-2.399993079991857,0.0,11.095165078767913,0.0,-7.201170883281678,0.0,1.9594238682220357,0.0,0.20479441264601306,0.0,-0.31015492830383895,0.0,5.3471075307174685,0.0,-7.824445930877619,0.0,7.824445930877619,0.0
2025-08-23 00:00:00,1.4503732178044126,0.0,-0.23483959107740082,0.0,3.7612001156935624,0.0,-6.949856455000773,0.0,-1.7453155437752832,0.0,-2.399993079991857,0.0,11.095165078767913,0.0,-7.201170883281678,0.0,1.9594238682220357,0.0,0.20479441264601306,0.0,-0.31015492830383895,0.0,5.3471075307174685,0.0,-7.824445930877619,0.0
2025-08-23 01:00:00,-4.976733742420574,0.0,1.4503732178044126,0.0,-0.23483959107740082,0.0,3.7612001156935624,0.0,-6.949856455000773,0.0,-1.7453155437752832,0.0,-2.399993079991857,0.0,11.095165078767913,0.0,-7.201170883281678,0.0,1.9594238682220357,0.0,0.20479441264601306,0.0,-0.31015492830383895,0.0,5.3471075307174685,0.0
2025-08-23 02:00:00,0.0,0.0,-4.976733742420574,0.0,1.4503732178044126,0.0,-0.23483959107740082,0.0,3.7612001156935624,0.0,-6.949856455000773,0.0,-1.7453155437752832,0.0,-2.399993079991857,0.0,11.095165078767913,0.0,-7.201170883281678,0.0,1.9594238682220357,0.0,0.20479441264601306,0.0,-0.31015492830383895,0.0
2025-08-23 03:00:00,5.236441962829949,0.0,0.0,0.0,-4.976733742420574,0.0,1.4503732178044126,0.0,-0.23483959107740082,0.0,3.7612001156935624,0.0,-6.949856455000773,0.0,-1.7453155437752832,0.0,-2.399993079991857,0.0,11.095165078767913,0.0,-7.201170883281678,0.0,1.9594238682220357,0.0,0.20479441264601306,0.0
2025-08-23 04:00:00,-5.236441962829949,0.0,5.236441962829949,0.0,0.0,0.0,-4.976733742420574,0.0,1.4503732178044126,0.0,-0.23483959107740082,0.0,3.7612001156935624,0.0,-6.949856455000773,0.0,-1.7453155437752832,0.0,-2.399993079991857,0.0,11.095165078767913,0.0,-7.201170883281678,0.0,1.9594238682220357,0.0
2025-08-23 05:00:00,0.0,0.0,-5.236441962829949,0.0,5.236441962829949,0.0,0.0,0.0,-4.976733742420574,0.0,1.4503732178044126,0.0,-0.23483959107740082,0.0,3.7612001156935624,0.0,-6.949856455000773,0.0,-1.7453155437752832,0.0,-2.399993079991857,0.0,11.095165078767913,0.0,-7.201170883281678,0.0
2025-08-23 06:00:00,0.0,0.0,0.0,0.0,-5.236441962829949,0.0,5.236441962829949,0.0,0.0,0.0,-4.976733742420574,0.0,1.4503732178044126,0.0,-0.23483959107740082,0.0,3.7612001156935624,0.0,-6.949856455000773,0.0,-1.7453155437752832,0.0,-2.399993079991857,0.0,11.095165078767913,0.0
2025-08-23 07:00:00,0.0,0.0,0.0,0.0,0.0,0.0,-5.236441962829949,0.0,5.236441962829949,0.0,0.0,0.0,-4.976733742420574,0.0,1.4503732178044126,0.0,-0.23483959107740082,0.0,3.7612001156935624,0.0,-6.949856455000773,0.0,-1.7453155437752832,0.0,-2.399993079991857,0.0
2025-08-23 08:00:00,1.9459101490553132,0.0,0.0,0.0,0.0,0.0,0.0,0.0,-5.236441962829949,0.0,5.236441962829949,0.0,0.0,0.0,-4.976733742420574,0.0,1.4503732178044126,0.0,-0.23483959107740082,0.0,3.7612001156935624,0.0,-6.949856455000773,0.0,-1.7453155437752832,0.0
2025-08-23 09:00:00,-1.9459101490553132,0.0,1.9459101490553132,0.0,0.0,0.0,0.0,0.0,0.0,0.0,-5.236441962829949,0.0,5.236441962829949,0.0,0.0,0.0,-4.976733742420574,0.0,1.4503732178044126,0.0,-0.23483959107740082,0.0,3.7612001156935624,0.0,-6.949856455000773,0.0
2025-08-23 10:00:00,0.0,0.0,-1.9459101490553132,0.0,1.9459101490553132,0.0,0.0,0.0,0.0,0.0,0.0,0.0,-5.236441962829949,0.0,5.236441962829949,0.0,0.0,0.0,-4.976733742420574,0.0,1.4503732178044126,0.0,-0.23483959107740082,0.0,3.7612001156935624,0.0
2025-08-23 11:00:00,0.0,0.0,0.0,0.0,-1.9459101490553132,0.0,1.9459101490553132,0.0,0.0,0.0,0.0,0.0,0.0,0.0,-5.236441962829949,0.0,5.236441962829949,0.0,0.0,0.0,-4.976733742420574,0.0,1.4503732178044126,0.0,-0.23483959107740082,0.0
2025-08-23 12:00:00,0.0,0.0,0.0,0.0,0.0,0.0,-1.9459101490553132,0.0,1.9459101490553132,0.0,0.0,0.0,0.0,0.0,0.0,0.0,-5.236441962829949,0.0,5.236441962829949,0.0,0.0,0.0,-4.976733742420574,0.0,1.4503732178044126,0.0
2025-08-23 13:00:00,0.0,0.0,0.0,0.0,0.0,0.0,0.0,0.0,-1.9459101490553132,0.0,1.9459101490553132,0.0,0.0,0.0,0.0,0.0,0.0,0.0,-5.236441962829949,0.0,5.236441962829949,0.0,0.0,0.0,-4.976733742420574,0.0
2025-08-23 14:00:00,0.6931471805599453,0.0,0.0,0.0,0.0,0.0,0.0,0.0,0.0,0.0,-1.9459101490553132,0.0,1.9459101490553132,0.0,0.0,0.0,0.0,0.0,0.0,0.0,-5.236441962829949,0.0,5.236441962829949,0.0,0.0,0.0
2025-08-23 15:00:00,-0.6931471805599453,0.0,0.6931471805599453,0.0,0.0,0.0,0.0,0.0,0.0,0.0,0.0,0.0,-1.9459101490553132,0.0,1.9459101490553132,0.0,0.0,0.0,0.0,0.0,0.0,0.0,-5.236441962829949,0.0,5.236441962829949,0.0
2025-08-23 16:00:00,0.0,0.0,-0.6931471805599453,0.0,0.6931471805599453,0.0,0.0,0.0,0.0,0.0,0.0,0.0,0.0,0.0,-1.9459101490553132,0.0,1.9459101490553132,0.0,0.0,0.0,0.0,0.0,0.0,0.0,-5.236441962829949,0.0
2025-08-23 17:00:00,0.0,0.0,0.0,0.0,-0.6931471805599453,0.0,0.6931471805599453,0.0,0.0,0.0,0.0,0.0,0.0,0.0,0.0,0.0,-1.9459101490553132,0.0,1.9459101490553132,0.0,0.0,0.0,0.0,0.0,0.0,0.0
2025-08-23 18:00:00,0.0,0.0,0.0,0.0,0.0,0.0,-0.6931471805599453,0.0,0.6931471805599453,0.0,0.0,0.0,0.0,0.0,0.0,0.0,0.0,0.0,-1.9459101490553132,0.0,1.9459101490553132,0.0,0.0,0.0,0.0,0.0
2025-08-23 19:00:00,2.302585092994046,0.0,0.0,0.0,0.0,0.0,0.0,0.0,-0.6931471805599453,0.0,0.6931471805599453,0.0,0.0,0.0,0.0,0.0,0.0,0.0,0.0,0.0,-1.9459101490553132,0.0,1.9459101490553132,0.0,0.0,0.0
2025-08-23 20:00:00,-2.302585092994046,0.0,2.302585092994046,0.0,0.0,0.0,0.0,0.0,0.0,0.0,-0.6931471805599453,0.0,0.6931471805599453,0.0,0.0,0.0,0.0,0.0,0.0,0.0,0.0,0.0,-1.9459101490553132,0.0,1.9459101490553132,0.0
2025-08-23 21:00:00,0.0,0.0,-2.302585092994046,0.0,2.302585092994046,0.0,0.0,0.0,0.0,0.0,0.0,0.0,-0.6931471805599453,0.0,0.6931471805599453,0.0,0.0,0.0,0.0,0.0,0.0,0.0,0.0,0.0,-1.9459101490553132,0.0
2025-08-23 22:00:00,0.0,0.0,0.0,0.0,-2.302585092994046,0.0,2.302585092994046,0.0,0.0,0.0,0.0,0.0,0.0,0.0,-0.6931471805599453,0.0,0.6931471805599453,0.0,0.0,0.0,0.0,0.0,0.0,0.0,0.0,0.0
2025-08-23 23:00:00,0.0,0.0,0.0,0.0,0.0,0.0,-2.302585092994046,0.0,2.302585092994046,0.0,0.0,0.0,0.0,0.0,0.0,0.0,-0.6931471805599453,0.0,0.6931471805599453,0.0,0.0,0.0,0.0,0.0,0.0,0.0
2025-08-24 00:00:00,9.12913031655064,0.0,0.0,0.0,0.0,0.0,0.0,0.0,-2.302585092994046,0.0,2.302585092994046,0.0,0.0,0.0,0.0,0.0,0.0,0.0,-0.6931471805599453,0.0,0.6931471805599453,0.0,0.0,0.0,0.0,0.0
2025-08-24 01:00:00,-9.12913031655064,0.0,9.12913031655064,0.0,0.0,0.0,0.0,0.0,0.0,0.0,-2.302585092994046,0.0,2.302585092994046,0.0,0.0,0.0,0.0,0.0,0.0,0.0,-0.6931471805599453,0.0,0.6931471805599453,0.0,0.0,0.0
2025-08-24 02:00:00,2.302585092994046,0.0,-9.12913031655064,0.0,9.12913031655064,0.0,0.0,0.0,0.0,0.0,0.0,0.0,-2.302585092994046,0.0,2.302585092994046,0.0,0.0,0.0,0.0,0.0,0.0,0.0,-0.6931471805599453,0.0,0.6931471805599453,0.0
2025-08-24 03:00:00,6.153583396584417,0.0,2.302585092994046,0.0,-9.12913031655064,0.0,9.12913031655064,0.0,0.0,0.0,0.0,0.0,0.0,0.0,-2.302585092994046,0.0,2.302585092994046,0.0,0.0,0.0,0.0,0.0,0.0,0.0,-0.6931471805599453,0.0
2025-08-24 04:00:00,-8.456168489578463,0.0,6.153583396584417,0.0,2.302585092994046,0.0,-9.12913031655064,0.0,9.12913031655064,0.0,0.0,0.0,0.0,0.0,0.0,0.0,-2.302585092994046,0.0,2.302585092994046,0.0,0.0,0.0,0.0,0.0,0.0,0.0
2025-08-24 05:00:00,0.0,0.0,-8.456168489578463,0.0,6.153583396584417,0.0,2.302585092994046,0.0,-9.12913031655064,0.0,9.12913031655064,0.0,0.0,0.0,0.0,0.0,0.0,0.0,-2.302585092994046,0.0,2.302585092994046,0.0,0.0,0.0,0.0,0.0
2025-08-24 06:00:00,6.846943139585379,0.0,0.0,0.0,-8.456168489578463,0.0,6.153583396584417,0.0,2.302585092994046,0.0,-9.12913031655064,0.0,9.12913031655064,0.0,0.0,0.0,0.0,0.0,0.0,0.0,-2.302585092994046,0.0,2.302585092994046,0.0,0.0,0.0
2025-08-24 07:00:00,-6.846943139585379,0.0,6.846943139585379,0.0,0.0,0.0,-8.456168489578463,0.0,6.153583396584417,0.0,2.302585092994046,0.0,-9.12913031655064,0.0,9.12913031655064,0.0,0.0,0.0,0.0,0.0,0.0,0.0,-2.302585092994046,0.0,2.302585092994046,0.0
2025-08-24 08:00:00,0.0,0.0,-6.846943139585379,0.0,6.846943139585379,0.0,0.0,0.0,-8.456168489578463,0.0,6.153583396584417,0.0,2.302585092994046,0.0,-9.12913031655064,0.0,9.12913031655064,0.0,0.0,0.0,0.0,0.0,0.0,0.0,-2.302585092994046,0.0
2025-08-24 09:00:00,0.0,0.0,0.0,0.0,-6.846943139585379,0.0,6.846943139585379,0.0,0.0,0.0,-8.456168489578463,0.0,6.153583396584417,0.0,2.302585092994046,0.0,-9.12913031655064,0.0,9.12913031655064,0.0,0.0,0.0,0.0,0.0,0.0,0.0
2025-08-24 10:00:00,0.0,0.0,0.0,0.0,0.0,0.0,-6.846943139585379,0.0,6.846943139585379,0.0,0.0,0.0,-8.456168489578463,0.0,6.153583396584417,0.0,2.302585092994046,0.0,-9.12913031655064,0.0,9.12913031655064,0.0,0.0,0.0,0.0,0.0
2025-08-24 11:00:00,0.0,0.0,0.0,0.0,0.0,0.0,0.0,0.0,-6.846943139585379,0.0,6.846943139585379,0.0,0.0,0.0,-8.456168489578463,0.0,6.153583396584417,0.0,2.302585092994046,0.0,-9.12913031655064,0.0,9.12913031655064,0.0,0.0,0.0
2025-08-24 12:00:00,0.0,0.0,0.0,0.0,0.0,0.0,0.0,0.0,0.0,0.0,-6.846943139585379,0.0,6.846943139585379,0.0,0.0,0.0,-8.456168489578463,0.0,6.153583396584417,0.0,2.302585092994046,0.0,-9.12913031655064,0.0,9.12913031655064,0.0
2025-08-24 13:00:00,0.0,0.0,0.0,0.0,0.0,0.0,0.0,0.0,0.0,0.0,0.0,0.0,-6.846943139585379,0.0,6.846943139585379,0.0,0.0,0.0,-8.456168489578463,0.0,6.153583396584417,0.0,2.302585092994046,0.0,-9.12913031655064,0.0
2025-08-24 14:00:00,9.981882749963502,0.0,0.0,0.0,0.0,0.0,0.0,0.0,0.0,0.0,0.0,0.0,0.0,0.0,-6.846943139585379,0.0,6.846943139585379,0.0,0.0,0.0,-8.456168489578463,0.0,6.153583396584417,0.0,2.302585092994046,0.0
2025-08-24 15:00:00,-9.981882749963502,0.0,9.981882749963502,0.0,0.0,0.0,0.0,0.0,0.0,0.0,0.0,0.0,0.0,0.0,0.0,0.0,-6.846943139585379,0.0,6.846943139585379,0.0,0.0,0.0,-8.456168489578463,0.0,6.153583396584417,0.0
2025-08-24 16:00:00,0.0,0.0,-9.981882749963502,0.0,9.981882749963502,0.0,0.0,0.0,0.0,0.0,0.0,0.0,0.0,0.0,0.0,0.0,0.0,0.0,-6.846943139585379,0.0,6.846943139585379,0.0,0.0,0.0,-8.456168489578463,0.0
2025-08-24 17:00:00,0.0,0.0,0.0,0.0,-9.981882749963502,0.0,9.981882749963502,0.0,0.0,0.0,0.0,0.0,0.0,0.0,0.0,0.0,0.0,0.0,0.0,0.0,-6.846943139585379,0.0,6.846943139585379,0.0,0.0,0.0
2025-08-24 18:00:00,0.0,0.0,0.0,0.0,0.0,0.0,-9.981882749963502,0.0,9.981882749963502,0.0,0.0,0.0,0.0,0.0,0.0,0.0,0.0,0.0,0.0,0.0,0.0,0.0,-6.846943139585379,0.0,6.846943139585379,0.0
2025-08-24 19:00:00,4.454347296253507,0.0,0.0,0.0,0.0,0.0,0.0,0.0,-9.981882749963502,0.0,9.981882749963502,0.0,0.0,0.0,0.0,0.0,0.0,0.0,0.0,0.0,0.0,0.0,0.0,0.0,-6.846943139585379,0.0
2025-08-24 20:00:00,-1.6211339521972912,0.0,4.454347296253507,0.0,0.0,0.0,0.0,0.0,0.0,0.0,-9.981882749963502,0.0,9.981882749963502,0.0,0.0,0.0,0.0,0.0,0.0,0.0,0.0,0.0,0.0,0.0,0.0,0.0
2025-08-24 21:00:00,-0.2682639865946794,0.0,-1.6211339521972912,0.0,4.454347296253507,0.0,0.0,0.0,0.0,0.0,0.0,0.0,-9.981882749963502,0.0,9.981882749963502,0.0,0.0,0.0,0.0,0.0,0.0,0.0,0.0,0.0,0.0,0.0
2025-08-24 22:00:00,-2.5649493574615367,0.0,-0.2682639865946794,0.0,-1.6211339521972912,0.0,4.454347296253507,0.0,0.0,0.0,0.0,0.0,0.0,0.0,-9.981882749963502,0.0,9.981882749963502,0.0,0.0,0.0,0.0,0.0,0.0,0.0,0.0,0.0
2025-08-24 23:00:00,5.236441962829949,0.0,-2.5649493574615367,0.0,-0.2682639865946794,0.0,-1.6211339521972912,0.0,4.454347296253507,0.0,0.0,0.0,0.0,0.0,0.0,0.0,-9.981882749963502,0.0,9.981882749963502,0.0,0.0,0.0,0.0,0.0,0.0,0.0
2025-08-25 00:00:00,1.355231769178709,0.0,5.236441962829949,0.0,-2.5649493574615367,0.0,-0.2682639865946794,0.0,-1.6211339521972912,0.0,4.454347296253507,0.0,0.0,0.0,0.0,0.0,0.0,0.0,-9.981882749963502,0.0,9.981882749963502,0.0,0.0,0.0,0.0,0.0
2025-08-25 01:00:00,-6.591673732008658,0.0,1.355231769178709,0.0,5.236441962829949,0.0,-2.5649493574615367,0.0,-0.2682639865946794,0.0,-1.6211339521972912,0.0,4.454347296253507,0.0,0.0,0.0,0.0,0.0,0.0,0.0,-9.981882749963502,0.0,9.981882749963502,0.0,0.0,0.0
2025-08-25 02:00:00,0.0,0.0,-6.591673732008658,0.0,1.355231769178709,0.0,5.236441962829949,0.0,-2.5649493574615367,0.0,-0.2682639865946794,0.0,-1.6211339521972912,0.0,4.454347296253507,0.0,0.0,0.0,0.0,0.0,0.0,0.0,-9.981882749963502,0.0,9.981882749963502,0.0
2025-08-25 03:00:00,0.0,0.0,0.0,0.0,-6.591673732008658,0.0,1.355231769178709,0.0,5.236441962829949,0.0,-2.5649493574615367,0.0,-0.2682639865946794,0.0,-1.6211339521972912,0.0,4.454347296253507,0.0,0.0,0.0,0.0,0.0,0.0,0.0,-9.981882749963502,0.0
2025-08-25 04:00:00,8.294299608857235,0.0,0.0,0.0,0.0,0.0,-6.591673732008658,0.0,1.355231769178709,0.0,5.236441962829949,0.0,-2.5649493574615367,0.0,-0.2682639865946794,0.0,-1.6211339521972912,0.0,4.454347296253507,0.0,0.0,0.0,0.0,0.0,0.0,0.0
2025-08-25 05:00:00,-8.294299608857235,0.0,8.294299608857235,0.0,0.0,0.0,0.0,0.0,-6.591673732008658,0.0,1.355231769178709,0.0,5.236441962829949,0.0,-2.5649493574615367,0.0,-0.2682639865946794,0.0,-1.6211339521972912,0.0,4.454347296253507,0.0,0.0,0.0,0.0,0.0
2025-08-25 06:00:00,5.017279836814924,0.0,-8.294299608857235,0.0,8.294299608857235,0.0,0.0,0.0,0.0,0.0,-6.591673732008658,0.0,1.355231769178709,0.0,5.236441962829949,0.0,-2.5649493574615367,0.0,-0.2682639865946794,0.0,-1.6211339521972912,0.0,4.454347296253507,0.0,0.0,0.0
2025-08-25 07:00:00,-2.8200552594787047,0.0,5.017279836814924,0.0,-8.294299608857235,0.0,8.294299608857235,0.0,0.0,0.0,0.0,0.0,-6.591673732008658,0.0,1.355231769178709,0.0,5.236441962829949,0.0,-2.5649493574615367,0.0,-0.2682639865946794,0.0,-1.6211339521972912,0.0,4.454347296253507,0.0
2025-08-25 08:00:00,-2.1972245773362196,0.0,-2.8200552594787047,0.0,5.017279836814924,0.0,-8.294299608857235,0.0,8.294299608857235,0.0,0.0,0.0,0.0,0.0,-6.591673732008658,0.0,1.355231769178709,0.0,5.236441962829949,0.0,-2.5649493574615367,0.0,-0.2682639865946794,0.0,-1.6211339521972912,0.0
2025-08-25 09:00:00,0.0,0.0,-2.1972245773362196,0.0,-2.8200552594787047,0.0,5.017279836814924,0.0,-8.294299608857235,0.0,8.294299608857235,0.0,0.0,0.0,0.0,0.0,-6.591673732008658,0.0,1.355231769178709,0.0,5.236441962829949,0.0,-2.5649493574615367,0.0,-0.2682639865946794,0.0
2025-08-25 10:00:00,0.0,0.0,0.0,0.0,-2.1972245773362196,0.0,-2.8200552594787047,0.0,5.017279836814924,0.0,-8.294299608857235,0.0,8.294299608857235,0.0,0.0,0.0,0.0,0.0,-6.591673732008658,0.0,1.355231769178709,0.0,5.236441962829949,0.0,-2.5649493574615367,0.0
2025-08-25 11:00:00,0.0,0.0,0.0,0.0,0.0,0.0,-2.1972245773362196,0.0,-2.8200552594787047,0.0,5.017279836814924,0.0,-8.294299608857235,0.0,8.294299608857235,0.0,0.0,0.0,0.0,0.0,-6.591673732008658,0.0,1.355231769178709,0.0,5.236441962829949,0.0
2025-08-25 12:00:00,4.852030263919617,0.0,0.0,0.0,0.0,0.0,0.0,0.0,-2.1972245773362196,0.0,-2.8200552594787047,0.0,5.017279836814924,0.0,-8.294299608857235,0.0,8.294299608857235,0.0,0.0,0.0,0.0,0.0,-6.591673732008658,0.0,1.355231769178709,0.0
2025-08-25 13:00:00,0.007782140442055052,0.0,4.852030263919617,0.0,0.0,0.0,0.0,0.0,0.0,0.0,-2.1972245773362196,0.0,-2.8200552594787047,0.0,5.017279836814924,0.0,-8.294299608857235,0.0,8.294299608857235,0.0,0.0,0.0,0.0,0.0,-6.591673732008658,0.0
2025-08-25 14:00:00,-4.859812404361672,0.0,0.007782140442055052,0.0,4.852030263919617,0.0,0.0,0.0,0.0,0.0,0.0,0.0,-2.1972245773362196,0.0,-2.8200552594787047,0.0,5.017279836814924,0.0,-8.294299608857235,0.0,8.294299608857235,0.0,0.0,0.0,0.0,0.0
2025-08-25 15:00:00,6.075346031088684,0.0,-4.859812404361672,0.0,0.007782140442055052,0.0,4.852030263919617,0.0,0.0,0.0,0.0,0.0,0.0,0.0,-2.1972245773362196,0.0,-2.8200552594787047,0.0,5.017279836814924,0.0,-8.294299608857235,0.0,8.294299608857235,0.0,0.0,0.0
2025-08-25 16:00:00,4.511945187004236,0.0,6.075346031088684,0.0,-4.859812404361672,0.0,0.007782140442055052,0.0,4.852030263919617,0.0,0.0,0.0,0.0,0.0,0.0,0.0,-2.1972245773362196,0.0,-2.8200552594787047,0.0,5.017279836814924,0.0,-8.294299608857235,0.0,8.294299608857235,0.0
2025-08-25 17:00:00,-10.58729121809292,0.0,4.511945187004236,0.0,6.075346031088684,0.0,-4.859812404361672,0.0,0.007782140442055052,0.0,4.852030263919617,0.0,0.0,0.0,0.0,0.0,0.0,0.0,-2.1972245773362196,0.0,-2.8200552594787047,0.0,5.017279836814924,0.0,-8.294299608857235,0.0
2025-08-25 18:00:00,7.208600337960199,0.0,-10.58729121809292,0.0,4.511945187004236,0.0,6.075346031088684,0.0,-4.859812404361672,0.0,0.007782140442055052,0.0,4.852030263919617,0.0,0.0,0.0,0.0,0.0,0.0,0.0,-2.1972245773362196,0.0,-2.8200552594787047,0.0,5.017279836814924,0.0
2025-08-25 19:00:00,-7.208600337960199,0.0,7.208600337960199,0.0,-10.58729121809292,0.0,4.511945187004236,0.0,6.075346031088684,0.0,-4.859812404361672,0.0,0.007782140442055052,0.0,4.852030263919617,0.0,0.0,0.0,0.0,0.0,0.0,0.0,-2.1972245773362196,0.0,-2.8200552594787047,0.0
2025-08-25 20:00:00,0.0,0.0,-7.208600337960199,0.0,7.208600337960199,0.0,-10.58729121809292,0.0,4.511945187004236,0.0,6.075346031088684,0.0,-4.859812404361672,0.0,0.007782140442055052,0.0,4.852030263919617,0.0,0.0,0.0,0.0,0.0,0.0,0.0,-2.1972245773362196,0.0
2025-08-25 21:00:00,0.0,0.0,0.0,0.0,-7.208600337960199,0.0,7.208600337960199,0.0,-10.58729121809292,0.0,4.511945187004236,0.0,6.075346031088684,0.0,-4.859812404361672,0.0,0.007782140442055052,0.0,4.852030263919617,0.0,0.0,0.0,0.0,0.0,0.0,0.0
2025-08-25 22:00:00,0.0,0.0,0.0,0.0,0.0,0.0,-7.208600337960199,0.0,7.208600337960199,0.0,-10.58729121809292,0.0,4.511945187004236,0.0,6.075346031088684,0.0,-4.859812404361672,0.0,0.007782140442055052,0.0,4.852030263919617,0.0,0.0,0.0,0.0,0.0
2025-08-25 23:00:00,7.049254841255837,0.0,0.0,0.0,0.0,0.0,0.0,0.0,-7.208600337960199,0.0,7.208600337960199,0.0,-10.58729121809292,0.0,4.511945187004236,0.0,6.075346031088684,0.0,-4.859812404361672,0.0,0.007782140442055052,0.0,4.852030263919617,0.0,0.0,0.0
2025-08-26 00:00:00,-7.049254841255837,0.0,7.049254841255837,0.0,0.0,0.0,0.0,0.0,0.0,0.0,-7.208600337960199,0.0,7.208600337960199,0.0,-10.58729121809292,0.0,4.511945187004236,0.0,6.075346031088684,0.0,-4.859812404361672,0.0,0.007782140442055052,0.0,4.852030263919617,0.0
2025-08-26 01:00:00,2.1972245773362196,0.0,-7.049254841255837,0.0,7.049254841255837,0.0,0.0,0.0,0.0,0.0,0.0,0.0,-7.208600337960199,0.0,7.208600337960199,0.0,-10.58729121809292,0.0,4.511945187004236,0.0,6.075346031088684,0.0,-4.859812404361672,0.0,0.007782140442055052,0.0
2025-08-26 02:00:00,-2.1972245773362196,0.0,2.1972245773362196,0.0,-7.049254841255837,0.0,7.049254841255837,0.0,0.0,0.0,0.0,0.0,0.0,0.0,-7.208600337960199,0.0,7.208600337960199,0.0,-10.58729121809292,0.0,4.511945187004236,0.0,6.075346031088684,0.0,-4.859812404361672,0.0
2025-08-26 03:00:00,4.77912349311153,0.0,-2.1972245773362196,0.0,2.1972245773362196,0.0,-7.049254841255837,0.0,7.049254841255837,0.0,0.0,0.0,0.0,0.0,0.0,0.0,-7.208600337960199,0.0,7.208600337960199,0.0,-10.58729121809292,0.0,4.511945187004236,0.0,6.075346031088684,0.0
2025-08-26 04:00:00,-2.214174135649993,0.0,4.77912349311153,0.0,-2.1972245773362196,0.0,2.1972245773362196,0.0,-7.049254841255837,0.0,7.049254841255837,0.0,0.0,0.0,0.0,0.0,0.0,0.0,-7.208600337960199,0.0,7.208600337960199,0.0,-10.58729121809292,0.0,4.511945187004236,0.0
2025-08-26 05:00:00,-2.5649493574615367,0.0,-2.214174135649993,0.0,4.77912349311153,0.0,-2.1972245773362196,0.0,2.1972245773362196,0.0,-7.049254841255837,0.0,7.049254841255837,0.0,0.0,0.0,0.0,0.0,0.0,0.0,-7.208600337960199,0.0,7.208600337960199,0.0,-10.58729121809292,0.0
2025-08-26 06:00:00,0.0,0.0,-2.5649493574615367,0.0,-2.214174135649993,0.0,4.77912349311153,0.0,-2.1972245773362196,0.0,2.1972245773362196,0.0,-7.049254841255837,0.0,7.049254841255837,0.0,0.0,0.0,0.0,0.0,0.0,0.0,-7.208600337960199,0.0,7.208600337960199,0.0
2025-08-26 07:00:00,0.0,0.0,0.0,0.0,-2.5649493574615367,0.0,-2.214174135649993,0.0,4.77912349311153,0.0,-2.1972245773362196,0.0,2.1972245773362196,0.0,-7.049254841255837,0.0,7.049254841255837,0.0,0.0,0.0,0.0,0.0,0.0,0.0,-7.208600337960199,0.0
2025-08-26 08:00:00,0.0,0.0,0.0,0.0,0.0,0.0,-2.5649493574615367,0.0,-2.214174135649993,0.0,4.77912349311153,0.0,-2.1972245773362196,0.0,2.1972245773362196,0.0,-7.049254841255837,0.0,7.049254841255837,0.0,0.0,0.0,0.0,0.0,0.0,0.0
2025-08-26 09:00:00,7.711548979629146,0.0,0.0,0.0,0.0,0.0,0.0,0.0,-2.5649493574615367,0.0,-2.214174135649993,0.0,4.77912349311153,0.0,-2.1972245773362196,0.0,2.1972245773362196,0.0,-7.049254841255837,0.0,7.049254841255837,0.0,0.0,0.0,0.0,0.0
2025-08-26 10:00:00,-5.14659962216761,0.0,7.711548979629146,0.0,0.0,0.0,0.0,0.0,0.0,0.0,-2.5649493574615367,0.0,-2.214174135649993,0.0,4.77912349311153,0.0,-2.1972245773362196,0.0,2.1972245773362196,0.0,-7.049254841255837,0.0,7.049254841255837,0.0,0.0,0.0
2025-08-26 11:00:00,-2.5649493574615367,0.0,-5.14659962216761,0.0,7.711548979629146,0.0,0.0,0.0,0.0,0.0,0.0,0.0,-2.5649493574615367,0.0,-2.214174135649993,0.0,4.77912349311153,0.0,-2.1972245773362196,0.0,2.1972245773362196,0.0,-7.049254841255837,0.0,7.049254841255837,0.0
2025-08-26 12:00:00,0.0,0.0,-2.5649493574615367,0.0,-5.14659962216761,0.0,7.711548979629146,0.0,0.0,0.0,0.0,0.0,0.0,0.0,-2.5649493574615367,0.0,-2.214174135649993,0.0,4.77912349311153,0.0,-2.1972245773362196,0.0,2.1972245773362196,0.0,-7.049254841255837,0.0
2025-08-26 13:00:00,0.0,0.0,0.0,0.0,-2.5649493574615367,0.0,-5.14659962216761,0.0,7.711548979629146,0.0,0.0,0.0,0.0,0.0,0.0,0.0,-2.5649493574615367,0.0,-2.214174135649993,0.0,4.77912349311153,0.0,-2.1972245773362196,0.0,2.1972245773362196,0.0
2025-08-26 14:00:00,0.0,0.0,0.0,0.0,0.0,0.0,-2.5649493574615367,0.0,-5.14659962216761,0.0,7.711548979629146,0.0,0.0,0.0,0.0,0.0,0.0,0.0,-2.5649493574615367,0.0,-2.214174135649993,0.0,4.77912349311153,0.0,-2.1972245773362196,0.0
2025-08-26 15:00:00,0.0,0.0,0.0,0.0,0.0,0.0,0.0,0.0,-2.5649493574615367,0.0,-5.14659962216761,0.0,7.711548979629146,0.0,0.0,0.0,0.0,0.0,0.0,0.0,-2.5649493574615367,0.0,-2.214174135649993,0.0,4.77912349311153,0.0
2025-08-26 16:00:00,0.0,0.0,0.0,0.0,0.0,0.0,0.0,0.0,0.0,0.0,-2.5649493574615367,0.0,-5.14659962216761,0.0,7.711548979629146,0.0,0.0,0.0,0.0,0.0,0.0,0.0,-2.5649493574615367,0.0,-2.214174135649993,0.0
2025-08-26 17:00:00,4.143134726391533,0.0,0.0,0.0,0.0,0.0,0.0,0.0,0.0,0.0,0.0,0.0,-2.5649493574615367,0.0,-5.14659962216761,0.0,7.711548979629146,0.0,0.0,0.0,0.0,0.0,0.0,0.0,-2.5649493574615367,0.0
2025-08-26 18:00:00,-2.533696813957432,0.0,4.143134726391533,0.0,0.0,0.0,0.0,0.0,0.0,0.0,0.0,0.0,0.0,0.0,-2.5649493574615367,0.0,-5.14659962216761,0.0,7.711548979629146,0.0,0.0,0.0,0.0,0.0,0.0,0.0
2025-08-26 19:00:00,-1.6094379124341003,0.0,-2.533696813957432,0.0,4.143134726391533,0.0,0.0,0.0,0.0,0.0,0.0,0.0,0.0,0.0,0.0,0.0,-2.5649493574615367,0.0,-5.14659962216761,0.0,7.711548979629146,0.0,0.0,0.0,0.0,0.0
2025-08-26 20:00:00,5.303304908059076,0.0,-1.6094379124341003,0.0,-2.533696813957432,0.0,4.143134726391533,0.0,0.0,0.0,0.0,0.0,0.0,0.0,0.0,0.0,0.0,0.0,-2.5649493574615367,0.0,-5.14659962216761,0.0,7.711548979629146,0.0,0.0,0.0
2025-08-26 21:00:00,-5.303304908059076,0.0,5.303304908059076,0.0,-1.6094379124341003,0.0,-2.533696813957432,0.0,4.143134726391533,0.0,0.0,0.0,0.0,0.0,0.0,0.0,0.0,0.0,0.0,0.0,-2.5649493574615367,0.0,-5.14659962216761,0.0,7.711548979629146,0.0
2025-08-26 22:00:00,0.0,0.0,-5.303304908059076,0.0,5.303304908059076,0.0,-1.6094379124341003,0.0,-2.533696813957432,0.0,4.143134726391533,0.0,0.0,0.0,0.0,0.0,0.0,0.0,0.0,0.0,0.0,0.0,-2.5649493574615367,0.0,-5.14659962216761,0.0
2025-08-26 23:00:00,4.477336814478207,0.0,0.0,0.0,-5.303304908059076,0.0,5.303304908059076,0.0,-1.6094379124341003,0.0,-2.533696813957432,0.0,4.143134726391533,0.0,0.0,0.0,0.0,0.0,0.0,0.0,0.0,0.0,0.0,0.0,-2.5649493574615367,0.0
2025-08-27 00:00:00,-4.477336814478207,0.0,4.477336814478207,0.0,0.0,0.0,-5.303304908059076,0.0,5.303304908059076,0.0,-1.6094379124341003,0.0,-2.533696813957432,0.0,4.143134726391533,0.0,0.0,0.0,0.0,0.0,0.0,0.0,0.0,0.0,0.0,0.0
2025-08-27 01:00:00,3.332204510175204,0.0,-4.477336814478207,0.0,4.477336814478207,0.0,0.0,0.0,-5.303304908059076,0.0,5.303304908059076,0.0,-1.6094379124341003,0.0,-2.533696813957432,0.0,4.143134726391533,0.0,0.0,0.0,0.0,0.0,0.0,0.0,0.0,0.0
2025-08-27 02:00:00,-1.5404450409471488,0.0,3.332204510175204,0.0,-4.477336814478207,0.0,4.477336814478207,0.0,0.0,0.0,-5.303304908059076,0.0,5.303304908059076,0.0,-1.6094379124341003,0.0,-2.533696813957432,0.0,4.143134726391533,0.0,0.0,0.0,0.0,0.0,0.0,0.0
2025-08-27 03:00:00,0.4054651081081646,0.0,-1.5404450409471488,0.0,3.332204510175204,0.0,-4.477336814478207,0.0,4.477336814478207,0.0,0.0,0.0,-5.303304908059076,0.0,5.303304908059076,0.0,-1.6094379124341003,0.0,-2.533696813957432,0.0,4.143134726391533,0.0,0.0,0.0,0.0,0.0
2025-08-27 04:00:00,4.706522680248378,0.0,0.4054651081081646,0.0,-1.5404450409471488,0.0,3.332204510175204,0.0,-4.477336814478207,0.0,4.477336814478207,0.0,0.0,0.0,-5.303304908059076,0.0,5.303304908059076,0.0,-1.6094379124341003,0.0,-2.533696813957432,0.0,4.143134726391533,0.0,0.0,0.0
2025-08-27 05:00:00,-6.903747257584598,0.0,4.706522680248378,0.0,0.4054651081081646,0.0,-1.5404450409471488,0.0,3.332204510175204,0.0,-4.477336814478207,0.0,4.477336814478207,0.0,0.0,0.0,-5.303304908059076,0.0,5.303304908059076,0.0,-1.6094379124341003,0.0,-2.533696813957432,0.0,4.143134726391533,0.0
2025-08-27 06:00:00,5.402677381872279,0.0,-6.903747257584598,0.0,4.706522680248378,0.0,0.4054651081081646,0.0,-1.5404450409471488,0.0,3.332204510175204,0.0,-4.477336814478207,0.0,4.477336814478207,0.0,0.0,0.0,-5.303304908059076,0.0,5.303304908059076,0.0,-1.6094379124341003,0.0,-2.533696813957432,0.0
2025-08-27 07:00:00,-5.402677381872279,0.0,5.402677381872279,0.0,-6.903747257584598,0.0,4.706522680248378,0.0,0.4054651081081646,0.0,-1.5404450409471488,0.0,3.332204510175204,0.0,-4.477336814478207,0.0,4.477336814478207,0.0,0.0,0.0,-5.303304908059076,0.0,5.303304908059076,0.0,-1.6094379124341003,0.0
2025-08-27 08:00:00,0.0,0.0,-5.402677381872279,0.0,5.402677381872279,0.0,-6.903747257584598,0.0,4.706522680248378,0.0,0.4054651081081646,0.0,-1.5404450409471488,0.0,3.332204510175204,0.0,-4.477336814478207,0.0,4.477336814478207,0.0,0.0,0.0,-5.303304908059076,0.0,5.303304908059076,0.0
2025-08-27 09:00:00,0.0,0.0,0.0,0.0,-5.402677381872279,0.0,5.402677381872279,0.0,-6.903747257584598,0.0,4.706522680248378,0.0,0.4054651081081646,0.0,-1.5404450409471488,0.0,3.332204510175204,0.0,-4.477336814478207,0.0,4.477336814478207,0.0,0.0,0.0,-5.303304908059076,0.0
2025-08-27 10:00:00,0.0,0.0,0.0,0.0,0.0,0.0,-5.402677381872279,0.0,5.402677381872279,0.0,-6.903747257584598,0.0,4.706522680248378,0.0,0.4054651081081646,0.0,-1.5404450409471488,0.0,3.332204510175204,0.0,-4.477336814478207,0.0,4.477336814478207,0.0,0.0,0.0
2025-08-27 11:00:00,0.0,0.0,0.0,0.0,0.0,0.0,0.0,0.0,-5.402677381872279,0.0,5.402677381872279,0.0,-6.903747257584598,0.0,4.706522680248378,0.0,0.4054651081081646,0.0,-1.5404450409471488,0.0,3.332204510175204,0.0,-4.477336814478207,0.0,4.477336814478207,0.0
2025-08-27 12:00:00,0.0,0.0,0.0,0.0,0.0,0.0,0.0,0.0,0.0,0.0,-5.402677381872279,0.0,5.402677381872279,0.0,-6.903747257584598,0.0,4.706522680248378,0.0,0.4054651081081646,0.0,-1.5404450409471488,0.0,3.332204510175204,0.0,-4.477336814478207,0.0
2025-08-27 13:00:00,0.0,0.0,0.0,0.0,0.0,0.0,0.0,0.0,0.0,0.0,0.0,0.0,-5.402677381872279,0.0,5.402677381872279,0.0,-6.903747257584598,0.0,4.706522680248378,0.0,0.4054651081081646,0.0,-1.5404450409471488,0.0,3.332204510175204,0.0
2025-08-27 14:00:00,6.2166061010848646,0.0,0.0,0.0,0.0,0.0,0.0,0.0,0.0,0.0,0.0,0.0,0.0,0.0,-5.402677381872279,0.0,5.402677381872279,0.0,-6.903747257584598,0.0,4.706522680248378,0.0,0.4054651081081646,0.0,-1.5404450409471488,0.0
2025-08-27 15:00:00,0.9166898538112038,0.0,6.2166061010848646,0.0,0.0,0.0,0.0,0.0,0.0,0.0,0.0,0.0,0.0,0.0,0.0,0.0,-5.402677381872279,0.0,5.402677381872279,0.0,-6.903747257584598,0.0,4.706522680248378,0.0,0.4054651081081646,0.0
2025-08-27 16:00:00,-1.735133253378316,0.0,0.9166898538112038,0.0,6.2166061010848646,0.0,0.0,0.0,0.0,0.0,0.0,0.0,0.0,0.0,0.0,0.0,0.0,0.0,-5.402677381872279,0.0,5.402677381872279,0.0,-6.903747257584598,0.0,4.706522680248378,0.0
2025-08-27 17:00:00,-5.3981627015177525,0.0,-1.735133253378316,0.0,0.9166898538112038,0.0,6.2166061010848646,0.0,0.0,0.0,0.0,0.0,0.0,0.0,0.0,0.0,0.0,0.0,0.0,0.0,-5.402677381872279,0.0,5.402677381872279,0.0,-6.903747257584598,0.0
2025-08-27 18:00:00,8.361941906144946,0.0,-5.3981627015177525,0.0,-1.735133253378316,0.0,0.9166898538112038,0.0,6.2166061010848646,0.0,0.0,0.0,0.0,0.0,0.0,0.0,0.0,0.0,0.0,0.0,0.0,0.0,-5.402677381872279,0.0,5.402677381872279,0.0
2025-08-27 19:00:00,-3.014834375427477,0.0,8.361941906144946,0.0,-5.3981627015177525,0.0,-1.735133253378316,0.0,0.9166898538112038,0.0,6.2166061010848646,0.0,0.0,0.0,0.0,0.0,0.0,0.0,0.0,0.0,0.0,0.0,0.0,0.0,-5.402677381872279,0.0
2025-08-27 20:00:00,-2.949212257919098,0.0,-3.014834375427477,0.0,8.361941906144946,0.0,-5.3981627015177525,0.0,-1.735133253378316,0.0,0.9166898538112038,0.0,6.2166061010848646,0.0,0.0,0.0,0.0,0.0,0.0,0.0,0.0,0.0,0.0,0.0,0.0,0.0
2025-08-27 21:00:00,3.4281048345820793,0.0,-2.949212257919098,0.0,-3.014834375427477,0.0,8.361941906144946,0.0,-5.3981627015177525,0.0,-1.735133253378316,0.0,0.9166898538112038,0.0,6.2166061010848646,0.0,0.0,0.0,0.0,0.0,0.0,0.0,0.0,0.0,0.0,0.0
2025-08-27 22:00:00,3.9091871297239784,0.0,3.4281048345820793,0.0,-2.949212257919098,0.0,-3.014834375427477,0.0,8.361941906144946,0.0,-5.3981627015177525,0.0,-1.735133253378316,0.0,0.9166898538112038,0.0,6.2166061010848646,0.0,0.0,0.0,0.0,0.0,0.0,0.0,0.0,0.0
2025-08-27 23:00:00,-9.735187237104428,0.0,3.9091871297239784,0.0,3.4281048345820793,0.0,-2.949212257919098,0.0,-3.014834375427477,0.0,8.361941906144946,0.0,-5.3981627015177525,0.0,-1.735133253378316,0.0,0.9166898538112038,0.0,6.2166061010848646,0.0,0.0,0.0,0.0,0.0,0.0,0.0
2025-08-28 00:00:00,2.1972245773362196,0.0,-9.735187237104428,0.0,3.9091871297239784,0.0,3.4281048345820793,0.0,-2.949212257919098,0.0,-3.014834375427477,0.0,8.361941906144946,0.0,-5.3981627015177525,0.0,-1.735133253378316,0.0,0.9166898538112038,0.0,6.2166061010848646,0.0,0.0,0.0,0.0,0.0
2025-08-28 01:00:00,0.0,0.0,2.1972245773362196,0.0,-9.735187237104428,0.0,3.9091871297239784,0.0,3.4281048345820793,0.0,-2.949212257919098,0.0,-3.014834375427477,0.0,8.361941906144946,0.0,-5.3981627015177525,0.0,-1.735133253378316,0.0,0.9166898538112038,0.0,6.2166061010848646,0.0,0.0,0.0
2025-08-28 02:00:00,-1.5040773967762742,0.0,0.0,0.0,2.1972245773362196,0.0,-9.735187237104428,0.0,3.9091871297239784,0.0,3.4281048345820793,0.0,-2.949212257919098,0.0,-3.014834375427477,0.0,8.361941906144946,0.0,-5.3981627015177525,0.0,-1.735133253378316,0.0,0.9166898538112038,0.0,6.2166061010848646,0.0
2025-08-28 03:00:00,4.07753744390572,0.0,-1.5040773967762742,0.0,0.0,0.0,2.1972245773362196,0.0,-9.735187237104428,0.0,3.9091871297239784,0.0,3.4281048345820793,0.0,-2.949212257919098,0.0,-3.014834375427477,0.0,8.361941906144946,0.0,-5.3981627015177525,0.0,-1.735133253378316,0.0,0.9166898538112038,0.0
2025-08-28 04:00:00,1.084387297736762,0.0,4.07753744390572,0.0,-1.5040773967762742,0.0,0.0,0.0,2.1972245773362196,0.0,-9.735187237104428,0.0,3.9091871297239784,0.0,3.4281048345820793,0.0,-2.949212257919098,0.0,-3.014834375427477,0.0,8.361941906144946,0.0,-5.3981627015177525,0.0,-1.735133253378316,0.0
2025-08-28 05:00:00,-5.855071922202427,0.0,1.084387297736762,0.0,4.07753744390572,0.0,-1.5040773967762742,0.0,0.0,0.0,2.1972245773362196,0.0,-9.735187237104428,0.0,3.9091871297239784,0.0,3.4281048345820793,0.0,-2.949212257919098,0.0,-3.014834375427477,0.0,8.361941906144946,0.0,-5.3981627015177525,0.0
2025-08-28 06:00:00,0.0,0.0,-5.855071922202427,0.0,1.084387297736762,0.0,4.07753744390572,0.0,-1.5040773967762742,0.0,0.0,0.0,2.1972245773362196,0.0,-9.735187237104428,0.0,3.9091871297239784,0.0,3.4281048345820793,0.0,-2.949212257919098,0.0,-3.014834375427477,0.0,8.361941906144946,0.0
2025-08-28 07:00:00,0.0,0.0,0.0,0.0,-5.855071922202427,0.0,1.084387297736762,0.0,4.07753744390572,0.0,-1.5040773967762742,0.0,0.0,0.0,2.1972245773362196,0.0,-9.735187237104428,0.0,3.9091871297239784,0.0,3.4281048345820793,0.0,-2.949212257919098,0.0,-3.014834375427477,0.0
2025-08-28 08:00:00,0.0,0.0,0.0,0.0,0.0,0.0,-5.855071922202427,0.0,1.084387297736762,0.0,4.07753744390572,0.0,-1.5040773967762742,0.0,0.0,0.0,2.1972245773362196,0.0,-9.735187237104428,0.0,3.9091871297239784,0.0,3.4281048345820793,0.0,-2.949212257919098,0.0
2025-08-28 09:00:00,0.0,0.0,0.0,0.0,0.0,0.0,0.0,0.0,-5.855071922202427,0.0,1.084387297736762,0.0,4.07753744390572,0.0,-1.5040773967762742,0.0,0.0,0.0,2.1972245773362196,0.0,-9.735187237104428,0.0,3.9091871297239784,0.0,3.4281048345820793,0.0
2025-08-28 10:00:00,0.0,0.0,0.0,0.0,0.0,0.0,0.0,0.0,0.0,0.0,-5.855071922202427,0.0,1.084387297736762,0.0,4.07753744390572,0.0,-1.5040773967762742,0.0,0.0,0.0,2.1972245773362196,0.0,-9.735187237104428,0.0,3.9091871297239784,0.0
2025-08-28 11:00:00,0.0,0.0,0.0,0.0,0.0,0.0,0.0,0.0,0.0,0.0,0.0,0.0,-5.855071922202427,0.0,1.084387297736762,0.0,4.07753744390572,0.0,-1.5040773967762742,0.0,0.0,0.0,2.1972245773362196,0.0,-9.735187237104428,0.0
2025-08-28 12:00:00,0.0,0.0,0.0,0.0,0.0,0.0,0.0,0.0,0.0,0.0,0.0,0.0,0.0,0.0,-5.855071922202427,0.0,1.084387297736762,0.0,4.07753744390572,0.0,-1.5040773967762742,0.0,0.0,0.0,2.1972245773362196,0.0
2025-08-28 13:00:00,2.9444389791664403,0.0,0.0,0.0,0.0,0.0,0.0,0.0,0.0,0.0,0.0,0.0,0.0,0.0,0.0,0.0,-5.855071922202427,0.0,1.084387297736762,0.0,4.07753744390572,0.0,-1.5040773967762742,0.0,0.0,0.0
2025-08-28 14:00:00,3.4996922775340007,0.0,2.9444389791664403,0.0,0.0,0.0,0.0,0.0,0.0,0.0,0.0,0.0,0.0,0.0,0.0,0.0,0.0,0.0,-5.855071922202427,0.0,1.084387297736762,0.0,4.07753744390572,0.0,-1.5040773967762742,0.0
2025-08-28 15:00:00,1.114906998742943,0.0,3.4996922775340007,0.0,2.9444389791664403,0.0,0.0,0.0,0.0,0.0,0.0,0.0,0.0,0.0,0.0,0.0,0.0,0.0,0.0,0.0,-5.855071922202427,0.0,1.084387297736762,0.0,4.07753744390572,0.0
2025-08-28 16:00:00,-2.226319462178015,0.0,1.114906998742943,0.0,3.4996922775340007,0.0,2.9444389791664403,0.0,0.0,0.0,0.0,0.0,0.0,0.0,0.0,0.0,0.0,0.0,0.0,0.0,0.0,0.0,-5.855071922202427,0.0,1.084387297736762,0.0
2025-08-28 17:00:00,1.3468803925790143,0.0,-2.226319462178015,0.0,1.114906998742943,0.0,3.4996922775340007,0.0,2.9444389791664403,0.0,0.0,0.0,0.0,0.0,0.0,0.0,0.0,0.0,0.0,0.0,0.0,0.0,0.0,0.0,-5.855071922202427,0.0
2025-08-28 18:00:00,-0.6204759902625865,0.0,1.3468803925790143,0.0,-2.226319462178015,0.0,1.114906998742943,0.0,3.4996922775340007,0.0,2.9444389791664403,0.0,0.0,0.0,0.0,0.0,0.0,0.0,0.0,0.0,0.0,0.0,0.0,0.0,0.0,0.0
2025-08-28 19:00:00,2.6037275682568035,0.0,-0.6204759902625865,0.0,1.3468803925790143,0.0,-2.226319462178015,0.0,1.114906998742943,0.0,3.4996922775340007,0.0,2.9444389791664403,0.0,0.0,0.0,0.0,0.0,0.0,0.0,0.0,0.0,0.0,0.0,0.0,0.0
2025-08-28 20:00:00,-0.6531554060956779,0.0,2.6037275682568035,0.0,-0.6204759902625865,0.0,1.3468803925790143,0.0,-2.226319462178015,0.0,1.114906998742943,0.0,3.4996922775340007,0.0,2.9444389791664403,0.0,0.0,0.0,0.0,0.0,0.0,0.0,0.0,0.0,0.0,0.0
2025-08-28 21:00:00,-2.3713406884091768,0.0,-0.6531554060956779,0.0,2.6037275682568035,0.0,-0.6204759902625865,0.0,1.3468803925790143,0.0,-2.226319462178015,0.0,1.114906998742943,0.0,3.4996922775340007,0.0,2.9444389791664403,0.0,0.0,0.0,0.0,0.0,0.0,0.0,0.0,0.0
2025-08-28 22:00:00,0.36058189261293716,0.0,-2.3713406884091768,0.0,-0.6531554060956779,0.0,2.6037275682568035,0.0,-0.6204759902625865,0.0,1.3468803925790143,0.0,-2.226319462178015,0.0,1.114906998742943,0.0,3.4996922775340007,0.0,2.9444389791664403,0.0,0.0,0.0,0.0,0.0,0.0,0.0
2025-08-28 23:00:00,-5.998936561946683,0.0,0.36058189261293716,0.0,-2.3713406884091768,0.0,-0.6531554060956779,0.0,2.6037275682568035,0.0,-0.6204759902625865,0.0,1.3468803925790143,0.0,-2.226319462178015,0.0,1.114906998742943,0.0,3.4996922775340007,0.0,2.9444389791664403,0.0,0.0,0.0,0.0,0.0
2025-08-29 00:00:00,2.5649493574615367,0.0,-5.998936561946683,0.0,0.36058189261293716,0.0,-2.3713406884091768,0.0,-0.6531554060956779,0.0,2.6037275682568035,0.0,-0.6204759902625865,0.0,1.3468803925790143,0.0,-2.226319462178015,0.0,1.114906998742943,0.0,3.4996922775340007,0.0,2.9444389791664403,0.0,0.0,0.0
2025-08-29 01:00:00,-2.5649493574615367,0.0,2.5649493574615367,0.0,-5.998936561946683,0.0,0.36058189261293716,0.0,-2.3713406884091768,0.0,-0.6531554060956779,0.0,2.6037275682568035,0.0,-0.6204759902625865,0.0,1.3468803925790143,0.0,-2.226319462178015,0.0,1.114906998742943,0.0,3.4996922775340007,0.0,2.9444389791664403,0.0
2025-08-29 02:00:00,0.0,0.0,-2.5649493574615367,0.0,2.5649493574615367,0.0,-5.998936561946683,0.0,0.36058189261293716,0.0,-2.3713406884091768,0.0,-0.6531554060956779,0.0,2.6037275682568035,0.0,-0.6204759902625865,0.0,1.3468803925790143,0.0,-2.226319462178015,0.0,1.114906998742943,0.0,3.4996922775340007,0.0
2025-08-29 03:00:00,4.574710978503383,0.0,0.0,0.0,-2.5649493574615367,0.0,2.5649493574615367,0.0,-5.998936561946683,0.0,0.36058189261293716,0.0,-2.3713406884091768,0.0,-0.6531554060956779,0.0,2.6037275682568035,0.0,-0.6204759902625865,0.0,1.3468803925790143,0.0,-2.226319462178015,0.0,1.114906998742943,0.0
2025-08-29 04:00:00,0.5843443207111463,0.0,4.574710978503383,0.0,0.0,0.0,-2.5649493574615367,0.0,2.5649493574615367,0.0,-5.998936561946683,0.0,0.36058189261293716,0.0,-2.3713406884091768,0.0,-0.6531554060956779,0.0,2.6037275682568035,0.0,-0.6204759902625865,0.0,1.3468803925790143,0.0,-2.226319462178015,0.0
2025-08-29 05:00:00,1.6411147690876708,0.0,0.5843443207111463,0.0,4.574710978503383,0.0,0.0,0.0,-2.5649493574615367,0.0,2.5649493574615367,0.0,-5.998936561946683,0.0,0.36058189261293716,0.0,-2.3713406884091768,0.0,-0.6531554060956779,0.0,2.6037275682568035,0.0,-0.6204759902625865,0.0,1.3468803925790143,0.0
2025-08-29 06:00:00,-6.8001700683022,0.0,1.6411147690876708,0.0,0.5843443207111463,0.0,4.574710978503383,0.0,0.0,0.0,-2.5649493574615367,0.0,2.5649493574615367,0.0,-5.998936561946683,0.0,0.36058189261293716,0.0,-2.3713406884091768,0.0,-0.6531554060956779,0.0,2.6037275682568035,0.0,-0.6204759902625865,0.0
2025-08-29 07:00:00,6.752270376141742,0.0,-6.8001700683022,0.0,1.6411147690876708,0.0,0.5843443207111463,0.0,4.574710978503383,0.0,0.0,0.0,-2.5649493574615367,0.0,2.5649493574615367,0.0,-5.998936561946683,0.0,0.36058189261293716,0.0,-2.3713406884091768,0.0,-0.6531554060956779,0.0,2.6037275682568035,0.0
2025-08-29 08:00:00,0.9162907318741551,0.0,6.752270376141742,0.0,-6.8001700683022,0.0,1.6411147690876708,0.0,0.5843443207111463,0.0,4.574710978503383,0.0,0.0,0.0,-2.5649493574615367,0.0,2.5649493574615367,0.0,-5.998936561946683,0.0,0.36058189261293716,0.0,-2.3713406884091768,0.0,-0.6531554060956779,0.0
2025-08-29 09:00:00,-3.2142138117623897,0.0,0.9162907318741551,0.0,6.752270376141742,0.0,-6.8001700683022,0.0,1.6411147690876708,0.0,0.5843443207111463,0.0,4.574710978503383,0.0,0.0,0.0,-2.5649493574615367,0.0,2.5649493574615367,0.0,-5.998936561946683,0.0,0.36058189261293716,0.0,-2.3713406884091768,0.0
2025-08-29 10:00:00,-4.454347296253507,0.0,-3.2142138117623897,0.0,0.9162907318741551,0.0,6.752270376141742,0.0,-6.8001700683022,0.0,1.6411147690876708,0.0,0.5843443207111463,0.0,4.574710978503383,0.0,0.0,0.0,-2.5649493574615367,0.0,2.5649493574615367,0.0,-5.998936561946683,0.0,0.36058189261293716,0.0
2025-08-29 11:00:00,0.0,0.0,-4.454347296253507,0.0,-3.2142138117623897,0.0,0.9162907318741551,0.0,6.752270376141742,0.0,-6.8001700683022,0.0,1.6411147690876708,0.0,0.5843443207111463,0.0,4.574710978503383,0.0,0.0,0.0,-2.5649493574615367,0.0,2.5649493574615367,0.0,-5.998936561946683,0.0
2025-08-29 12:00:00,6.315358001522335,0.0,0.0,0.0,-4.454347296253507,0.0,-3.2142138117623897,0.0,0.9162907318741551,0.0,6.752270376141742,0.0,-6.8001700683022,0.0,1.6411147690876708,0.0,0.5843443207111463,0.0,4.574710978503383,0.0,0.0,0.0,-2.5649493574615367,0.0,2.5649493574615367,0.0
2025-08-29 13:00:00,1.2860443330613984,0.0,6.315358001522335,0.0,0.0,0.0,-4.454347296253507,0.0,-3.2142138117623897,0.0,0.9162907318741551,0.0,6.752270376141742,0.0,-6.8001700683022,0.0,1.6411147690876708,0.0,0.5843443207111463,0.0,4.574710978503383,0.0,0.0,0.0,-2.5649493574615367,0.0
2025-08-29 14:00:00,-0.3557472669891979,0.0,1.2860443330613984,0.0,6.315358001522335,0.0,0.0,0.0,-4.454347296253507,0.0,-3.2142138117623897,0.0,0.9162907318741551,0.0,6.752270376141742,0.0,-6.8001700683022,0.0,1.6411147690876708,0.0,0.5843443207111463,0.0,4.574710978503383,0.0,0.0,0.0
2025-08-29 15:00:00,-2.0638715173024504,0.0,-0.3557472669891979,0.0,1.2860443330613984,0.0,6.315358001522335,0.0,0.0,0.0,-4.454347296253507,0.0,-3.2142138117623897,0.0,0.9162907318741551,0.0,6.752270376141742,0.0,-6.8001700683022,0.0,1.6411147690876708,0.0,0.5843443207111463,0.0,4.574710978503383,0.0
2025-08-29 16:00:00,-4.083171261623975,0.0,-2.0638715173024504,0.0,-0.3557472669891979,0.0,1.2860443330613984,0.0,6.315358001522335,0.0,0.0,0.0,-4.454347296253507,0.0,-3.2142138117623897,0.0,0.9162907318741551,0.0,6.752270376141742,0.0,-6.8001700683022,0.0,1.6411147690876708,0.0,0.5843443207111463,0.0
2025-08-29 17:00:00,7.3783837129967145,0.0,-4.083171261623975,0.0,-2.0638715173024504,0.0,-0.3557472669891979,0.0,1.2860443330613984,0.0,6.315358001522335,0.0,0.0,0.0,-4.454347296253507,0.0,-3.2142138117623897,0.0,0.9162907318741551,0.0,6.752270376141742,0.0,-6.8001700683022,0.0,1.6411147690876708,0.0
2025-08-29 18:00:00,-0.9881430459313654,0.0,7.3783837129967145,0.0,-4.083171261623975,0.0,-2.0638715173024504,0.0,-0.3557472669891979,0.0,1.2860443330613984,0.0,6.315358001522335,0.0,0.0,0.0,-4.454347296253507,0.0,-3.2142138117623897,0.0,0.9162907318741551,0.0,6.752270376141742,0.0,-6.8001700683022,0.0
2025-08-29 19:00:00,-2.770354084438365,0.0,-0.9881430459313654,0.0,7.3783837129967145,0.0,-4.083171261623975,0.0,-2.0638715173024504,0.0,-0.3557472669891979,0.0,1.2860443330613984,0.0,6.315358001522335,0.0,0.0,0.0,-4.454347296253507,0.0,-3.2142138117623897,0.0,0.9162907318741551,0.0,6.752270376141742,0.0
2025-08-29 20:00:00,2.4392366129548124,0.0,-2.770354084438365,0.0,-0.9881430459313654,0.0,7.3783837129967145,0.0,-4.083171261623975,0.0,-2.0638715173024504,0.0,-0.3557472669891979,0.0,1.2860443330613984,0.0,6.315358001522335,0.0,0.0,0.0,-4.454347296253507,0.0,-3.2142138117623897,0.0,0.9162907318741551,0.0
2025-08-29 21:00:00,-1.0664256021722087,0.0,2.4392366129548124,0.0,-2.770354084438365,0.0,-0.9881430459313654,0.0,7.3783837129967145,0.0,-4.083171261623975,0.0,-2.0638715173024504,0.0,-0.3557472669891979,0.0,1.2860443330613984,0.0,6.315358001522335,0.0,0.0,0.0,-4.454347296253507,0.0,-3.2142138117623897,0.0
2025-08-29 22:00:00,2.321855238914492,0.0,-1.0664256021722087,0.0,2.4392366129548124,0.0,-2.770354084438365,0.0,-0.9881430459313654,0.0,7.3783837129967145,0.0,-4.083171261623975,0.0,-2.0638715173024504,0.0,-0.3557472669891979,0.0,1.2860443330613984,0.0,6.315358001522335,0.0,0.0,0.0,-4.454347296253507,0.0
2025-08-29 23:00:00,1.252192137921405,0.0,2.321855238914492,0.0,-1.0664256021722087,0.0,2.4392366129548124,0.0,-2.770354084438365,0.0,-0.9881430459313654,0.0,7.3783837129967145,0.0,-4.083171261623975,0.0,-2.0638715173024504,0.0,-0.3557472669891979,0.0,1.2860443330613984,0.0,6.315358001522335,0.0,0.0,0.0
2025-08-30 00:00:00,-5.881167624995333,0.0,1.252192137921405,0.0,2.321855238914492,0.0,-1.0664256021722087,0.0,2.4392366129548124,0.0,-2.770354084438365,0.0,-0.9881430459313654,0.0,7.3783837129967145,0.0,-4.083171261623975,0.0,-2.0638715173024504,0.0,-0.3557472669891979,0.0,1.2860443330613984,0.0,6.315358001522335,0.0
2025-08-30 01:00:00,2.3317024915647733,0.0,-5.881167624995333,0.0,1.252192137921405,0.0,2.321855238914492,0.0,-1.0664256021722087,0.0,2.4392366129548124,0.0,-2.770354084438365,0.0,-0.9881430459313654,0.0,7.3783837129967145,0.0,-4.083171261623975,0.0,-2.0638715173024504,0.0,-0.3557472669891979,0.0,1.2860443330613984,0.0
2025-08-30 02:00:00,-2.1840664927587086,0.0,2.3317024915647733,0.0,-5.881167624995333,0.0,1.252192137921405,0.0,2.321855238914492,0.0,-1.0664256021722087,0.0,2.4392366129548124,0.0,-2.770354084438365,0.0,-0.9881430459313654,0.0,7.3783837129967145,0.0,-4.083171261623975,0.0,-2.0638715173024504,0.0,-0.3557472669891979,0.0
2025-08-30 03:00:00,2.499505449209153,0.0,-2.1840664927587086,0.0,2.3317024915647733,0.0,-5.881167624995333,0.0,1.252192137921405,0.0,2.321855238914492,0.0,-1.0664256021722087,0.0,2.4392366129548124,0.0,-2.770354084438365,0.0,-0.9881430459313654,0.0,7.3783837129967145,0.0,-4.083171261623975,0.0,-2.0638715173024504,0.0
2025-08-30 04:00:00,-6.431331081933479,0.0,2.499505449209153,0.0,-2.1840664927587086,0.0,2.3317024915647733,0.0,-5.881167624995333,0.0,1.252192137921405,0.0,2.321855238914492,0.0,-1.0664256021722087,0.0,2.4392366129548124,0.0,-2.770354084438365,0.0,-0.9881430459313654,0.0,7.3783837129967145,0.0,-4.083171261623975,0.0
2025-08-30 05:00:00,8.006700845440367,0.0,-6.431331081933479,0.0,2.499505449209153,0.0,-2.1840664927587086,0.0,2.3317024915647733,0.0,-5.881167624995333,0.0,1.252192137921405,0.0,2.321855238914492,0.0,-1.0664256021722087,0.0,2.4392366129548124,0.0,-2.770354084438365,0.0,-0.9881430459313654,0.0,7.3783837129967145,0.0
2025-08-30 06:00:00,-8.006700845440367,0.0,8.006700845440367,0.0,-6.431331081933479,0.0,2.499505449209153,0.0,-2.1840664927587086,0.0,2.3317024915647733,0.0,-5.881167624995333,0.0,1.252192137921405,0.0,2.321855238914492,0.0,-1.0664256021722087,0.0,2.4392366129548124,0.0,-2.770354084438365,0.0,-0.9881430459313654,0.0
2025-08-30 07:00:00,0.0,0.0,-8.006700845440367,0.0,8.006700845440367,0.0,-6.431331081933479,0.0,2.499505449209153,0.0,-2.1840664927587086,0.0,2.3317024915647733,0.0,-5.881167624995333,0.0,1.252192137921405,0.0,2.321855238914492,0.0,-1.0664256021722087,0.0,2.4392366129548124,0.0,-2.770354084438365,0.0
2025-08-30 08:00:00,0.0,0.0,0.0,0.0,-8.006700845440367,0.0,8.006700845440367,0.0,-6.431331081933479,0.0,2.499505449209153,0.0,-2.1840664927587086,0.0,2.3317024915647733,0.0,-5.881167624995333,0.0,1.252192137921405,0.0,2.321855238914492,0.0,-1.0664256021722087,0.0,2.4392366129548124,0.0
2025-08-30 09:00:00,0.0,0.0,0.0,0.0,0.0,0.0,-8.006700845440367,0.0,8.006700845440367,0.0,-6.431331081933479,0.0,2.499505449209153,0.0,-2.1840664927587086,0.0,2.3317024915647733,0.0,-5.881167624995333,0.0,1.252192137921405,0.0,2.321855238914492,0.0,-1.0664256021722087,0.0
2025-08-30 10:00:00,0.0,0.0,0.0,0.0,0.0,0.0,0.0,0.0,-8.006700845440367,0.0,8.006700845440367,0.0,-6.431331081933479,0.0,2.499505449209153,0.0,-2.1840664927587086,0.0,2.3317024915647733,0.0,-5.881167624995333,0.0,1.252192137921405,0.0,2.321855238914492,0.0
2025-08-30 11:00:00,4.23410650459726,0.0,0.0,0.0,0.0,0.0,0.0,0.0,0.0,0.0,-8.006700845440367,0.0,8.006700845440367,0.0,-6.431331081933479,0.0,2.499505449209153,0.0,-2.1840664927587086,0.0,2.3317024915647733,0.0,-5.881167624995333,0.0,1.252192137921405,0.0
2025-08-30 12:00:00,-4.23410650459726,0.0,4.23410650459726,0.0,0.0,0.0,0.0,0.0,0.0,0.0,0.0,0.0,-8.006700845440367,0.0,8.006700845440367,0.0,-6.431331081933479,0.0,2.499505449209153,0.0,-2.1840664927587086,0.0,2.3317024915647733,0.0,-5.881167624995333,0.0
2025-08-30 13:00:00,0.0,0.0,-4.23410650459726,0.0,4.23410650459726,0.0,0.0,0.0,0.0,0.0,0.0,0.0,0.0,0.0,-8.006700845440367,0.0,8.006700845440367,0.0,-6.431331081933479,0.0,2.499505449209153,0.0,-2.1840664927587086,0.0,2.3317024915647733,0.0
2025-08-30 14:00:00,4.394449154672439,0.0,0.0,0.0,-4.23410650459726,0.0,4.23410650459726,0.0,0.0,0.0,0.0,0.0,0.0,0.0,0.0,0.0,-8.006700845440367,0.0,8.006700845440367,0.0,-6.431331081933479,0.0,2.499505449209153,0.0,-2.1840664927587086,0.0
2025-08-30 15:00:00,2.357821221469303,0.0,4.394449154672439,0.0,0.0,0.0,-4.23410650459726,0.0,4.23410650459726,0.0,0.0,0.0,0.0,0.0,0.0,0.0,0.0,0.0,-8.006700845440367,0.0,8.006700845440367,0.0,-6.431331081933479,0.0,2.499505449209153,0.0
2025-08-30 16:00:00,-3.49417383812026,0.0,2.357821221469303,0.0,4.394449154672439,0.0,0.0,0.0,-4.23410650459726,0.0,4.23410650459726,0.0,0.0,0.0,0.0,0.0,0.0,0.0,0.0,0.0,-8.006700845440367,0.0,8.006700845440367,0.0,-6.431331081933479,0.0
2025-08-30 17:00:00,2.8860890961041634,0.0,-3.49417383812026,0.0,2.357821221469303,0.0,4.394449154672439,0.0,0.0,0.0,-4.23410650459726,0.0,4.23410650459726,0.0,0.0,0.0,0.0,0.0,0.0,0.0,0.0,0.0,-8.006700845440367,0.0,8.006700845440367,0.0
2025-08-30 18:00:00,2.9964830646012173,0.0,2.8860890961041634,0.0,-3.49417383812026,0.0,2.357821221469303,0.0,4.394449154672439,0.0,0.0,0.0,-4.23410650459726,0.0,4.23410650459726,0.0,0.0,0.0,0.0,0.0,0.0,0.0,0.0,0.0,-8.006700845440367,0.0
2025-08-30 19:00:00,-0.9221511212372722,0.0,2.9964830646012173,0.0,2.8860890961041634,0.0,-3.49417383812026,0.0,2.357821221469303,0.0,4.394449154672439,0.0,0.0,0.0,-4.23410650459726,0.0,4.23410650459726,0.0,0.0,0.0,0.0,0.0,0.0,0.0,0.0,0.0
2025-08-30 20:00:00,-3.849069725022569,0.0,-0.9221511212372722,0.0,2.9964830646012173,0.0,2.8860890961041634,0.0,-3.49417383812026,0.0,2.357821221469303,0.0,4.394449154672439,0.0,0.0,0.0,-4.23410650459726,0.0,4.23410650459726,0.0,0.0,0.0,0.0,0.0,0.0,0.0
2025-08-30 21:00:00,-3.2708355637989115,0.0,-3.849069725022569,0.0,-0.9221511212372722,0.0,2.9964830646012173,0.0,2.8860890961041634,0.0,-3.49417383812026,0.0,2.357821221469303,0.0,4.394449154672439,0.0,0.0,0.0,-4.23410650459726,0.0,4.23410650459726,0.0,0.0,0.0,0.0,0.0
2025-08-30 22:00:00,-1.0986122886681098,0.0,-3.2708355637989115,0.0,-3.849069725022569,0.0,-0.9221511212372722,0.0,2.9964830646012173,0.0,2.8860890961041634,0.0,-3.49417383812026,0.0,2.357821221469303,0.0,4.394449154672439,0.0,0.0,0.0,-4.23410650459726,0.0,4.23410650459726,0.0,0.0,0.0
2025-08-30 23:00:00,0.0,0.0,-1.0986122886681098,0.0,-3.2708355637989115,0.0,-3.849069725022569,0.0,-0.9221511212372722,0.0,2.9964830646012173,0.0,2.8860890961041634,0.0,-3.49417383812026,0.0,2.357821221469303,0.0,4.394449154672439,0.0,0.0,0.0,-4.23410650459726,0.0,4.23410650459726,0.0
2025-08-31 00:00:00,5.730099782973574,0.0,0.0,0.0,-1.0986122886681098,0.0,-3.2708355637989115,0.0,-3.849069725022569,0.0,-0.9221511212372722,0.0,2.9964830646012173,0.0,2.8860890961041634,0.0,-3.49417383812026,0.0,2.357821221469303,0.0,4.394449154672439,0.0,0.0,0.0,-4.23410650459726,0.0
2025-08-31 01:00:00,-0.09888800115220864,0.0,5.730099782973574,0.0,0.0,0.0,-1.0986122886681098,0.0,-3.2708355637989115,0.0,-3.849069725022569,0.0,-0.9221511212372722,0.0,2.9964830646012173,0.0,2.8860890961041634,0.0,-3.49417383812026,0.0,2.357821221469303,0.0,4.394449154672439,0.0,0.0,0.0
2025-08-31 02:00:00,1.257360677743998,0.0,-0.09888800115220864,0.0,5.730099782973574,0.0,0.0,0.0,-1.0986122886681098,0.0,-3.2708355637989115,0.0,-3.849069725022569,0.0,-0.9221511212372722,0.0,2.9964830646012173,0.0,2.8860890961041634,0.0,-3.49417383812026,0.0,2.357821221469303,0.0,4.394449154672439,0.0
2025-08-31 03:00:00,-5.7899601708972535,0.0,1.257360677743998,0.0,-0.09888800115220864,0.0,5.730099782973574,0.0,0.0,0.0,-1.0986122886681098,0.0,-3.2708355637989115,0.0,-3.849069725022569,0.0,-0.9221511212372722,0.0,2.9964830646012173,0.0,2.8860890961041634,0.0,-3.49417383812026,0.0,2.357821221469303,0.0
2025-08-31 04:00:00,1.6739764335716714,0.0,-5.7899601708972535,0.0,1.257360677743998,0.0,-0.09888800115220864,0.0,5.730099782973574,0.0,0.0,0.0,-1.0986122886681098,0.0,-3.2708355637989115,0.0,-3.849069725022569,0.0,-0.9221511212372722,0.0,2.9964830646012173,0.0,2.8860890961041634,0.0,-3.49417383812026,0.0
2025-08-31 05:00:00,1.8425317946014785,0.0,1.6739764335716714,0.0,-5.7899601708972535,0.0,1.257360677743998,0.0,-0.09888800115220864,0.0,5.730099782973574,0.0,0.0,0.0,-1.0986122886681098,0.0,-3.2708355637989115,0.0,-3.849069725022569,0.0,-0.9221511212372722,0.0,2.9964830646012173,0.0,2.8860890961041634,0.0
2025-08-31 06:00:00,0.441125288507048,0.0,1.8425317946014785,0.0,1.6739764335716714,0.0,-5.7899601708972535,0.0,1.257360677743998,0.0,-0.09888800115220864,0.0,5.730099782973574,0.0,0.0,0.0,-1.0986122886681098,0.0,-3.2708355637989115,0.0,-3.849069725022569,0.0,-0.9221511212372722,0.0,2.9964830646012173,0.0
2025-08-31 07:00:00,-5.056245805348308,0.0,0.441125288507048,0.0,1.8425317946014785,0.0,1.6739764335716714,0.0,-5.7899601708972535,0.0,1.257360677743998,0.0,-0.09888800115220864,0.0,5.730099782973574,0.0,0.0,0.0,-1.0986122886681098,0.0,-3.2708355637989115,0.0,-3.849069725022569,0.0,-0.9221511212372722,0.0
2025-08-31 08:00:00,5.056245805348308,0.0,-5.056245805348308,0.0,0.441125288507048,0.0,1.8425317946014785,0.0,1.6739764335716714,0.0,-5.7899601708972535,0.0,1.257360677743998,0.0,-0.09888800115220864,0.0,5.730099782973574,0.0,0.0,0.0,-1.0986122886681098,0.0,-3.2708355637989115,0.0,-3.849069725022569,0.0
2025-08-31 09:00:00,0.44092241994489445,0.0,5.056245805348308,0.0,-5.056245805348308,0.0,0.441125288507048,0.0,1.8425317946014785,0.0,1.6739764335716714,0.0,-5.7899601708972535,0.0,1.257360677743998,0.0,-0.09888800115220864,0.0,5.730099782973574,0.0,0.0,0.0,-1.0986122886681098,0.0,-3.2708355637989115,0.0
2025-08-31 10:00:00,-4.804021044733257,0.0,0.44092241994489445,0.0,5.056245805348308,0.0,-5.056245805348308,0.0,0.441125288507048,0.0,1.8425317946014785,0.0,1.6739764335716714,0.0,-5.7899601708972535,0.0,1.257360677743998,0.0,-0.09888800115220864,0.0,5.730099782973574,0.0,0.0,0.0,-1.0986122886681098,0.0
2025-08-31 11:00:00,-0.6931471805599453,0.0,-4.804021044733257,0.0,0.44092241994489445,0.0,5.056245805348308,0.0,-5.056245805348308,0.0,0.441125288507048,0.0,1.8425317946014785,0.0,1.6739764335716714,0.0,-5.7899601708972535,0.0,1.257360677743998,0.0,-0.09888800115220864,0.0,5.730099782973574,0.0,0.0,0.0
2025-08-31 12:00:00,1.791759469228055,0.0,-0.6931471805599453,0.0,-4.804021044733257,0.0,0.44092241994489445,0.0,5.056245805348308,0.0,-5.056245805348308,0.0,0.441125288507048,0.0,1.8425317946014785,0.0,1.6739764335716714,0.0,-5.7899601708972535,0.0,1.257360677743998,0.0,-0.09888800115220864,0.0,5.730099782973574,0.0
2025-08-31 13:00:00,-1.791759469228055,0.0,1.791759469228055,0.0,-0.6931471805599453,0.0,-4.804021044733257,0.0,0.44092241994489445,0.0,5.056245805348308,0.0,-5.056245805348308,0.0,0.441125288507048,0.0,1.8425317946014785,0.0,1.6739764335716714,0.0,-5.7899601708972535,0.0,1.257360677743998,0.0,-0.09888800115220864,0.0
2025-08-31 14:00:00,3.1354942159291497,0.0,-1.791759469228055,0.0,1.791759469228055,0.0,-0.6931471805599453,0.0,-4.804021044733257,0.0,0.44092241994489445,0.0,5.056245805348308,0.0,-5.056245805348308,0.0,0.441125288507048,0.0,1.8425317946014785,0.0,1.6739764335716714,0.0,-5.7899601708972535,0.0,1.257360677743998,0.0
2025-08-31 15:00:00,3.081111885155715,0.0,3.1354942159291497,0.0,-1.791759469228055,0.0,1.791759469228055,0.0,-0.6931471805599453,0.0,-4.804021044733257,0.0,0.44092241994489445,0.0,5.056245805348308,0.0,-5.056245805348308,0.0,0.441125288507048,0.0,1.8425317946014785,0.0,1.6739764335716714,0.0,-5.7899601708972535,0.0
2025-08-31 16:00:00,-6.2166061010848646,0.0,3.081111885155715,0.0,3.1354942159291497,0.0,-1.791759469228055,0.0,1.791759469228055,0.0,-0.6931471805599453,0.0,-4.804021044733257,0.0,0.44092241994489445,0.0,5.056245805348308,0.0,-5.056245805348308,0.0,0.441125288507048,0.0,1.8425317946014785,0.0,1.6739764335716714,0.0
2025-08-31 17:00:00,5.081404364984463,0.0,-6.2166061010848646,0.0,3.081111885155715,0.0,3.1354942159291497,0.0,-1.791759469228055,0.0,1.791759469228055,0.0,-0.6931471805599453,0.0,-4.804021044733257,0.0,0.44092241994489445,0.0,5.056245805348308,0.0,-5.056245805348308,0.0,0.441125288507048,0.0,1.8425317946014785,0.0
2025-08-31 18:00:00,-5.081404364984463,0.0,5.081404364984463,0.0,-6.2166061010848646,0.0,3.081111885155715,0.0,3.1354942159291497,0.0,-1.791759469228055,0.0,1.791759469228055,0.0,-0.6931471805599453,0.0,-4.804021044733257,0.0,0.44092241994489445,0.0,5.056245805348308,0.0,-5.056245805348308,0.0,0.441125288507048,0.0
2025-08-31 19:00:00,2.772588722239781,0.0,-5.081404364984463,0.0,5.081404364984463,0.0,-6.2166061010848646,0.0,3.081111885155715,0.0,3.1354942159291497,0.0,-1.791759469228055,0.0,1.791759469228055,0.0,-0.6931471805599453,0.0,-4.804021044733257,0.0,0.44092241994489445,0.0,5.056245805348308,0.0,-5.056245805348308,0.0
2025-08-31 20:00:00,2.2643638801738484,0.0,2.772588722239781,0.0,-5.081404364984463,0.0,5.081404364984463,0.0,-6.2166061010848646,0.0,3.081111885155715,0.0,3.1354942159291497,0.0,-1.791759469228055,0.0,1.791759469228055,0.0,-0.6931471805599453,0.0,-4.804021044733257,0.0,0.44092241994489445,0.0,5.056245805348308,0.0
2025-08-31 21:00:00,-5.0369526024136295,0.0,2.2643638801738484,0.0,2.772588722239781,0.0,-5.081404364984463,0.0,5.081404364984463,0.0,-6.2166061010848646,0.0,3.081111885155715,0.0,3.1354942159291497,0.0,-1.791759469228055,0.0,1.791759469228055,0.0,-0.6931471805599453,0.0,-4.804021044733257,0.0,0.44092241994489445,0.0
2025-08-31 22:00:00,7.5822291942764615,0.0,-5.0369526024136295,0.0,2.2643638801738484,0.0,2.772588722239781,0.0,-5.081404364984463,0.0,5.081404364984463,0.0,-6.2166061010848646,0.0,3.081111885155715,0.0,3.1354942159291497,0.0,-1.791759469228055,0.0,1.791759469228055,0.0,-0.6931471805599453,0.0,-4.804021044733257,0.0
2025-08-31 23:00:00,-4.80964047203668,0.0,7.5822291942764615,0.0,-5.0369526024136295,0.0,2.2643638801738484,0.0,2.772588722239781,0.0,-5.081404364984463,0.0,5.081404364984463,0.0,-6.2166061010848646,0.0,3.081111885155715,0.0,3.1354942159291497,0.0,-1.791759469228055,0.0,1.791759469228055,0.0,-0.6931471805599453,0.0
2025-09-01 00:00:00,7.01963201786776,0.0,-4.80964047203668,0.0,7.5822291942764615,0.0,-5.0369526024136295,0.0,2.2643638801738484,0.0,2.772588722239781,0.0,-5.081404364984463,0.0,5.081404364984463,0.0,-6.2166061010848646,0.0,3.081111885155715,0.0,3.1354942159291497,0.0,-1.791759469228055,0.0,1.791759469228055,0.0
2025-09-01 01:00:00,-9.792220740107542,0.0,7.01963201786776,0.0,-4.80964047203668,0.0,7.5822291942764615,0.0,-5.0369526024136295,0.0,2.2643638801738484,0.0,2.772588722239781,0.0,-5.081404364984463,0.0,5.081404364984463,0.0,-6.2166061010848646,0.0,3.081111885155715,0.0,3.1354942159291497,0.0,-1.791759469228055,0.0
2025-09-01 02:00:00,0.0,0.0,-9.792220740107542,0.0,7.01963201786776,0.0,-4.80964047203668,0.0,7.5822291942764615,0.0,-5.0369526024136295,0.0,2.2643638801738484,0.0,2.772588722239781,0.0,-5.081404364984463,0.0,5.081404364984463,0.0,-6.2166061010848646,0.0,3.081111885155715,0.0,3.1354942159291497,0.0
2025-09-01 03:00:00,0.0,0.0,0.0,0.0,-9.792220740107542,0.0,7.01963201786776,0.0,-4.80964047203668,0.0,7.5822291942764615,0.0,-5.0369526024136295,0.0,2.2643638801738484,0.0,2.772588722239781,0.0,-5.081404364984463,0.0,5.081404364984463,0.0,-6.2166061010848646,0.0,3.081111885155715,0.0
2025-09-01 04:00:00,0.0,0.0,0.0,0.0,0.0,0.0,-9.792220740107542,0.0,7.01963201786776,0.0,-4.80964047203668,0.0,7.5822291942764615,0.0,-5.0369526024136295,0.0,2.2643638801738484,0.0,2.772588722239781,0.0,-5.081404364984463,0.0,5.081404364984463,0.0,-6.2166061010848646,0.0
2025-09-01 05:00:00,11.721783461914578,0.0,0.0,0.0,0.0,0.0,0.0,0.0,-9.792220740107542,0.0,7.01963201786776,0.0,-4.80964047203668,0.0,7.5822291942764615,0.0,-5.0369526024136295,0.0,2.2643638801738484,0.0,2.772588722239781,0.0,-5.081404364984463,0.0,5.081404364984463,0.0
2025-09-01 06:00:00,-10.623171173246469,0.0,11.721783461914578,0.0,0.0,0.0,0.0,0.0,0.0,0.0,-9.792220740107542,0.0,7.01963201786776,0.0,-4.80964047203668,0.0,7.5822291942764615,0.0,-5.0369526024136295,0.0,2.2643638801738484,0.0,2.772588722239781,0.0,-5.081404364984463,0.0
2025-09-01 07:00:00,0.5108256237659905,0.0,-10.623171173246469,0.0,11.721783461914578,0.0,0.0,0.0,0.0,0.0,0.0,0.0,-9.792220740107542,0.0,7.01963201786776,0.0,-4.80964047203668,0.0,7.5822291942764615,0.0,-5.0369526024136295,0.0,2.2643638801738484,0.0,2.772588722239781,0.0
2025-09-01 08:00:00,-0.916290731874155,0.0,0.5108256237659905,0.0,-10.623171173246469,0.0,11.721783461914578,0.0,0.0,0.0,0.0,0.0,0.0,0.0,-9.792220740107542,0.0,7.01963201786776,0.0,-4.80964047203668,0.0,7.5822291942764615,0.0,-5.0369526024136295,0.0,2.2643638801738484,0.0
2025-09-01 09:00:00,-0.6931471805599453,0.0,-0.916290731874155,0.0,0.5108256237659905,0.0,-10.623171173246469,0.0,11.721783461914578,0.0,0.0,0.0,0.0,0.0,0.0,0.0,-9.792220740107542,0.0,7.01963201786776,0.0,-4.80964047203668,0.0,7.5822291942764615,0.0,-5.0369526024136295,0.0
2025-09-01 10:00:00,0.0,0.0,-0.6931471805599453,0.0,-0.916290731874155,0.0,0.5108256237659905,0.0,-10.623171173246469,0.0,11.721783461914578,0.0,0.0,0.0,0.0,0.0,0.0,0.0,-9.792220740107542,0.0,7.01963201786776,0.0,-4.80964047203668,0.0,7.5822291942764615,0.0
2025-09-01 11:00:00,0.0,0.0,0.0,0.0,-0.6931471805599453,0.0,-0.916290731874155,0.0,0.5108256237659905,0.0,-10.623171173246469,0.0,11.721783461914578,0.0,0.0,0.0,0.0,0.0,0.0,0.0,-9.792220740107542,0.0,7.01963201786776,0.0,-4.80964047203668,0.0
2025-09-01 12:00:00,5.030437921392435,0.0,0.0,0.0,0.0,0.0,-0.6931471805599453,0.0,-0.916290731874155,0.0,0.5108256237659905,0.0,-10.623171173246469,0.0,11.721783461914578,0.0,0.0,0.0,0.0,0.0,0.0,0.0,-9.792220740107542,0.0,7.01963201786776,0.0
2025-09-01 13:00:00,-1.419520008748211,0.0,5.030437921392435,0.0,0.0,0.0,0.0,0.0,-0.6931471805599453,0.0,-0.916290731874155,0.0,0.5108256237659905,0.0,-10.623171173246469,0.0,11.721783461914578,0.0,0.0,0.0,0.0,0.0,0.0,0.0,-9.792220740107542,0.0
2025-09-01 14:00:00,-3.6109179126442243,0.0,-1.419520008748211,0.0,5.030437921392435,0.0,0.0,0.0,0.0,0.0,-0.6931471805599453,0.0,-0.916290731874155,0.0,0.5108256237659905,0.0,-10.623171173246469,0.0,11.721783461914578,0.0,0.0,0.0,0.0,0.0,0.0,0.0
2025-09-01 15:00:00,3.9318256327243257,0.0,-3.6109179126442243,0.0,-1.419520008748211,0.0,5.030437921392435,0.0,0.0,0.0,0.0,0.0,-0.6931471805599453,0.0,-0.916290731874155,0.0,0.5108256237659905,0.0,-10.623171173246469,0.0,11.721783461914578,0.0,0.0,0.0,0.0,0.0
2025-09-01 16:00:00,-3.9318256327243257,0.0,3.9318256327243257,0.0,-3.6109179126442243,0.0,-1.419520008748211,0.0,5.030437921392435,0.0,0.0,0.0,0.0,0.0,-0.6931471805599453,0.0,-0.916290731874155,0.0,0.5108256237659905,0.0,-10.623171173246469,0.0,11.721783461914578,0.0,0.0,0.0
2025-09-01 17:00:00,7.5822291942764615,0.0,-3.9318256327243257,0.0,3.9318256327243257,0.0,-3.6109179126442243,0.0,-1.419520008748211,0.0,5.030437921392435,0.0,0.0,0.0,0.0,0.0,-0.6931471805599453,0.0,-0.916290731874155,0.0,0.5108256237659905,0.0,-10.623171173246469,0.0,11.721783461914578,0.0
2025-09-01 18:00:00,-7.5822291942764615,0.0,7.5822291942764615,0.0,-3.9318256327243257,0.0,3.9318256327243257,0.0,-3.6109179126442243,0.0,-1.419520008748211,0.0,5.030437921392435,0.0,0.0,0.0,0.0,0.0,-0.6931471805599453,0.0,-0.916290731874155,0.0,0.5108256237659905,0.0,-10.623171173246469,0.0
2025-09-01 19:00:00,4.890349128221754,0.0,-7.5822291942764615,0.0,7.5822291942764615,0.0,-3.9318256327243257,0.0,3.9318256327243257,0.0,-3.6109179126442243,0.0,-1.419520008748211,0.0,5.030437921392435,0.0,0.0,0.0,0.0,0.0,-0.6931471805599453,0.0,-0.916290731874155,0.0,0.5108256237659905,0.0
2025-09-01 20:00:00,-3.7917368395536437,0.0,4.890349128221754,0.0,-7.5822291942764615,0.0,7.5822291942764615,0.0,-3.9318256327243257,0.0,3.9318256327243257,0.0,-3.6109179126442243,0.0,-1.419520008748211,0.0,5.030437921392435,0.0,0.0,0.0,0.0,0.0,-0.6931471805599453,0.0,-0.916290731874155,0.0
2025-09-01 21:00:00,6.10553700336783,0.0,-3.7917368395536437,0.0,4.890349128221754,0.0,-7.5822291942764615,0.0,7.5822291942764615,0.0,-3.9318256327243257,0.0,3.9318256327243257,0.0,-3.6109179126442243,0.0,-1.419520008748211,0.0,5.030437921392435,0.0,0.0,0.0,0.0,0.0,-0.6931471805599453,0.0
2025-09-01 22:00:00,-7.20414929203594,0.0,6.10553700336783,0.0,-3.7917368395536437,0.0,4.890349128221754,0.0,-7.5822291942764615,0.0,7.5822291942764615,0.0,-3.9318256327243257,0.0,3.9318256327243257,0.0,-3.6109179126442243,0.0,-1.419520008748211,0.0,5.030437921392435,0.0,0.0,0.0,0.0,0.0
2025-09-01 23:00:00,5.056245805348308,0.0,-7.20414929203594,0.0,6.10553700336783,0.0,-3.7917368395536437,0.0,4.890349128221754,0.0,-7.5822291942764615,0.0,7.5822291942764615,0.0,-3.9318256327243257,0.0,3.9318256327243257,0.0,-3.6109179126442243,0.0,-1.419520008748211,0.0,5.030437921392435,0.0,0.0,0.0
2025-09-02 00:00:00,-5.056245805348308,0.0,5.056245805348308,0.0,-7.20414929203594,0.0,6.10553700336783,0.0,-3.7917368395536437,0.0,4.890349128221754,0.0,-7.5822291942764615,0.0,7.5822291942764615,0.0,-3.9318256327243257,0.0,3.9318256327243257,0.0,-3.6109179126442243,0.0,-1.419520008748211,0.0,5.030437921392435,0.0
2025-09-02 01:00:00,5.4638318050256105,0.0,-5.056245805348308,0.0,5.056245805348308,0.0,-7.20414929203594,0.0,6.10553700336783,0.0,-3.7917368395536437,0.0,4.890349128221754,0.0,-7.5822291942764615,0.0,7.5822291942764615,0.0,-3.9318256327243257,0.0,3.9318256327243257,0.0,-3.6109179126442243,0.0,-1.419520008748211,0.0
2025-09-02 02:00:00,0.84426663648392,0.0,5.4638318050256105,0.0,-5.056245805348308,0.0,5.056245805348308,0.0,-7.20414929203594,0.0,6.10553700336783,0.0,-3.7917368395536437,0.0,4.890349128221754,0.0,-7.5822291942764615,0.0,7.5822291942764615,0.0,-3.9318256327243257,0.0,3.9318256327243257,0.0,-3.6109179126442243,0.0
2025-09-02 03:00:00,-0.13639784409861555,0.0,0.84426663648392,0.0,5.4638318050256105,0.0,-5.056245805348308,0.0,5.056245805348308,0.0,-7.20414929203594,0.0,6.10553700336783,0.0,-3.7917368395536437,0.0,4.890349128221754,0.0,-7.5822291942764615,0.0,7.5822291942764615,0.0,-3.9318256327243257,0.0,3.9318256327243257,0.0
2025-09-02 04:00:00,-0.8884968686729264,0.0,-0.13639784409861555,0.0,0.84426663648392,0.0,5.4638318050256105,0.0,-5.056245805348308,0.0,5.056245805348308,0.0,-7.20414929203594,0.0,6.10553700336783,0.0,-3.7917368395536437,0.0,4.890349128221754,0.0,-7.5822291942764615,0.0,7.5822291942764615,0.0,-3.9318256327243257,0.0
2025-09-02 05:00:00,-5.2832037287379885,0.0,-0.8884968686729264,0.0,-0.13639784409861555,0.0,0.84426663648392,0.0,5.4638318050256105,0.0,-5.056245805348308,0.0,5.056245805348308,0.0,-7.20414929203594,0.0,6.10553700336783,0.0,-3.7917368395536437,0.0,4.890349128221754,0.0,-7.5822291942764615,0.0,7.5822291942764615,0.0
2025-09-02 06:00:00,0.0,0.0,-5.2832037287379885,0.0,-0.8884968686729264,0.0,-0.13639784409861555,0.0,0.84426663648392,0.0,5.4638318050256105,0.0,-5.056245805348308,0.0,5.056245805348308,0.0,-7.20414929203594,0.0,6.10553700336783,0.0,-3.7917368395536437,0.0,4.890349128221754,0.0,-7.5822291942764615,0.0
2025-09-02 07:00:00,0.0,0.0,0.0,0.0,-5.2832037287379885,0.0,-0.8884968686729264,0.0,-0.13639784409861555,0.0,0.84426663648392,0.0,5.4638318050256105,0.0,-5.056245805348308,0.0,5.056245805348308,0.0,-7.20414929203594,0.0,6.10553700336783,0.0,-3.7917368395536437,0.0,4.890349128221754,0.0
2025-09-02 08:00:00,3.7612001156935624,0.0,0.0,0.0,0.0,0.0,-5.2832037287379885,0.0,-0.8884968686729264,0.0,-0.13639784409861555,0.0,0.84426663648392,0.0,5.4638318050256105,0.0,-5.056245805348308,0.0,5.056245805348308,0.0,-7.20414929203594,0.0,6.10553700336783,0.0,-3.7917368395536437,0.0
2025-09-02 09:00:00,-3.7612001156935624,0.0,3.7612001156935624,0.0,0.0,0.0,0.0,0.0,-5.2832037287379885,0.0,-0.8884968686729264,0.0,-0.13639784409861555,0.0,0.84426663648392,0.0,5.4638318050256105,0.0,-5.056245805348308,0.0,5.056245805348308,0.0,-7.20414929203594,0.0,6.10553700336783,0.0
2025-09-02 10:00:00,0.0,0.0,-3.7612001156935624,0.0,3.7612001156935624,0.0,0.0,0.0,0.0,0.0,-5.2832037287379885,0.0,-0.8884968686729264,0.0,-0.13639784409861555,0.0,0.84426663648392,0.0,5.4638318050256105,0.0,-5.056245805348308,0.0,5.056245805348308,0.0,-7.20414929203594,0.0
2025-09-02 11:00:00,0.0,0.0,0.0,0.0,-3.7612001156935624,0.0,3.7612001156935624,0.0,0.0,0.0,0.0,0.0,-5.2832037287379885,0.0,-0.8884968686729264,0.0,-0.13639784409861555,0.0,0.84426663648392,0.0,5.4638318050256105,0.0,-5.056245805348308,0.0,5.056245805348308,0.0
2025-09-02 12:00:00,0.0,0.0,0.0,0.0,0.0,0.0,-3.7612001156935624,0.0,3.7612001156935624,0.0,0.0,0.0,0.0,0.0,-5.2832037287379885,0.0,-0.8884968686729264,0.0,-0.13639784409861555,0.0,0.84426663648392,0.0,5.4638318050256105,0.0,-5.056245805348308,0.0
2025-09-02 13:00:00,4.948759890378168,0.0,0.0,0.0,0.0,0.0,0.0,0.0,-3.7612001156935624,0.0,3.7612001156935624,0.0,0.0,0.0,0.0,0.0,-5.2832037287379885,0.0,-0.8884968686729264,0.0,-0.13639784409861555,0.0,0.84426663648392,0.0,5.4638318050256105,0.0
2025-09-02 14:00:00,-4.948759890378168,0.0,4.948759890378168,0.0,0.0,0.0,0.0,0.0,0.0,0.0,-3.7612001156935624,0.0,3.7612001156935624,0.0,0.0,0.0,0.0,0.0,-5.2832037287379885,0.0,-0.8884968686729264,0.0,-0.13639784409861555,0.0,0.84426663648392,0.0
2025-09-02 15:00:00,6.210600077024653,0.0,-4.948759890378168,0.0,4.948759890378168,0.0,0.0,0.0,0.0,0.0,0.0,0.0,-3.7612001156935624,0.0,3.7612001156935624,0.0,0.0,0.0,0.0,0.0,-5.2832037287379885,0.0,-0.8884968686729264,0.0,-0.13639784409861555,0.0
2025-09-02 16:00:00,-1.1999647829283973,0.0,6.210600077024653,0.0,-4.948759890378168,0.0,4.948759890378168,0.0,0.0,0.0,0.0,0.0,0.0,0.0,-3.7612001156935624,0.0,3.7612001156935624,0.0,0.0,0.0,0.0,0.0,-5.2832037287379885,0.0,-0.8884968686729264,0.0
2025-09-02 17:00:00,-2.612740021297885,0.0,-1.1999647829283973,0.0,6.210600077024653,0.0,-4.948759890378168,0.0,4.948759890378168,0.0,0.0,0.0,0.0,0.0,0.0,0.0,-3.7612001156935624,0.0,3.7612001156935624,0.0,0.0,0.0,0.0,0.0,-5.2832037287379885,0.0
2025-09-02 18:00:00,4.266513747552037,0.0,-2.612740021297885,0.0,-1.1999647829283973,0.0,6.210600077024653,0.0,-4.948759890378168,0.0,4.948759890378168,0.0,0.0,0.0,0.0,0.0,0.0,0.0,-3.7612001156935624,0.0,3.7612001156935624,0.0,0.0,0.0,0.0,0.0
2025-09-02 19:00:00,-2.9755295662364714,0.0,4.266513747552037,0.0,-2.612740021297885,0.0,-1.1999647829283973,0.0,6.210600077024653,0.0,-4.948759890378168,0.0,4.948759890378168,0.0,0.0,0.0,0.0,0.0,0.0,0.0,-3.7612001156935624,0.0,3.7612001156935624,0.0,0.0,0.0
2025-09-02 20:00:00,3.4028626609812167,0.0,-2.9755295662364714,0.0,4.266513747552037,0.0,-2.612740021297885,0.0,-1.1999647829283973,0.0,6.210600077024653,0.0,-4.948759890378168,0.0,4.948759890378168,0.0,0.0,0.0,0.0,0.0,0.0,0.0,-3.7612001156935624,0.0,3.7612001156935624,0.0
2025-09-02 21:00:00,-7.091742115095153,0.0,3.4028626609812167,0.0,-2.9755295662364714,0.0,4.266513747552037,0.0,-2.612740021297885,0.0,-1.1999647829283973,0.0,6.210600077024653,0.0,-4.948759890378168,0.0,4.948759890378168,0.0,0.0,0.0,0.0,0.0,0.0,0.0,-3.7612001156935624,0.0
2025-09-02 22:00:00,4.3694478524670215,0.0,-7.091742115095153,0.0,3.4028626609812167,0.0,-2.9755295662364714,0.0,4.266513747552037,0.0,-2.612740021297885,0.0,-1.1999647829283973,0.0,6.210600077024653,0.0,-4.948759890378168,0.0,4.948759890378168,0.0,0.0,0.0,0.0,0.0,0.0,0.0
2025-09-02 23:00:00,-4.3694478524670215,0.0,4.3694478524670215,0.0,-7.091742115095153,0.0,3.4028626609812167,0.0,-2.9755295662364714,0.0,4.266513747552037,0.0,-2.612740021297885,0.0,-1.1999647829283973,0.0,6.210600077024653,0.0,-4.948759890378168,0.0,4.948759890378168,0.0,0.0,0.0,0.0,0.0
2025-09-03 00:00:00,5.147494476813453,0.0,-4.3694478524670215,0.0,4.3694478524670215,0.0,-7.091742115095153,0.0,3.4028626609812167,0.0,-2.9755295662364714,0.0,4.266513747552037,0.0,-2.612740021297885,0.0,-1.1999647829283973,0.0,6.210600077024653,0.0,-4.948759890378168,0.0,4.948759890378168,0.0,0.0,0.0
2025-09-03 01:00:00,0.39376906834497305,0.0,5.147494476813453,0.0,-4.3694478524670215,0.0,4.3694478524670215,0.0,-7.091742115095153,0.0,3.4028626609812167,0.0,-2.9755295662364714,0.0,4.266513747552037,0.0,-2.612740021297885,0.0,-1.1999647829283973,0.0,6.210600077024653,0.0,-4.948759890378168,0.0,4.948759890378168,0.0
2025-09-03 02:00:00,-1.1104467463151124,0.0,0.39376906834497305,0.0,5.147494476813453,0.0,-4.3694478524670215,0.0,4.3694478524670215,0.0,-7.091742115095153,0.0,3.4028626609812167,0.0,-2.9755295662364714,0.0,4.266513747552037,0.0,-2.612740021297885,0.0,-1.1999647829283973,0.0,6.210600077024653,0.0,-4.948759890378168,0.0
2025-09-03 03:00:00,4.567072651357403,0.0,-1.1104467463151124,0.0,0.39376906834497305,0.0,5.147494476813453,0.0,-4.3694478524670215,0.0,4.3694478524670215,0.0,-7.091742115095153,0.0,3.4028626609812167,0.0,-2.9755295662364714,0.0,4.266513747552037,0.0,-2.612740021297885,0.0,-1.1999647829283973,0.0,6.210600077024653,0.0
2025-09-03 04:00:00,-2.7674080026222345,0.0,4.567072651357403,0.0,-1.1104467463151124,0.0,0.39376906834497305,0.0,5.147494476813453,0.0,-4.3694478524670215,0.0,4.3694478524670215,0.0,-7.091742115095153,0.0,3.4028626609812167,0.0,-2.9755295662364714,0.0,4.266513747552037,0.0,-2.612740021297885,0.0,-1.1999647829283973,0.0
2025-09-03 05:00:00,2.658689007784931,0.0,-2.7674080026222345,0.0,4.567072651357403,0.0,-1.1104467463151124,0.0,0.39376906834497305,0.0,5.147494476813453,0.0,-4.3694478524670215,0.0,4.3694478524670215,0.0,-7.091742115095153,0.0,3.4028626609812167,0.0,-2.9755295662364714,0.0,4.266513747552037,0.0,-2.612740021297885,0.0
2025-09-03 06:00:00,-8.889170455363413,0.0,2.658689007784931,0.0,-2.7674080026222345,0.0,4.567072651357403,0.0,-1.1104467463151124,0.0,0.39376906834497305,0.0,5.147494476813453,0.0,-4.3694478524670215,0.0,4.3694478524670215,0.0,-7.091742115095153,0.0,3.4028626609812167,0.0,-2.9755295662364714,0.0,4.266513747552037,0.0
2025-09-03 07:00:00,9.827685839119846,0.0,-8.889170455363413,0.0,2.658689007784931,0.0,-2.7674080026222345,0.0,4.567072651357403,0.0,-1.1104467463151124,0.0,0.39376906834497305,0.0,5.147494476813453,0.0,-4.3694478524670215,0.0,4.3694478524670215,0.0,-7.091742115095153,0.0,3.4028626609812167,0.0,-2.9755295662364714,0.0
2025-09-03 08:00:00,-9.827685839119846,0.0,9.827685839119846,0.0,-8.889170455363413,0.0,2.658689007784931,0.0,-2.7674080026222345,0.0,4.567072651357403,0.0,-1.1104467463151124,0.0,0.39376906834497305,0.0,5.147494476813453,0.0,-4.3694478524670215,0.0,4.3694478524670215,0.0,-7.091742115095153,0.0,3.4028626609812167,0.0
2025-09-03 09:00:00,0.0,0.0,-9.827685839119846,0.0,9.827685839119846,0.0,-8.889170455363413,0.0,2.658689007784931,0.0,-2.7674080026222345,0.0,4.567072651357403,0.0,-1.1104467463151124,0.0,0.39376906834497305,0.0,5.147494476813453,0.0,-4.3694478524670215,0.0,4.3694478524670215,0.0,-7.091742115095153,0.0
2025-09-03 10:00:00,0.0,0.0,0.0,0.0,-9.827685839119846,0.0,9.827685839119846,0.0,-8.889170455363413,0.0,2.658689007784931,0.0,-2.7674080026222345,0.0,4.567072651357403,0.0,-1.1104467463151124,0.0,0.39376906834497305,0.0,5.147494476813453,0.0,-4.3694478524670215,0.0,4.3694478524670215,0.0
2025-09-03 11:00:00,0.0,0.0,0.0,0.0,0.0,0.0,-9.827685839119846,0.0,9.827685839119846,0.0,-8.889170455363413,0.0,2.658689007784931,0.0,-2.7674080026222345,0.0,4.567072651357403,0.0,-1.1104467463151124,0.0,0.39376906834497305,0.0,5.147494476813453,0.0,-4.3694478524670215,0.0
2025-09-03 12:00:00,6.625392368007956,0.0,0.0,0.0,0.0,0.0,0.0,0.0,-9.827685839119846,0.0,9.827685839119846,0.0,-8.889170455363413,0.0,2.658689007784931,0.0,-2.7674080026222345,0.0,4.567072651357403,0.0,-1.1104467463151124,0.0,0.39376906834497305,0.0,5.147494476813453,0.0
2025-09-03 13:00:00,0.7855595075756803,0.0,6.625392368007956,0.0,0.0,0.0,0.0,0.0,0.0,0.0,-9.827685839119846,0.0,9.827685839119846,0.0,-8.889170455363413,0.0,2.658689007784931,0.0,-2.7674080026222345,0.0,4.567072651357403,0.0,-1.1104467463151124,0.0,0.39376906834497305,0.0
2025-09-03 14:00:00,1.2532810584819156,0.0,0.7855595075756803,0.0,6.625392368007956,0.0,0.0,0.0,0.0,0.0,0.0,0.0,-9.827685839119846,0.0,9.827685839119846,0.0,-8.889170455363413,0.0,2.658689007784931,0.0,-2.7674080026222345,0.0,4.567072651357403,0.0,-1.1104467463151124,0.0
2025-09-03 15:00:00,0.9004195926601746,0.0,1.2532810584819156,0.0,0.7855595075756803,0.0,6.625392368007956,0.0,0.0,0.0,0.0,0.0,0.0,0.0,-9.827685839119846,0.0,9.827685839119846,0.0,-8.889170455363413,0.0,2.658689007784931,0.0,-2.7674080026222345,0.0,4.567072651357403,0.0
2025-09-03 16:00:00,0.650794990721705,0.0,0.9004195926601746,0.0,1.2532810584819156,0.0,0.7855595075756803,0.0,6.625392368007956,0.0,0.0,0.0,0.0,0.0,0.0,0.0,-9.827685839119846,0.0,9.827685839119846,0.0,-8.889170455363413,0.0,2.658689007784931,0.0,-2.7674080026222345,0.0
2025-09-03 17:00:00,-0.48553984176850307,0.0,0.650794990721705,0.0,0.9004195926601746,0.0,1.2532810584819156,0.0,0.7855595075756803,0.0,6.625392368007956,0.0,0.0,0.0,0.0,0.0,0.0,0.0,-9.827685839119846,0.0,9.827685839119846,0.0,-8.889170455363413,0.0,2.658689007784931,0.0
2025-09-03 18:00:00,1.6767012612436645,0.0,-0.48553984176850307,0.0,0.650794990721705,0.0,0.9004195926601746,0.0,1.2532810584819156,0.0,0.7855595075756803,0.0,6.625392368007956,0.0,0.0,0.0,0.0,0.0,0.0,0.0,-9.827685839119846,0.0,9.827685839119846,0.0,-8.889170455363413,0.0
2025-09-03 19:00:00,-0.6357268223001391,0.0,1.6767012612436645,0.0,-0.48553984176850307,0.0,0.650794990721705,0.0,0.9004195926601746,0.0,1.2532810584819156,0.0,0.7855595075756803,0.0,6.625392368007956,0.0,0.0,0.0,0.0,0.0,0.0,0.0,-9.827685839119846,0.0,9.827685839119846,0.0
2025-09-03 20:00:00,-2.2047083009845956,0.0,-0.6357268223001391,0.0,1.6767012612436645,0.0,-0.48553984176850307,0.0,0.650794990721705,0.0,0.9004195926601746,0.0,1.2532810584819156,0.0,0.7855595075756803,0.0,6.625392368007956,0.0,0.0,0.0,0.0,0.0,0.0,0.0,-9.827685839119846,0.0
2025-09-03 21:00:00,2.753882665457576,0.0,-2.2047083009845956,0.0,-0.6357268223001391,0.0,1.6767012612436645,0.0,-0.48553984176850307,0.0,0.650794990721705,0.0,0.9004195926601746,0.0,1.2532810584819156,0.0,0.7855595075756803,0.0,6.625392368007956,0.0,0.0,0.0,0.0,0.0,0.0,0.0
2025-09-03 22:00:00,-1.8646545205041107,0.0,2.753882665457576,0.0,-2.2047083009845956,0.0,-0.6357268223001391,0.0,1.6767012612436645,0.0,-0.48553984176850307,0.0,0.650794990721705,0.0,0.9004195926601746,0.0,1.2532810584819156,0.0,0.7855595075756803,0.0,6.625392368007956,0.0,0.0,0.0,0.0,0.0
2025-09-03 23:00:00,-1.9811971520951994,0.0,-1.8646545205041107,0.0,2.753882665457576,0.0,-2.2047083009845956,0.0,-0.6357268223001391,0.0,1.6767012612436645,0.0,-0.48553984176850307,0.0,0.650794990721705,0.0,0.9004195926601746,0.0,1.2532810584819156,0.0,0.7855595075756803,0.0,6.625392368007956,0.0,0.0,0.0
2025-09-04 00:00:00,1.5564106345333704,0.0,-1.9811971520951994,0.0,-1.8646545205041107,0.0,2.753882665457576,0.0,-2.2047083009845956,0.0,-0.6357268223001391,0.0,1.6767012612436645,0.0,-0.48553984176850307,0.0,0.650794990721705,0.0,0.9004195926601746,0.0,1.2532810584819156,0.0,0.7855595075756803,0.0,6.625392368007956,0.0
2025-09-04 01:00:00,-2.653888493130868,0.0,1.5564106345333704,0.0,-1.9811971520951994,0.0,-1.8646545205041107,0.0,2.753882665457576,0.0,-2.2047083009845956,0.0,-0.6357268223001391,0.0,1.6767012612436645,0.0,-0.48553984176850307,0.0,0.650794990721705,0.0,0.9004195926601746,0.0,1.2532810584819156,0.0,0.7855595075756803,0.0
2025-09-04 02:00:00,1.2361040825087297,0.0,-2.653888493130868,0.0,1.5564106345333704,0.0,-1.9811971520951994,0.0,-1.8646545205041107,0.0,2.753882665457576,0.0,-2.2047083009845956,0.0,-0.6357268223001391,0.0,1.6767012612436645,0.0,-0.48553984176850307,0.0,0.650794990721705,0.0,0.9004195926601746,0.0,1.2532810584819156,0.0
2025-09-04 03:00:00,1.1688779554288224,0.0,1.2361040825087297,0.0,-2.653888493130868,0.0,1.5564106345333704,0.0,-1.9811971520951994,0.0,-1.8646545205041107,0.0,2.753882665457576,0.0,-2.2047083009845956,0.0,-0.6357268223001391,0.0,1.6767012612436645,0.0,-0.48553984176850307,0.0,0.650794990721705,0.0,0.9004195926601746,0.0
2025-09-04 04:00:00,-6.14265165622092,0.0,1.1688779554288224,0.0,1.2361040825087297,0.0,-2.653888493130868,0.0,1.5564106345333704,0.0,-1.9811971520951994,0.0,-1.8646545205041107,0.0,2.753882665457576,0.0,-2.2047083009845956,0.0,-0.6357268223001391,0.0,1.6767012612436645,0.0,-0.48553984176850307,0.0,0.650794990721705,0.0
2025-09-04 05:00:00,4.564348191467836,0.0,-6.14265165622092,0.0,1.1688779554288224,0.0,1.2361040825087297,0.0,-2.653888493130868,0.0,1.5564106345333704,0.0,-1.9811971520951994,0.0,-1.8646545205041107,0.0,2.753882665457576,0.0,-2.2047083009845956,0.0,-0.6357268223001391,0.0,1.6767012612436645,0.0,-0.48553984176850307,0.0
2025-09-04 06:00:00,-3.1090609588609945,0.0,4.564348191467836,0.0,-6.14265165622092,0.0,1.1688779554288224,0.0,1.2361040825087297,0.0,-2.653888493130868,0.0,1.5564106345333704,0.0,-1.9811971520951994,0.0,-1.8646545205041107,0.0,2.753882665457576,0.0,-2.2047083009845956,0.0,-0.6357268223001391,0.0,1.6767012612436645,0.0
2025-09-04 07:00:00,2.193513997939684,0.0,-3.1090609588609945,0.0,4.564348191467836,0.0,-6.14265165622092,0.0,1.1688779554288224,0.0,1.2361040825087297,0.0,-2.653888493130868,0.0,1.5564106345333704,0.0,-1.9811971520951994,0.0,-1.8646545205041107,0.0,2.753882665457576,0.0,-2.2047083009845956,0.0,-0.6357268223001391,0.0
2025-09-04 08:00:00,-6.2878585601617845,0.0,2.193513997939684,0.0,-3.1090609588609945,0.0,4.564348191467836,0.0,-6.14265165622092,0.0,1.1688779554288224,0.0,1.2361040825087297,0.0,-2.653888493130868,0.0,1.5564106345333704,0.0,-1.9811971520951994,0.0,-1.8646545205041107,0.0,2.753882665457576,0.0,-2.2047083009845956,0.0
2025-09-04 09:00:00,0.0,0.0,-6.2878585601617845,0.0,2.193513997939684,0.0,-3.1090609588609945,0.0,4.564348191467836,0.0,-6.14265165622092,0.0,1.1688779554288224,0.0,1.2361040825087297,0.0,-2.653888493130868,0.0,1.5564106345333704,0.0,-1.9811971520951994,0.0,-1.8646545205041107,0.0,2.753882665457576,0.0
2025-09-04 10:00:00,0.0,0.0,0.0,0.0,-6.2878585601617845,0.0,2.193513997939684,0.0,-3.1090609588609945,0.0,4.564348191467836,0.0,-6.14265165622092,0.0,1.1688779554288224,0.0,1.2361040825087297,0.0,-2.653888493130868,0.0,1.5564106345333704,0.0,-1.9811971520951994,0.0,-1.8646545205041107,0.0
2025-09-04 11:00:00,5.648974238161206,0.0,0.0,0.0,0.0,0.0,-6.2878585601617845,0.0,2.193513997939684,0.0,-3.1090609588609945,0.0,4.564348191467836,0.0,-6.14265165622092,0.0,1.1688779554288224,0.0,1.2361040825087297,0.0,-2.653888493130868,0.0,1.5564106345333704,0.0,-1.9811971520951994,0.0
2025-09-04 12:00:00,-3.8572147689331513,0.0,5.648974238161206,0.0,0.0,0.0,0.0,0.0,-6.2878585601617845,0.0,2.193513997939684,0.0,-3.1090609588609945,0.0,4.564348191467836,0.0,-6.14265165622092,0.0,1.1688779554288224,0.0,1.2361040825087297,0.0,-2.653888493130868,0.0,1.5564106345333704,0.0
2025-09-04 13:00:00,5.030437921392435,0.0,-3.8572147689331513,0.0,5.648974238161206,0.0,0.0,0.0,0.0,0.0,-6.2878585601617845,0.0,2.193513997939684,0.0,-3.1090609588609945,0.0,4.564348191467836,0.0,-6.14265165622092,0.0,1.1688779554288224,0.0,1.2361040825087297,0.0,-2.653888493130868,0.0
2025-09-04 14:00:00,2.3619016701504654,0.0,5.030437921392435,0.0,-3.8572147689331513,0.0,5.648974238161206,0.0,0.0,0.0,0.0,0.0,-6.2878585601617845,0.0,2.193513997939684,0.0,-3.1090609588609945,0.0,4.564348191467836,0.0,-6.14265165622092,0.0,1.1688779554288224,0.0,1.2361040825087297,0.0
2025-09-04 15:00:00,-1.144619141670507,0.0,2.3619016701504654,0.0,5.030437921392435,0.0,-3.8572147689331513,0.0,5.648974238161206,0.0,0.0,0.0,0.0,0.0,-6.2878585601617845,0.0,2.193513997939684,0.0,-3.1090609588609945,0.0,4.564348191467836,0.0,-6.14265165622092,0.0,1.1688779554288224,0.0
2025-09-04 16:00:00,-2.4522312607001995,0.0,-1.144619141670507,0.0,2.3619016701504654,0.0,5.030437921392435,0.0,-3.8572147689331513,0.0,5.648974238161206,0.0,0.0,0.0,0.0,0.0,-6.2878585601617845,0.0,2.193513997939684,0.0,-3.1090609588609945,0.0,4.564348191467836,0.0,-6.14265165622092,0.0
2025-09-04 17:00:00,4.992112746025367,0.0,-2.4522312607001995,0.0,-1.144619141670507,0.0,2.3619016701504654,0.0,5.030437921392435,0.0,-3.8572147689331513,0.0,5.648974238161206,0.0,0.0,0.0,0.0,0.0,-6.2878585601617845,0.0,2.193513997939684,0.0,-3.1090609588609945,0.0,4.564348191467836,0.0
2025-09-04 18:00:00,-2.669504737156214,0.0,4.992112746025367,0.0,-2.4522312607001995,0.0,-1.144619141670507,0.0,2.3619016701504654,0.0,5.030437921392435,0.0,-3.8572147689331513,0.0,5.648974238161206,0.0,0.0,0.0,0.0,0.0,-6.2878585601617845,0.0,2.193513997939684,0.0,-3.1090609588609945,0.0
2025-09-04 19:00:00,2.7655199277671594,0.0,-2.669504737156214,0.0,4.992112746025367,0.0,-2.4522312607001995,0.0,-1.144619141670507,0.0,2.3619016701504654,0.0,5.030437921392435,0.0,-3.8572147689331513,0.0,5.648974238161206,0.0,0.0,0.0,0.0,0.0,-6.2878585601617845,0.0,2.193513997939684,0.0
2025-09-04 20:00:00,-3.1781693718332447,0.0,2.7655199277671594,0.0,-2.669504737156214,0.0,4.992112746025367,0.0,-2.4522312607001995,0.0,-1.144619141670507,0.0,2.3619016701504654,0.0,5.030437921392435,0.0,-3.8572147689331513,0.0,5.648974238161206,0.0,0.0,0.0,0.0,0.0,-6.2878585601617845,0.0
2025-09-04 21:00:00,1.9799490285432606,0.0,-3.1781693718332447,0.0,2.7655199277671594,0.0,-2.669504737156214,0.0,4.992112746025367,0.0,-2.4522312607001995,0.0,-1.144619141670507,0.0,2.3619016701504654,0.0,5.030437921392435,0.0,-3.8572147689331513,0.0,5.648974238161206,0.0,0.0,0.0,0.0,0.0
2025-09-04 22:00:00,-0.17441903050442775,0.0,1.9799490285432606,0.0,-3.1781693718332447,0.0,2.7655199277671594,0.0,-2.669504737156214,0.0,4.992112746025367,0.0,-2.4522312607001995,0.0,-1.144619141670507,0.0,2.3619016701504654,0.0,5.030437921392435,0.0,-3.8572147689331513,0.0,5.648974238161206,0.0,0.0,0.0
2025-09-04 23:00:00,-0.9859480941706327,0.0,-0.17441903050442775,0.0,1.9799490285432606,0.0,-3.1781693718332447,0.0,2.7655199277671594,0.0,-2.669504737156214,0.0,4.992112746025367,0.0,-2.4522312607001995,0.0,-1.144619141670507,0.0,2.3619016701504654,0.0,5.030437921392435,0.0,-3.8572147689331513,0.0,5.648974238161206,0.0
2025-09-05 00:00:00,-1.002902295438056,0.0,-0.9859480941706327,0.0,-0.17441903050442775,0.0,1.9799490285432606,0.0,-3.1781693718332447,0.0,2.7655199277671594,0.0,-2.669504737156214,0.0,4.992112746025367,0.0,-2.4522312607001995,0.0,-1.144619141670507,0.0,2.3619016701504654,0.0,5.030437921392435,0.0,-3.8572147689331513,0.0
2025-09-05 01:00:00,-5.116662254297243,0.0,-1.002902295438056,0.0,-0.9859480941706327,0.0,-0.17441903050442775,0.0,1.9799490285432606,0.0,-3.1781693718332447,0.0,2.7655199277671594,0.0,-2.669504737156214,0.0,4.992112746025367,0.0,-2.4522312607001995,0.0,-1.144619141670507,0.0,2.3619016701504654,0.0,5.030437921392435,0.0
2025-09-05 02:00:00,4.575855798319315,0.0,-5.116662254297243,0.0,-1.002902295438056,0.0,-0.9859480941706327,0.0,-0.17441903050442775,0.0,1.9799490285432606,0.0,-3.1781693718332447,0.0,2.7655199277671594,0.0,-2.669504737156214,0.0,4.992112746025367,0.0,-2.4522312607001995,0.0,-1.144619141670507,0.0,2.3619016701504654,0.0
2025-09-05 03:00:00,3.730753526584996,0.0,4.575855798319315,0.0,-5.116662254297243,0.0,-1.002902295438056,0.0,-0.9859480941706327,0.0,-0.17441903050442775,0.0,1.9799490285432606,0.0,-3.1781693718332447,0.0,2.7655199277671594,0.0,-2.669504737156214,0.0,4.992112746025367,0.0,-2.4522312607001995,0.0,-1.144619141670507,0.0
2025-09-05 04:00:00,-2.4515374027018844,0.0,3.730753526584996,0.0,4.575855798319315,0.0,-5.116662254297243,0.0,-1.002902295438056,0.0,-0.9859480941706327,0.0,-0.17441903050442775,0.0,1.9799490285432606,0.0,-3.1781693718332447,0.0,2.7655199277671594,0.0,-2.669504737156214,0.0,4.992112746025367,0.0,-2.4522312607001995,0.0
2025-09-05 05:00:00,-1.914569445452413,0.0,-2.4515374027018844,0.0,3.730753526584996,0.0,4.575855798319315,0.0,-5.116662254297243,0.0,-1.002902295438056,0.0,-0.9859480941706327,0.0,-0.17441903050442775,0.0,1.9799490285432606,0.0,-3.1781693718332447,0.0,2.7655199277671594,0.0,-2.669504737156214,0.0,4.992112746025367,0.0
2025-09-05 06:00:00,-1.5127542408019634,0.0,-1.914569445452413,0.0,-2.4515374027018844,0.0,3.730753526584996,0.0,4.575855798319315,0.0,-5.116662254297243,0.0,-1.002902295438056,0.0,-0.9859480941706327,0.0,-0.17441903050442775,0.0,1.9799490285432606,0.0,-3.1781693718332447,0.0,2.7655199277671594,0.0,-2.669504737156214,0.0
2025-09-05 07:00:00,-4.624972813284271,0.0,-1.5127542408019634,0.0,-1.914569445452413,0.0,-2.4515374027018844,0.0,3.730753526584996,0.0,4.575855798319315,0.0,-5.116662254297243,0.0,-1.002902295438056,0.0,-0.9859480941706327,0.0,-0.17441903050442775,0.0,1.9799490285432606,0.0,-3.1781693718332447,0.0,2.7655199277671594,0.0
2025-09-05 08:00:00,6.6293632534374485,0.0,-4.624972813284271,0.0,-1.5127542408019634,0.0,-1.914569445452413,0.0,-2.4515374027018844,0.0,3.730753526584996,0.0,4.575855798319315,0.0,-5.116662254297243,0.0,-1.002902295438056,0.0,-0.9859480941706327,0.0,-0.17441903050442775,0.0,1.9799490285432606,0.0,-3.1781693718332447,0.0
2025-09-05 09:00:00,0.2922949307136804,0.0,6.6293632534374485,0.0,-4.624972813284271,0.0,-1.5127542408019634,0.0,-1.914569445452413,0.0,-2.4515374027018844,0.0,3.730753526584996,0.0,4.575855798319315,0.0,-5.116662254297243,0.0,-1.002902295438056,0.0,-0.9859480941706327,0.0,-0.17441903050442775,0.0,1.9799490285432606,0.0
2025-09-05 10:00:00,2.5079783474103703,0.0,0.2922949307136804,0.0,6.6293632534374485,0.0,-4.624972813284271,0.0,-1.5127542408019634,0.0,-1.914569445452413,0.0,-2.4515374027018844,0.0,3.730753526584996,0.0,4.575855798319315,0.0,-5.116662254297243,0.0,-1.002902295438056,0.0,-0.9859480941706327,0.0,-0.17441903050442775,0.0
2025-09-05 11:00:00,-3.7912818622277538,0.0,2.5079783474103703,0.0,0.2922949307136804,0.0,6.6293632534374485,0.0,-4.624972813284271,0.0,-1.5127542408019634,0.0,-1.914569445452413,0.0,-2.4515374027018844,0.0,3.730753526584996,0.0,4.575855798319315,0.0,-5.116662254297243,0.0,-1.002902295438056,0.0,-0.9859480941706327,0.0
2025-09-05 12:00:00,-3.0734053118722087,0.0,-3.7912818622277538,0.0,2.5079783474103703,0.0,0.2922949307136804,0.0,6.6293632534374485,0.0,-4.624972813284271,0.0,-1.5127542408019634,0.0,-1.914569445452413,0.0,-2.4515374027018844,0.0,3.730753526584996,0.0,4.575855798319315,0.0,-5.116662254297243,0.0,-1.002902295438056,0.0
2025-09-05 13:00:00,4.410464569994415,0.0,-3.0734053118722087,0.0,-3.7912818622277538,0.0,2.5079783474103703,0.0,0.2922949307136804,0.0,6.6293632534374485,0.0,-4.624972813284271,0.0,-1.5127542408019634,0.0,-1.914569445452413,0.0,-2.4515374027018844,0.0,3.730753526584996,0.0,4.575855798319315,0.0,-5.116662254297243,0.0
2025-09-05 14:00:00,-0.08074388802246979,0.0,4.410464569994415,0.0,-3.0734053118722087,0.0,-3.7912818622277538,0.0,2.5079783474103703,0.0,0.2922949307136804,0.0,6.6293632534374485,0.0,-4.624972813284271,0.0,-1.5127542408019634,0.0,-1.914569445452413,0.0,-2.4515374027018844,0.0,3.730753526584996,0.0,4.575855798319315,0.0
2025-09-05 15:00:00,1.9703591472542836,0.0,-0.08074388802246979,0.0,4.410464569994415,0.0,-3.0734053118722087,0.0,-3.7912818622277538,0.0,2.5079783474103703,0.0,0.2922949307136804,0.0,6.6293632534374485,0.0,-4.624972813284271,0.0,-1.5127542408019634,0.0,-1.914569445452413,0.0,-2.4515374027018844,0.0,3.730753526584996,0.0
2025-09-05 16:00:00,0.30083669518658773,0.0,1.9703591472542836,0.0,-0.08074388802246979,0.0,4.410464569994415,0.0,-3.0734053118722087,0.0,-3.7912818622277538,0.0,2.5079783474103703,0.0,0.2922949307136804,0.0,6.6293632534374485,0.0,-4.624972813284271,0.0,-1.5127542408019634,0.0,-1.914569445452413,0.0,-2.4515374027018844,0.0
2025-09-05 17:00:00,-0.5998825262886847,0.0,0.30083669518658773,0.0,1.9703591472542836,0.0,-0.08074388802246979,0.0,4.410464569994415,0.0,-3.0734053118722087,0.0,-3.7912818622277538,0.0,2.5079783474103703,0.0,0.2922949307136804,0.0,6.6293632534374485,0.0,-4.624972813284271,0.0,-1.5127542408019634,0.0,-1.914569445452413,0.0
2025-09-05 18:00:00,1.094413007826553,0.0,-0.5998825262886847,0.0,0.30083669518658773,0.0,1.9703591472542836,0.0,-0.08074388802246979,0.0,4.410464569994415,0.0,-3.0734053118722087,0.0,-3.7912818622277538,0.0,2.5079783474103703,0.0,0.2922949307136804,0.0,6.6293632534374485,0.0,-4.624972813284271,0.0,-1.5127542408019634,0.0
2025-09-05 19:00:00,-3.591970775168111,0.0,1.094413007826553,0.0,-0.5998825262886847,0.0,0.30083669518658773,0.0,1.9703591472542836,0.0,-0.08074388802246979,0.0,4.410464569994415,0.0,-3.0734053118722087,0.0,-3.7912818622277538,0.0,2.5079783474103703,0.0,0.2922949307136804,0.0,6.6293632534374485,0.0,-4.624972813284271,0.0
2025-09-05 20:00:00,3.986107829165796,0.0,-3.591970775168111,0.0,1.094413007826553,0.0,-0.5998825262886847,0.0,0.30083669518658773,0.0,1.9703591472542836,0.0,-0.08074388802246979,0.0,4.410464569994415,0.0,-3.0734053118722087,0.0,-3.7912818622277538,0.0,2.5079783474103703,0.0,0.2922949307136804,0.0,6.6293632534374485,0.0
2025-09-05 21:00:00,0.9348526113742555,0.0,3.986107829165796,0.0,-3.591970775168111,0.0,1.094413007826553,0.0,-0.5998825262886847,0.0,0.30083669518658773,0.0,1.9703591472542836,0.0,-0.08074388802246979,0.0,4.410464569994415,0.0,-3.0734053118722087,0.0,-3.7912818622277538,0.0,2.5079783474103703,0.0,0.2922949307136804,0.0
2025-09-05 22:00:00,0.7470349255628097,0.0,0.9348526113742555,0.0,3.986107829165796,0.0,-3.591970775168111,0.0,1.094413007826553,0.0,-0.5998825262886847,0.0,0.30083669518658773,0.0,1.9703591472542836,0.0,-0.08074388802246979,0.0,4.410464569994415,0.0,-3.0734053118722087,0.0,-3.7912818622277538,0.0,2.5079783474103703,0.0
2025-09-05 23:00:00,-4.099186565557499,0.0,0.7470349255628097,0.0,0.9348526113742555,0.0,3.986107829165796,0.0,-3.591970775168111,0.0,1.094413007826553,0.0,-0.5998825262886847,0.0,0.30083669518658773,0.0,1.9703591472542836,0.0,-0.08074388802246979,0.0,4.410464569994415,0.0,-3.0734053118722087,0.0,-3.7912818622277538,0.0
2025-09-06 00:00:00,0.4280308201082601,0.0,-4.099186565557499,0.0,0.7470349255628097,0.0,0.9348526113742555,0.0,3.986107829165796,0.0,-3.591970775168111,0.0,1.094413007826553,0.0,-0.5998825262886847,0.0,0.30083669518658773,0.0,1.9703591472542836,0.0,-0.08074388802246979,0.0,4.410464569994415,0.0,-3.0734053118722087,0.0
2025-09-06 01:00:00,0.9840844769863235,0.0,0.4280308201082601,0.0,-4.099186565557499,0.0,0.7470349255628097,0.0,0.9348526113742555,0.0,3.986107829165796,0.0,-3.591970775168111,0.0,1.094413007826553,0.0,-0.5998825262886847,0.0,0.30083669518658773,0.0,1.9703591472542836,0.0,-0.08074388802246979,0.0,4.410464569994415,0.0
2025-09-06 02:00:00,1.527847353319542,0.0,0.9840844769863235,0.0,0.4280308201082601,0.0,-4.099186565557499,0.0,0.7470349255628097,0.0,0.9348526113742555,0.0,3.986107829165796,0.0,-3.591970775168111,0.0,1.094413007826553,0.0,-0.5998825262886847,0.0,0.30083669518658773,0.0,1.9703591472542836,0.0,-0.08074388802246979,0.0
2025-09-06 03:00:00,-1.7754265902890598,0.0,1.527847353319542,0.0,0.9840844769863235,0.0,0.4280308201082601,0.0,-4.099186565557499,0.0,0.7470349255628097,0.0,0.9348526113742555,0.0,3.986107829165796,0.0,-3.591970775168111,0.0,1.094413007826553,0.0,-0.5998825262886847,0.0,0.30083669518658773,0.0,1.9703591472542836,0.0
2025-09-06 04:00:00,-3.539080260009653,0.0,-1.7754265902890598,0.0,1.527847353319542,0.0,0.9840844769863235,0.0,0.4280308201082601,0.0,-4.099186565557499,0.0,0.7470349255628097,0.0,0.9348526113742555,0.0,3.986107829165796,0.0,-3.591970775168111,0.0,1.094413007826553,0.0,-0.5998825262886847,0.0,0.30083669518658773,0.0
2025-09-06 05:00:00,1.7458149931773947,0.0,-3.539080260009653,0.0,-1.7754265902890598,0.0,1.527847353319542,0.0,0.9840844769863235,0.0,0.4280308201082601,0.0,-4.099186565557499,0.0,0.7470349255628097,0.0,0.9348526113742555,0.0,3.986107829165796,0.0,-3.591970775168111,0.0,1.094413007826553,0.0,-0.5998825262886847,0.0
2025-09-06 06:00:00,0.9844393652358256,0.0,1.7458149931773947,0.0,-3.539080260009653,0.0,-1.7754265902890598,0.0,1.527847353319542,0.0,0.9840844769863235,0.0,0.4280308201082601,0.0,-4.099186565557499,0.0,0.7470349255628097,0.0,0.9348526113742555,0.0,3.986107829165796,0.0,-3.591970775168111,0.0,1.094413007826553,0.0
2025-09-06 07:00:00,-5.048505568151666,0.0,0.9844393652358256,0.0,1.7458149931773947,0.0,-3.539080260009653,0.0,-1.7754265902890598,0.0,1.527847353319542,0.0,0.9840844769863235,0.0,0.4280308201082601,0.0,-4.099186565557499,0.0,0.7470349255628097,0.0,0.9348526113742555,0.0,3.986107829165796,0.0,-3.591970775168111,0.0
2025-09-06 08:00:00,-2.9444389791664403,0.0,-5.048505568151666,0.0,0.9844393652358256,0.0,1.7458149931773947,0.0,-3.539080260009653,0.0,-1.7754265902890598,0.0,1.527847353319542,0.0,0.9840844769863235,0.0,0.4280308201082601,0.0,-4.099186565557499,0.0,0.7470349255628097,0.0,0.9348526113742555,0.0,3.986107829165796,0.0
2025-09-06 09:00:00,0.0,0.0,-2.9444389791664403,0.0,-5.048505568151666,0.0,0.9844393652358256,0.0,1.7458149931773947,0.0,-3.539080260009653,0.0,-1.7754265902890598,0.0,1.527847353319542,0.0,0.9840844769863235,0.0,0.4280308201082601,0.0,-4.099186565557499,0.0,0.7470349255628097,0.0,0.9348526113742555,0.0
2025-09-06 10:00:00,0.0,0.0,0.0,0.0,-2.9444389791664403,0.0,-5.048505568151666,0.0,0.9844393652358256,0.0,1.7458149931773947,0.0,-3.539080260009653,0.0,-1.7754265902890598,0.0,1.527847353319542,0.0,0.9840844769863235,0.0,0.4280308201082601,0.0,-4.099186565557499,0.0,0.7470349255628097,0.0
2025-09-06 11:00:00,1.791759469228055,0.0,0.0,0.0,0.0,0.0,-2.9444389791664403,0.0,-5.048505568151666,0.0,0.9844393652358256,0.0,1.7458149931773947,0.0,-3.539080260009653,0.0,-1.7754265902890598,0.0,1.527847353319542,0.0,0.9840844769863235,0.0,0.4280308201082601,0.0,-4.099186565557499,0.0
2025-09-06 12:00:00,4.5712686343124105,0.0,1.791759469228055,0.0,0.0,0.0,0.0,0.0,-2.9444389791664403,0.0,-5.048505568151666,0.0,0.9844393652358256,0.0,1.7458149931773947,0.0,-3.539080260009653,0.0,-1.7754265902890598,0.0,1.527847353319542,0.0,0.9840844769863235,0.0,0.4280308201082601,0.0
2025-09-06 13:00:00,-6.363028103540465,0.0,4.5712686343124105,0.0,1.791759469228055,0.0,0.0,0.0,0.0,0.0,-2.9444389791664403,0.0,-5.048505568151666,0.0,0.9844393652358256,0.0,1.7458149931773947,0.0,-3.539080260009653,0.0,-1.7754265902890598,0.0,1.527847353319542,0.0,0.9840844769863235,0.0
2025-09-06 14:00:00,6.92461239604856,0.0,-6.363028103540465,0.0,4.5712686343124105,0.0,1.791759469228055,0.0,0.0,0.0,0.0,0.0,-2.9444389791664403,0.0,-5.048505568151666,0.0,0.9844393652358256,0.0,1.7458149931773947,0.0,-3.539080260009653,0.0,-1.7754265902890598,0.0,1.527847353319542,0.0
2025-09-06 15:00:00,0.7279332966453609,0.0,6.92461239604856,0.0,-6.363028103540465,0.0,4.5712686343124105,0.0,1.791759469228055,0.0,0.0,0.0,0.0,0.0,-2.9444389791664403,0.0,-5.048505568151666,0.0,0.9844393652358256,0.0,1.7458149931773947,0.0,-3.539080260009653,0.0,-1.7754265902890598,0.0
2025-09-06 16:00:00,-1.267351293696195,0.0,0.7279332966453609,0.0,6.92461239604856,0.0,-6.363028103540465,0.0,4.5712686343124105,0.0,1.791759469228055,0.0,0.0,0.0,0.0,0.0,-2.9444389791664403,0.0,-5.048505568151666,0.0,0.9844393652358256,0.0,1.7458149931773947,0.0,-3.539080260009653,0.0
2025-09-06 17:00:00,0.021685587071588408,0.0,-1.267351293696195,0.0,0.7279332966453609,0.0,6.92461239604856,0.0,-6.363028103540465,0.0,4.5712686343124105,0.0,1.791759469228055,0.0,0.0,0.0,0.0,0.0,-2.9444389791664403,0.0,-5.048505568151666,0.0,0.9844393652358256,0.0,1.7458149931773947,0.0
2025-09-06 18:00:00,4.741050303346463,0.0,0.021685587071588408,0.0,-1.267351293696195,0.0,0.7279332966453609,0.0,6.92461239604856,0.0,-6.363028103540465,0.0,4.5712686343124105,0.0,1.791759469228055,0.0,0.0,0.0,0.0,0.0,-2.9444389791664403,0.0,-5.048505568151666,0.0,0.9844393652358256,0.0
2025-09-06 19:00:00,-2.6509398053170585,0.0,4.741050303346463,0.0,0.021685587071588408,0.0,-1.267351293696195,0.0,0.7279332966453609,0.0,6.92461239604856,0.0,-6.363028103540465,0.0,4.5712686343124105,0.0,1.791759469228055,0.0,0.0,0.0,0.0,0.0,-2.9444389791664403,0.0,-5.048505568151666,0.0
2025-09-06 20:00:00,-0.12528559943108775,0.0,-2.6509398053170585,0.0,4.741050303346463,0.0,0.021685587071588408,0.0,-1.267351293696195,0.0,0.7279332966453609,0.0,6.92461239604856,0.0,-6.363028103540465,0.0,4.5712686343124105,0.0,1.791759469228055,0.0,0.0,0.0,0.0,0.0,-2.9444389791664403,0.0
2025-09-06 21:00:00,-0.31749998760322384,0.0,-0.12528559943108775,0.0,-2.6509398053170585,0.0,4.741050303346463,0.0,0.021685587071588408,0.0,-1.267351293696195,0.0,0.7279332966453609,0.0,6.92461239604856,0.0,-6.363028103540465,0.0,4.5712686343124105,0.0,1.791759469228055,0.0,0.0,0.0,0.0,0.0
2025-09-06 22:00:00,1.581664614055681,0.0,-0.31749998760322384,0.0,-0.12528559943108775,0.0,-2.6509398053170585,0.0,4.741050303346463,0.0,0.021685587071588408,0.0,-1.267351293696195,0.0,0.7279332966453609,0.0,6.92461239604856,0.0,-6.363028103540465,0.0,4.5712686343124105,0.0,1.791759469228055,0.0,0.0,0.0
2025-09-06 23:00:00,0.09427604740266204,0.0,1.581664614055681,0.0,-0.31749998760322384,0.0,-0.12528559943108775,0.0,-2.6509398053170585,0.0,4.741050303346463,0.0,0.021685587071588408,0.0,-1.267351293696195,0.0,0.7279332966453609,0.0,6.92461239604856,0.0,-6.363028103540465,0.0,4.5712686343124105,0.0,1.791759469228055,0.0
2025-09-07 00:00:00,-1.8075219843054642,0.0,0.09427604740266204,0.0,1.581664614055681,0.0,-0.31749998760322384,0.0,-0.12528559943108775,0.0,-2.6509398053170585,0.0,4.741050303346463,0.0,0.021685587071588408,0.0,-1.267351293696195,0.0,0.7279332966453609,0.0,6.92461239604856,0.0,-6.363028103540465,0.0,4.5712686343124105,0.0
2025-09-07 01:00:00,-2.2736493360560797,0.0,-1.8075219843054642,0.0,0.09427604740266204,0.0,1.581664614055681,0.0,-0.31749998760322384,0.0,-0.12528559943108775,0.0,-2.6509398053170585,0.0,4.741050303346463,0.0,0.021685587071588408,0.0,-1.267351293696195,0.0,0.7279332966453609,0.0,6.92461239604856,0.0,-6.363028103540465,0.0
2025-09-07 02:00:00,2.170260215697864,0.0,-2.2736493360560797,0.0,-1.8075219843054642,0.0,0.09427604740266204,0.0,1.581664614055681,0.0,-0.31749998760322384,0.0,-0.12528559943108775,0.0,-2.6509398053170585,0.0,4.741050303346463,0.0,0.021685587071588408,0.0,-1.267351293696195,0.0,0.7279332966453609,0.0,6.92461239604856,0.0
2025-09-07 03:00:00,0.3361276664690651,0.0,2.170260215697864,0.0,-2.2736493360560797,0.0,-1.8075219843054642,0.0,0.09427604740266204,0.0,1.581664614055681,0.0,-0.31749998760322384,0.0,-0.12528559943108775,0.0,-2.6509398053170585,0.0,4.741050303346463,0.0,0.021685587071588408,0.0,-1.267351293696195,0.0,0.7279332966453609,0.0
2025-09-07 04:00:00,0.9706179030299751,0.0,0.3361276664690651,0.0,2.170260215697864,0.0,-2.2736493360560797,0.0,-1.8075219843054642,0.0,0.09427604740266204,0.0,1.581664614055681,0.0,-0.31749998760322384,0.0,-0.12528559943108775,0.0,-2.6509398053170585,0.0,4.741050303346463,0.0,0.021685587071588408,0.0,-1.267351293696195,0.0
2025-09-07 05:00:00,-4.007986210941355,0.0,0.9706179030299751,0.0,0.3361276664690651,0.0,2.170260215697864,0.0,-2.2736493360560797,0.0,-1.8075219843054642,0.0,0.09427604740266204,0.0,1.581664614055681,0.0,-0.31749998760322384,0.0,-0.12528559943108775,0.0,-2.6509398053170585,0.0,4.741050303346463,0.0,0.021685587071588408,0.0
2025-09-07 06:00:00,-5.117993812416755,0.0,-4.007986210941355,0.0,0.9706179030299751,0.0,0.3361276664690651,0.0,2.170260215697864,0.0,-2.2736493360560797,0.0,-1.8075219843054642,0.0,0.09427604740266204,0.0,1.581664614055681,0.0,-0.31749998760322384,0.0,-0.12528559943108775,0.0,-2.6509398053170585,0.0,4.741050303346463,0.0
2025-09-07 07:00:00,0.0,0.0,-5.117993812416755,0.0,-4.007986210941355,0.0,0.9706179030299751,0.0,0.3361276664690651,0.0,2.170260215697864,0.0,-2.2736493360560797,0.0,-1.8075219843054642,0.0,0.09427604740266204,0.0,1.581664614055681,0.0,-0.31749998760322384,0.0,-0.12528559943108775,0.0,-2.6509398053170585,0.0
2025-09-07 08:00:00,0.0,0.0,0.0,0.0,-5.117993812416755,0.0,-4.007986210941355,0.0,0.9706179030299751,0.0,0.3361276664690651,0.0,2.170260215697864,0.0,-2.2736493360560797,0.0,-1.8075219843054642,0.0,0.09427604740266204,0.0,1.581664614055681,0.0,-0.31749998760322384,0.0,-0.12528559943108775,0.0
2025-09-07 09:00:00,0.0,0.0,0.0,0.0,0.0,0.0,-5.117993812416755,0.0,-4.007986210941355,0.0,0.9706179030299751,0.0,0.3361276664690651,0.0,2.170260215697864,0.0,-2.2736493360560797,0.0,-1.8075219843054642,0.0,0.09427604740266204,0.0,1.581664614055681,0.0,-0.31749998760322384,0.0
2025-09-07 10:00:00,0.0,0.0,0.0,0.0,0.0,0.0,0.0,0.0,-5.117993812416755,0.0,-4.007986210941355,0.0,0.9706179030299751,0.0,0.3361276664690651,0.0,2.170260215697864,0.0,-2.2736493360560797,0.0,-1.8075219843054642,0.0,0.09427604740266204,0.0,1.581664614055681,0.0
2025-09-07 11:00:00,7.905072849498666,0.0,0.0,0.0,0.0,0.0,0.0,0.0,0.0,0.0,-5.117993812416755,0.0,-4.007986210941355,0.0,0.9706179030299751,0.0,0.3361276664690651,0.0,2.170260215697864,0.0,-2.2736493360560797,0.0,-1.8075219843054642,0.0,0.09427604740266204,0.0
2025-09-07 12:00:00,-7.905072849498666,0.0,7.905072849498666,0.0,0.0,0.0,0.0,0.0,0.0,0.0,0.0,0.0,-5.117993812416755,0.0,-4.007986210941355,0.0,0.9706179030299751,0.0,0.3361276664690651,0.0,2.170260215697864,0.0,-2.2736493360560797,0.0,-1.8075219843054642,0.0
2025-09-07 13:00:00,1.791759469228055,0.0,-7.905072849498666,0.0,7.905072849498666,0.0,0.0,0.0,0.0,0.0,0.0,0.0,0.0,0.0,-5.117993812416755,0.0,-4.007986210941355,0.0,0.9706179030299751,0.0,0.3361276664690651,0.0,2.170260215697864,0.0,-2.2736493360560797,0.0
2025-09-07 14:00:00,-0.18232155679395468,0.0,1.791759469228055,0.0,-7.905072849498666,0.0,7.905072849498666,0.0,0.0,0.0,0.0,0.0,0.0,0.0,0.0,0.0,-5.117993812416755,0.0,-4.007986210941355,0.0,0.9706179030299751,0.0,0.3361276664690651,0.0,2.170260215697864,0.0
2025-09-07 15:00:00,7.909269123186696,0.0,-0.18232155679395468,0.0,1.791759469228055,0.0,-7.905072849498666,0.0,7.905072849498666,0.0,0.0,0.0,0.0,0.0,0.0,0.0,0.0,0.0,-5.117993812416755,0.0,-4.007986210941355,0.0,0.9706179030299751,0.0,0.3361276664690651,0.0
2025-09-07 16:00:00,-3.2496107519145347,0.0,7.909269123186696,0.0,-0.18232155679395468,0.0,1.791759469228055,0.0,-7.905072849498666,0.0,7.905072849498666,0.0,0.0,0.0,0.0,0.0,0.0,0.0,0.0,0.0,-5.117993812416755,0.0,-4.007986210941355,0.0,0.9706179030299751,0.0
2025-09-07 17:00:00,-0.7278327385478356,0.0,-3.2496107519145347,0.0,7.909269123186696,0.0,-0.18232155679395468,0.0,1.791759469228055,0.0,-7.905072849498666,0.0,7.905072849498666,0.0,0.0,0.0,0.0,0.0,0.0,0.0,0.0,0.0,-5.117993812416755,0.0,-4.007986210941355,0.0
2025-09-07 18:00:00,-2.7686748229186446,0.0,-0.7278327385478356,0.0,-3.2496107519145347,0.0,7.909269123186696,0.0,-0.18232155679395468,0.0,1.791759469228055,0.0,-7.905072849498666,0.0,7.905072849498666,0.0,0.0,0.0,0.0,0.0,0.0,0.0,0.0,0.0,-5.117993812416755,0.0
2025-09-07 19:00:00,-0.2876820724517808,0.0,-2.7686748229186446,0.0,-0.7278327385478356,0.0,-3.2496107519145347,0.0,7.909269123186696,0.0,-0.18232155679395468,0.0,1.791759469228055,0.0,-7.905072849498666,0.0,7.905072849498666,0.0,0.0,0.0,0.0,0.0,0.0,0.0,0.0,0.0
2025-09-07 20:00:00,2.4203681286504293,0.0,-0.2876820724517808,0.0,-2.7686748229186446,0.0,-0.7278327385478356,0.0,-3.2496107519145347,0.0,7.909269123186696,0.0,-0.18232155679395468,0.0,1.791759469228055,0.0,-7.905072849498666,0.0,7.905072849498666,0.0,0.0,0.0,0.0,0.0,0.0,0.0
2025-09-07 21:00:00,1.7604089393439786,0.0,2.4203681286504293,0.0,-0.2876820724517808,0.0,-2.7686748229186446,0.0,-0.7278327385478356,0.0,-3.2496107519145347,0.0,7.909269123186696,0.0,-0.18232155679395468,0.0,1.791759469228055,0.0,-7.905072849498666,0.0,7.905072849498666,0.0,0.0,0.0,0.0,0.0
2025-09-07 22:00:00,1.9655521896744892,0.0,1.7604089393439786,0.0,2.4203681286504293,0.0,-0.2876820724517808,0.0,-2.7686748229186446,0.0,-0.7278327385478356,0.0,-3.2496107519145347,0.0,7.909269123186696,0.0,-0.18232155679395468,0.0,1.791759469228055,0.0,-7.905072849498666,0.0,7.905072849498666,0.0,0.0,0.0
2025-09-07 23:00:00,-3.3582363488931506,0.0,1.9655521896744892,0.0,1.7604089393439786,0.0,2.4203681286504293,0.0,-0.2876820724517808,0.0,-2.7686748229186446,0.0,-0.7278327385478356,0.0,-3.2496107519145347,0.0,7.909269123186696,0.0,-0.18232155679395468,0.0,1.791759469228055,0.0,-7.905072849498666,0.0,7.905072849498666,0.0
2025-09-08 00:00:00,2.4707036996100067,0.0,-3.3582363488931506,0.0,1.9655521896744892,0.0,1.7604089393439786,0.0,2.4203681286504293,0.0,-0.2876820724517808,0.0,-2.7686748229186446,0.0,-0.7278327385478356,0.0,-3.2496107519145347,0.0,7.909269123186696,0.0,-0.18232155679395468,0.0,1.791759469228055,0.0,-7.905072849498666,0.0
2025-09-08 01:00:00,-3.5390106387827878,0.0,2.4707036996100067,0.0,-3.3582363488931506,0.0,1.9655521896744892,0.0,1.7604089393439786,0.0,2.4203681286504293,0.0,-0.2876820724517808,0.0,-2.7686748229186446,0.0,-0.7278327385478356,0.0,-3.2496107519145347,0.0,7.909269123186696,0.0,-0.18232155679395468,0.0,1.791759469228055,0.0
2025-09-08 02:00:00,4.373031071765305,0.0,-3.5390106387827878,0.0,2.4707036996100067,0.0,-3.3582363488931506,0.0,1.9655521896744892,0.0,1.7604089393439786,0.0,2.4203681286504293,0.0,-0.2876820724517808,0.0,-2.7686748229186446,0.0,-0.7278327385478356,0.0,-3.2496107519145347,0.0,7.909269123186696,0.0,-0.18232155679395468,0.0
2025-09-08 03:00:00,1.4272820045702055,0.0,4.373031071765305,0.0,-3.5390106387827878,0.0,2.4707036996100067,0.0,-3.3582363488931506,0.0,1.9655521896744892,0.0,1.7604089393439786,0.0,2.4203681286504293,0.0,-0.2876820724517808,0.0,-2.7686748229186446,0.0,-0.7278327385478356,0.0,-3.2496107519145347,0.0,7.909269123186696,0.0
2025-09-08 04:00:00,-4.536945554591345,0.0,1.4272820045702055,0.0,4.373031071765305,0.0,-3.5390106387827878,0.0,2.4707036996100067,0.0,-3.3582363488931506,0.0,1.9655521896744892,0.0,1.7604089393439786,0.0,2.4203681286504293,0.0,-0.2876820724517808,0.0,-2.7686748229186446,0.0,-0.7278327385478356,0.0,-3.2496107519145347,0.0
2025-09-08 05:00:00,-0.53358620800444,0.0,-4.536945554591345,0.0,1.4272820045702055,0.0,4.373031071765305,0.0,-3.5390106387827878,0.0,2.4707036996100067,0.0,-3.3582363488931506,0.0,1.9655521896744892,0.0,1.7604089393439786,0.0,2.4203681286504293,0.0,-0.2876820724517808,0.0,-2.7686748229186446,0.0,-0.7278327385478356,0.0
2025-09-08 06:00:00,-4.9344739331306915,0.0,-0.53358620800444,0.0,-4.536945554591345,0.0,1.4272820045702055,0.0,4.373031071765305,0.0,-3.5390106387827878,0.0,2.4707036996100067,0.0,-3.3582363488931506,0.0,1.9655521896744892,0.0,1.7604089393439786,0.0,2.4203681286504293,0.0,-0.2876820724517808,0.0,-2.7686748229186446,0.0
2025-09-08 07:00:00,0.0,0.0,-4.9344739331306915,0.0,-0.53358620800444,0.0,-4.536945554591345,0.0,1.4272820045702055,0.0,4.373031071765305,0.0,-3.5390106387827878,0.0,2.4707036996100067,0.0,-3.3582363488931506,0.0,1.9655521896744892,0.0,1.7604089393439786,0.0,2.4203681286504293,0.0,-0.2876820724517808,0.0
2025-09-08 08:00:00,4.812184355372417,0.0,0.0,0.0,-4.9344739331306915,0.0,-0.53358620800444,0.0,-4.536945554591345,0.0,1.4272820045702055,0.0,4.373031071765305,0.0,-3.5390106387827878,0.0,2.4707036996100067,0.0,-3.3582363488931506,0.0,1.9655521896744892,0.0,1.7604089393439786,0.0,2.4203681286504293,0.0
2025-09-08 09:00:00,-4.812184355372417,0.0,4.812184355372417,0.0,0.0,0.0,-4.9344739331306915,0.0,-0.53358620800444,0.0,-4.536945554591345,0.0,1.4272820045702055,0.0,4.373031071765305,0.0,-3.5390106387827878,0.0,2.4707036996100067,0.0,-3.3582363488931506,0.0,1.9655521896744892,0.0,1.7604089393439786,0.0
2025-09-08 10:00:00,0.0,0.0,-4.812184355372417,0.0,4.812184355372417,0.0,0.0,0.0,-4.9344739331306915,0.0,-0.53358620800444,0.0,-4.536945554591345,0.0,1.4272820045702055,0.0,4.373031071765305,0.0,-3.5390106387827878,0.0,2.4707036996100067,0.0,-3.3582363488931506,0.0,1.9655521896744892,0.0
2025-09-08 11:00:00,6.546785410760524,0.0,0.0,0.0,-4.812184355372417,0.0,4.812184355372417,0.0,0.0,0.0,-4.9344739331306915,0.0,-0.53358620800444,0.0,-4.536945554591345,0.0,1.4272820045702055,0.0,4.373031071765305,0.0,-3.5390106387827878,0.0,2.4707036996100067,0.0,-3.3582363488931506,0.0
2025-09-08 12:00:00,0.06927977437229327,0.0,6.546785410760524,0.0,0.0,0.0,-4.812184355372417,0.0,4.812184355372417,0.0,0.0,0.0,-4.9344739331306915,0.0,-0.53358620800444,0.0,-4.536945554591345,0.0,1.4272820045702055,0.0,4.373031071765305,0.0,-3.5390106387827878,0.0,2.4707036996100067,0.0
2025-09-08 13:00:00,2.6512224672851152,0.0,0.06927977437229327,0.0,6.546785410760524,0.0,0.0,0.0,-4.812184355372417,0.0,4.812184355372417,0.0,0.0,0.0,-4.9344739331306915,0.0,-0.53358620800444,0.0,-4.536945554591345,0.0,1.4272820045702055,0.0,4.373031071765305,0.0,-3.5390106387827878,0.0
2025-09-08 14:00:00,-4.0632809653411375,0.0,2.6512224672851152,0.0,0.06927977437229327,0.0,6.546785410760524,0.0,0.0,0.0,-4.812184355372417,0.0,4.812184355372417,0.0,0.0,0.0,-4.9344739331306915,0.0,-0.53358620800444,0.0,-4.536945554591345,0.0,1.4272820045702055,0.0,4.373031071765305,0.0
2025-09-08 15:00:00,-5.204006687076795,0.0,-4.0632809653411375,0.0,2.6512224672851152,0.0,0.06927977437229327,0.0,6.546785410760524,0.0,0.0,0.0,-4.812184355372417,0.0,4.812184355372417,0.0,0.0,0.0,-4.9344739331306915,0.0,-0.53358620800444,0.0,-4.536945554591345,0.0,1.4272820045702055,0.0
2025-09-08 16:00:00,4.143134726391533,0.0,-5.204006687076795,0.0,-4.0632809653411375,0.0,2.6512224672851152,0.0,0.06927977437229327,0.0,6.546785410760524,0.0,0.0,0.0,-4.812184355372417,0.0,4.812184355372417,0.0,0.0,0.0,-4.9344739331306915,0.0,-0.53358620800444,0.0,-4.536945554591345,0.0
2025-09-08 17:00:00,1.6620002425249556,0.0,4.143134726391533,0.0,-5.204006687076795,0.0,-4.0632809653411375,0.0,2.6512224672851152,0.0,0.06927977437229327,0.0,6.546785410760524,0.0,0.0,0.0,-4.812184355372417,0.0,4.812184355372417,0.0,0.0,0.0,-4.9344739331306915,0.0,-0.53358620800444,0.0
2025-09-08 18:00:00,2.7616100013289975,0.0,1.6620002425249556,0.0,4.143134726391533,0.0,-5.204006687076795,0.0,-4.0632809653411375,0.0,2.6512224672851152,0.0,0.06927977437229327,0.0,6.546785410760524,0.0,0.0,0.0,-4.812184355372417,0.0,4.812184355372417,0.0,0.0,0.0,-4.9344739331306915,0.0
2025-09-08 19:00:00,1.7871173191474146,0.0,2.7616100013289975,0.0,1.6620002425249556,0.0,4.143134726391533,0.0,-5.204006687076795,0.0,-4.0632809653411375,0.0,2.6512224672851152,0.0,0.06927977437229327,0.0,6.546785410760524,0.0,0.0,0.0,-4.812184355372417,0.0,4.812184355372417,0.0,0.0,0.0
2025-09-08 20:00:00,-3.0766145627614163,0.0,1.7871173191474146,0.0,2.7616100013289975,0.0,1.6620002425249556,0.0,4.143134726391533,0.0,-5.204006687076795,0.0,-4.0632809653411375,0.0,2.6512224672851152,0.0,0.06927977437229327,0.0,6.546785410760524,0.0,0.0,0.0,-4.812184355372417,0.0,4.812184355372417,0.0
2025-09-08 21:00:00,1.5114981553066515,0.0,-3.0766145627614163,0.0,1.7871173191474146,0.0,2.7616100013289975,0.0,1.6620002425249556,0.0,4.143134726391533,0.0,-5.204006687076795,0.0,-4.0632809653411375,0.0,2.6512224672851152,0.0,0.06927977437229327,0.0,6.546785410760524,0.0,0.0,0.0,-4.812184355372417,0.0
2025-09-08 22:00:00,-3.694995681131373,0.0,1.5114981553066515,0.0,-3.0766145627614163,0.0,1.7871173191474146,0.0,2.7616100013289975,0.0,1.6620002425249556,0.0,4.143134726391533,0.0,-5.204006687076795,0.0,-4.0632809653411375,0.0,2.6512224672851152,0.0,0.06927977437229327,0.0,6.546785410760524,0.0,0.0,0.0
2025-09-08 23:00:00,-5.093750200806762,0.0,-3.694995681131373,0.0,1.5114981553066515,0.0,-3.0766145627614163,0.0,1.7871173191474146,0.0,2.7616100013289975,0.0,1.6620002425249556,0.0,4.143134726391533,0.0,-5.204006687076795,0.0,-4.0632809653411375,0.0,2.6512224672851152,0.0,0.06927977437229327,0.0,6.546785410760524,0.0
2025-09-09 00:00:00,3.1780538303479458,0.0,-5.093750200806762,0.0,-3.694995681131373,0.0,1.5114981553066515,0.0,-3.0766145627614163,0.0,1.7871173191474146,0.0,2.7616100013289975,0.0,1.6620002425249556,0.0,4.143134726391533,0.0,-5.204006687076795,0.0,-4.0632809653411375,0.0,2.6512224672851152,0.0,0.06927977437229327,0.0
2025-09-09 01:00:00,-1.2321436812926325,0.0,3.1780538303479458,0.0,-5.093750200806762,0.0,-3.694995681131373,0.0,1.5114981553066515,0.0,-3.0766145627614163,0.0,1.7871173191474146,0.0,2.7616100013289975,0.0,1.6620002425249556,0.0,4.143134726391533,0.0,-5.204006687076795,0.0,-4.0632809653411375,0.0,2.6512224672851152,0.0
2025-09-09 02:00:00,3.381966019734268,0.0,-1.2321436812926325,0.0,3.1780538303479458,0.0,-5.093750200806762,0.0,-3.694995681131373,0.0,1.5114981553066515,0.0,-3.0766145627614163,0.0,1.7871173191474146,0.0,2.7616100013289975,0.0,1.6620002425249556,0.0,4.143134726391533,0.0,-5.204006687076795,0.0,-4.0632809653411375,0.0
2025-09-09 03:00:00,2.6894313388990003,0.0,3.381966019734268,0.0,-1.2321436812926325,0.0,3.1780538303479458,0.0,-5.093750200806762,0.0,-3.694995681131373,0.0,1.5114981553066515,0.0,-3.0766145627614163,0.0,1.7871173191474146,0.0,2.7616100013289975,0.0,1.6620002425249556,0.0,4.143134726391533,0.0,-5.204006687076795,0.0
2025-09-09 04:00:00,-1.9488819194444709,0.0,2.6894313388990003,0.0,3.381966019734268,0.0,-1.2321436812926325,0.0,3.1780538303479458,0.0,-5.093750200806762,0.0,-3.694995681131373,0.0,1.5114981553066515,0.0,-3.0766145627614163,0.0,1.7871173191474146,0.0,2.7616100013289975,0.0,1.6620002425249556,0.0,4.143134726391533,0.0
2025-09-09 05:00:00,-2.8103290502226286,0.0,-1.9488819194444709,0.0,2.6894313388990003,0.0,3.381966019734268,0.0,-1.2321436812926325,0.0,3.1780538303479458,0.0,-5.093750200806762,0.0,-3.694995681131373,0.0,1.5114981553066515,0.0,-3.0766145627614163,0.0,1.7871173191474146,0.0,2.7616100013289975,0.0,1.6620002425249556,0.0
2025-09-09 06:00:00,4.75690035632682,0.0,-2.8103290502226286,0.0,-1.9488819194444709,0.0,2.6894313388990003,0.0,3.381966019734268,0.0,-1.2321436812926325,0.0,3.1780538303479458,0.0,-5.093750200806762,0.0,-3.694995681131373,0.0,1.5114981553066515,0.0,-3.0766145627614163,0.0,1.7871173191474146,0.0,2.7616100013289975,0.0
2025-09-09 07:00:00,-3.4098267083602103,0.0,4.75690035632682,0.0,-2.8103290502226286,0.0,-1.9488819194444709,0.0,2.6894313388990003,0.0,3.381966019734268,0.0,-1.2321436812926325,0.0,3.1780538303479458,0.0,-5.093750200806762,0.0,-3.694995681131373,0.0,1.5114981553066515,0.0,-3.0766145627614163,0.0,1.7871173191474146,0.0
2025-09-09 08:00:00,1.9919755158985595,0.0,-3.4098267083602103,0.0,4.75690035632682,0.0,-2.8103290502226286,0.0,-1.9488819194444709,0.0,2.6894313388990003,0.0,3.381966019734268,0.0,-1.2321436812926325,0.0,3.1780538303479458,0.0,-5.093750200806762,0.0,-3.694995681131373,0.0,1.5114981553066515,0.0,-3.0766145627614163,0.0
2025-09-09 09:00:00,-6.597145701886651,0.0,1.9919755158985595,0.0,-3.4098267083602103,0.0,4.75690035632682,0.0,-2.8103290502226286,0.0,-1.9488819194444709,0.0,2.6894313388990003,0.0,3.381966019734268,0.0,-1.2321436812926325,0.0,3.1780538303479458,0.0,-5.093750200806762,0.0,-3.694995681131373,0.0,1.5114981553066515,0.0
2025-09-09 10:00:00,0.0,0.0,-6.597145701886651,0.0,1.9919755158985595,0.0,-3.4098267083602103,0.0,4.75690035632682,0.0,-2.8103290502226286,0.0,-1.9488819194444709,0.0,2.6894313388990003,0.0,3.381966019734268,0.0,-1.2321436812926325,0.0,3.1780538303479458,0.0,-5.093750200806762,0.0,-3.694995681131373,0.0
2025-09-09 11:00:00,0.0,0.0,0.0,0.0,-6.597145701886651,0.0,1.9919755158985595,0.0,-3.4098267083602103,0.0,4.75690035632682,0.0,-2.8103290502226286,0.0,-1.9488819194444709,0.0,2.6894313388990003,0.0,3.381966019734268,0.0,-1.2321436812926325,0.0,3.1780538303479458,0.0,-5.093750200806762,0.0
2025-09-09 12:00:00,0.0,0.0,0.0,0.0,0.0,0.0,-6.597145701886651,0.0,1.9919755158985595,0.0,-3.4098267083602103,0.0,4.75690035632682,0.0,-2.8103290502226286,0.0,-1.9488819194444709,0.0,2.6894313388990003,0.0,3.381966019734268,0.0,-1.2321436812926325,0.0,3.1780538303479458,0.0
2025-09-09 13:00:00,5.225746673713202,0.0,0.0,0.0,0.0,0.0,0.0,0.0,-6.597145701886651,0.0,1.9919755158985595,0.0,-3.4098267083602103,0.0,4.75690035632682,0.0,-2.8103290502226286,0.0,-1.9488819194444709,0.0,2.6894313388990003,0.0,3.381966019734268,0.0,-1.2321436812926325,0.0
2025-09-09 14:00:00,1.557578526890758,0.0,5.225746673713202,0.0,0.0,0.0,0.0,0.0,0.0,0.0,-6.597145701886651,0.0,1.9919755158985595,0.0,-3.4098267083602103,0.0,4.75690035632682,0.0,-2.8103290502226286,0.0,-1.9488819194444709,0.0,2.6894313388990003,0.0,3.381966019734268,0.0
2025-09-09 15:00:00,-0.12403128092032212,0.0,1.557578526890758,0.0,5.225746673713202,0.0,0.0,0.0,0.0,0.0,0.0,0.0,-6.597145701886651,0.0,1.9919755158985595,0.0,-3.4098267083602103,0.0,4.75690035632682,0.0,-2.8103290502226286,0.0,-1.9488819194444709,0.0,2.6894313388990003,0.0
2025-09-09 16:00:00,-0.2707325141380075,0.0,-0.12403128092032212,0.0,1.557578526890758,0.0,5.225746673713202,0.0,0.0,0.0,0.0,0.0,0.0,0.0,-6.597145701886651,0.0,1.9919755158985595,0.0,-3.4098267083602103,0.0,4.75690035632682,0.0,-2.8103290502226286,0.0,-1.9488819194444709,0.0
2025-09-09 17:00:00,-0.5450169885142699,0.0,-0.2707325141380075,0.0,-0.12403128092032212,0.0,1.557578526890758,0.0,5.225746673713202,0.0,0.0,0.0,0.0,0.0,0.0,0.0,-6.597145701886651,0.0,1.9919755158985595,0.0,-3.4098267083602103,0.0,4.75690035632682,0.0,-2.8103290502226286,0.0
2025-09-09 18:00:00,1.4225843625250905,0.0,-0.5450169885142699,0.0,-0.2707325141380075,0.0,-0.12403128092032212,0.0,1.557578526890758,0.0,5.225746673713202,0.0,0.0,0.0,0.0,0.0,0.0,0.0,-6.597145701886651,0.0,1.9919755158985595,0.0,-3.4098267083602103,0.0,4.75690035632682,0.0
2025-09-09 19:00:00,-2.660958593568359,0.0,1.4225843625250905,0.0,-0.5450169885142699,0.0,-0.2707325141380075,0.0,-0.12403128092032212,0.0,1.557578526890758,0.0,5.225746673713202,0.0,0.0,0.0,0.0,0.0,0.0,0.0,-6.597145701886651,0.0,1.9919755158985595,0.0,-3.4098267083602103,0.0
2025-09-09 20:00:00,2.529720665577792,0.0,-2.660958593568359,0.0,1.4225843625250905,0.0,-0.5450169885142699,0.0,-0.2707325141380075,0.0,-0.12403128092032212,0.0,1.557578526890758,0.0,5.225746673713202,0.0,0.0,0.0,0.0,0.0,0.0,0.0,-6.597145701886651,0.0,1.9919755158985595,0.0
2025-09-09 21:00:00,-1.9701048776423695,0.0,2.529720665577792,0.0,-2.660958593568359,0.0,1.4225843625250905,0.0,-0.5450169885142699,0.0,-0.2707325141380075,0.0,-0.12403128092032212,0.0,1.557578526890758,0.0,5.225746673713202,0.0,0.0,0.0,0.0,0.0,0.0,0.0,-6.597145701886651,0.0
2025-09-09 22:00:00,-0.5596157879354227,0.0,-1.9701048776423695,0.0,2.529720665577792,0.0,-2.660958593568359,0.0,1.4225843625250905,0.0,-0.5450169885142699,0.0,-0.2707325141380075,0.0,-0.12403128092032212,0.0,1.557578526890758,0.0,5.225746673713202,0.0,0.0,0.0,0.0,0.0,0.0,0.0
2025-09-09 23:00:00,4.333492687678026,0.0,-0.5596157879354227,0.0,-1.9701048776423695,0.0,2.529720665577792,0.0,-2.660958593568359,0.0,1.4225843625250905,0.0,-0.5450169885142699,0.0,-0.2707325141380075,0.0,-0.12403128092032212,0.0,1.557578526890758,0.0,5.225746673713202,0.0,0.0,0.0,0.0,0.0
2025-09-10 00:00:00,-5.719787048797917,0.0,4.333492687678026,0.0,-0.5596157879354227,0.0,-1.9701048776423695,0.0,2.529720665577792,0.0,-2.660958593568359,0.0,1.4225843625250905,0.0,-0.5450169885142699,0.0,-0.2707325141380075,0.0,-0.12403128092032212,0.0,1.557578526890758,0.0,5.225746673713202,0.0,0.0,0.0
2025-09-10 01:00:00,0.8415671856782185,0.0,-5.719787048797917,0.0,4.333492687678026,0.0,-0.5596157879354227,0.0,-1.9701048776423695,0.0,2.529720665577792,0.0,-2.660958593568359,0.0,1.4225843625250905,0.0,-0.5450169885142699,0.0,-0.2707325141380075,0.0,-0.12403128092032212,0.0,1.557578526890758,0.0,5.225746673713202,0.0
2025-09-10 02:00:00,-4.060443010546419,0.0,0.8415671856782185,0.0,-5.719787048797917,0.0,4.333492687678026,0.0,-0.5596157879354227,0.0,-1.9701048776423695,0.0,2.529720665577792,0.0,-2.660958593568359,0.0,1.4225843625250905,0.0,-0.5450169885142699,0.0,-0.2707325141380075,0.0,-0.12403128092032212,0.0,1.557578526890758,0.0
2025-09-10 03:00:00,7.830822995135316,0.0,-4.060443010546419,0.0,0.8415671856782185,0.0,-5.719787048797917,0.0,4.333492687678026,0.0,-0.5596157879354227,0.0,-1.9701048776423695,0.0,2.529720665577792,0.0,-2.660958593568359,0.0,1.4225843625250905,0.0,-0.5450169885142699,0.0,-0.2707325141380075,0.0,-0.12403128092032212,0.0
2025-09-10 04:00:00,-1.556060973893377,0.0,7.830822995135316,0.0,-4.060443010546419,0.0,0.8415671856782185,0.0,-5.719787048797917,0.0,4.333492687678026,0.0,-0.5596157879354227,0.0,-1.9701048776423695,0.0,2.529720665577792,0.0,-2.660958593568359,0.0,1.4225843625250905,0.0,-0.5450169885142699,0.0,-0.2707325141380075,0.0
2025-09-10 05:00:00,-0.6800506416400998,0.0,-1.556060973893377,0.0,7.830822995135316,0.0,-4.060443010546419,0.0,0.8415671856782185,0.0,-5.719787048797917,0.0,4.333492687678026,0.0,-0.5596157879354227,0.0,-1.9701048776423695,0.0,2.529720665577792,0.0,-2.660958593568359,0.0,1.4225843625250905,0.0,-0.5450169885142699,0.0
2025-09-10 06:00:00,-5.594711379601839,0.0,-0.6800506416400998,0.0,-1.556060973893377,0.0,7.830822995135316,0.0,-4.060443010546419,0.0,0.8415671856782185,0.0,-5.719787048797917,0.0,4.333492687678026,0.0,-0.5596157879354227,0.0,-1.9701048776423695,0.0,2.529720665577792,0.0,-2.660958593568359,0.0,1.4225843625250905,0.0
2025-09-10 07:00:00,0.0,0.0,-5.594711379601839,0.0,-0.6800506416400998,0.0,-1.556060973893377,0.0,7.830822995135316,0.0,-4.060443010546419,0.0,0.8415671856782185,0.0,-5.719787048797917,0.0,4.333492687678026,0.0,-0.5596157879354227,0.0,-1.9701048776423695,0.0,2.529720665577792,0.0,-2.660958593568359,0.0
2025-09-10 08:00:00,0.0,0.0,0.0,0.0,-5.594711379601839,0.0,-0.6800506416400998,0.0,-1.556060973893377,0.0,7.830822995135316,0.0,-4.060443010546419,0.0,0.8415671856782185,0.0,-5.719787048797917,0.0,4.333492687678026,0.0,-0.5596157879354227,0.0,-1.9701048776423695,0.0,2.529720665577792,0.0
2025-09-10 09:00:00,0.0,0.0,0.0,0.0,0.0,0.0,-5.594711379601839,0.0,-0.6800506416400998,0.0,-1.556060973893377,0.0,7.830822995135316,0.0,-4.060443010546419,0.0,0.8415671856782185,0.0,-5.719787048797917,0.0,4.333492687678026,0.0,-0.5596157879354227,0.0,-1.9701048776423695,0.0
2025-09-10 10:00:00,3.295836866004329,0.0,0.0,0.0,0.0,0.0,0.0,0.0,-5.594711379601839,0.0,-0.6800506416400998,0.0,-1.556060973893377,0.0,7.830822995135316,0.0,-4.060443010546419,0.0,0.8415671856782185,0.0,-5.719787048797917,0.0,4.333492687678026,0.0,-0.5596157879354227,0.0
2025-09-10 11:00:00,-3.295836866004329,0.0,3.295836866004329,0.0,0.0,0.0,0.0,0.0,0.0,0.0,-5.594711379601839,0.0,-0.6800506416400998,0.0,-1.556060973893377,0.0,7.830822995135316,0.0,-4.060443010546419,0.0,0.8415671856782185,0.0,-5.719787048797917,0.0,4.333492687678026,0.0
2025-09-10 12:00:00,1.0986122886681098,0.0,-3.295836866004329,0.0,3.295836866004329,0.0,0.0,0.0,0.0,0.0,0.0,0.0,-5.594711379601839,0.0,-0.6800506416400998,0.0,-1.556060973893377,0.0,7.830822995135316,0.0,-4.060443010546419,0.0,0.8415671856782185,0.0,-5.719787048797917,0.0
2025-09-10 13:00:00,3.564826805443957,0.0,1.0986122886681098,0.0,-3.295836866004329,0.0,3.295836866004329,0.0,0.0,0.0,0.0,0.0,0.0,0.0,-5.594711379601839,0.0,-0.6800506416400998,0.0,-1.556060973893377,0.0,7.830822995135316,0.0,-4.060443010546419,0.0,0.8415671856782185,0.0
2025-09-10 14:00:00,2.582928985990394,0.0,3.564826805443957,0.0,1.0986122886681098,0.0,-3.295836866004329,0.0,3.295836866004329,0.0,0.0,0.0,0.0,0.0,0.0,0.0,-5.594711379601839,0.0,-0.6800506416400998,0.0,-1.556060973893377,0.0,7.830822995135316,0.0,-4.060443010546419,0.0
2025-09-10 15:00:00,-3.3145424473781353,0.0,2.582928985990394,0.0,3.564826805443957,0.0,1.0986122886681098,0.0,-3.295836866004329,0.0,3.295836866004329,0.0,0.0,0.0,0.0,0.0,0.0,0.0,-5.594711379601839,0.0,-0.6800506416400998,0.0,-1.556060973893377,0.0,7.830822995135316,0.0
2025-09-10 16:00:00,3.962865217701298,0.0,-3.3145424473781353,0.0,2.582928985990394,0.0,3.564826805443957,0.0,1.0986122886681098,0.0,-3.295836866004329,0.0,3.295836866004329,0.0,0.0,0.0,0.0,0.0,0.0,0.0,-5.594711379601839,0.0,-0.6800506416400998,0.0,-1.556060973893377,0.0
2025-09-10 17:00:00,2.2814920322539614,0.0,3.962865217701298,0.0,-3.3145424473781353,0.0,2.582928985990394,0.0,3.564826805443957,0.0,1.0986122886681098,0.0,-3.295836866004329,0.0,3.295836866004329,0.0,0.0,0.0,0.0,0.0,0.0,0.0,-5.594711379601839,0.0,-0.6800506416400998,0.0
2025-09-10 18:00:00,-10.176182882679585,0.0,2.2814920322539614,0.0,3.962865217701298,0.0,-3.3145424473781353,0.0,2.582928985990394,0.0,3.564826805443957,0.0,1.0986122886681098,0.0,-3.295836866004329,0.0,3.295836866004329,0.0,0.0,0.0,0.0,0.0,0.0,0.0,-5.594711379601839,0.0
2025-09-10 19:00:00,8.61558951327243,0.0,-10.176182882679585,0.0,2.2814920322539614,0.0,3.962865217701298,0.0,-3.3145424473781353,0.0,2.582928985990394,0.0,3.564826805443957,0.0,1.0986122886681098,0.0,-3.295836866004329,0.0,3.295836866004329,0.0,0.0,0.0,0.0,0.0,0.0,0.0
2025-09-10 20:00:00,1.6959930195578785,0.0,8.61558951327243,0.0,-10.176182882679585,0.0,2.2814920322539614,0.0,3.962865217701298,0.0,-3.3145424473781353,0.0,2.582928985990394,0.0,3.564826805443957,0.0,1.0986122886681098,0.0,-3.295836866004329,0.0,3.295836866004329,0.0,0.0,0.0,0.0,0.0
2025-09-10 21:00:00,-1.330529546928826,0.0,1.6959930195578785,0.0,8.61558951327243,0.0,-10.176182882679585,0.0,2.2814920322539614,0.0,3.962865217701298,0.0,-3.3145424473781353,0.0,2.582928985990394,0.0,3.564826805443957,0.0,1.0986122886681098,0.0,-3.295836866004329,0.0,3.295836866004329,0.0,0.0,0.0
2025-09-10 22:00:00,-2.8261948918850655,0.0,-1.330529546928826,0.0,1.6959930195578785,0.0,8.61558951327243,0.0,-10.176182882679585,0.0,2.2814920322539614,0.0,3.962865217701298,0.0,-3.3145424473781353,0.0,2.582928985990394,0.0,3.564826805443957,0.0,1.0986122886681098,0.0,-3.295836866004329,0.0,3.295836866004329,0.0
2025-09-10 23:00:00,0.7286044923966744,0.0,-2.8261948918850655,0.0,-1.330529546928826,0.0,1.6959930195578785,0.0,8.61558951327243,0.0,-10.176182882679585,0.0,2.2814920322539614,0.0,3.962865217701298,0.0,-3.3145424473781353,0.0,2.582928985990394,0.0,3.564826805443957,0.0,1.0986122886681098,0.0,-3.295836866004329,0.0
2025-09-11 00:00:00,-6.883462586413092,0.0,0.7286044923966744,0.0,-2.8261948918850655,0.0,-1.330529546928826,0.0,1.6959930195578785,0.0,8.61558951327243,0.0,-10.176182882679585,0.0,2.2814920322539614,0.0,3.962865217701298,0.0,-3.3145424473781353,0.0,2.582928985990394,0.0,3.564826805443957,0.0,1.0986122886681098,0.0
2025-09-11 01:00:00,0.0,0.0,-6.883462586413092,0.0,0.7286044923966744,0.0,-2.8261948918850655,0.0,-1.330529546928826,0.0,1.6959930195578785,0.0,8.61558951327243,0.0,-10.176182882679585,0.0,2.2814920322539614,0.0,3.962865217701298,0.0,-3.3145424473781353,0.0,2.582928985990394,0.0,3.564826805443957,0.0
2025-09-11 02:00:00,5.60947179518496,0.0,0.0,0.0,-6.883462586413092,0.0,0.7286044923966744,0.0,-2.8261948918850655,0.0,-1.330529546928826,0.0,1.6959930195578785,0.0,8.61558951327243,0.0,-10.176182882679585,0.0,2.2814920322539614,0.0,3.962865217701298,0.0,-3.3145424473781353,0.0,2.582928985990394,0.0
2025-09-11 03:00:00,1.437175482663796,0.0,5.60947179518496,0.0,0.0,0.0,-6.883462586413092,0.0,0.7286044923966744,0.0,-2.8261948918850655,0.0,-1.330529546928826,0.0,1.6959930195578785,0.0,8.61558951327243,0.0,-10.176182882679585,0.0,2.2814920322539614,0.0,3.962865217701298,0.0,-3.3145424473781353,0.0
2025-09-11 04:00:00,-7.046647277848756,0.0,1.437175482663796,0.0,5.60947179518496,0.0,0.0,0.0,-6.883462586413092,0.0,0.7286044923966744,0.0,-2.8261948918850655,0.0,-1.330529546928826,0.0,1.6959930195578785,0.0,8.61558951327243,0.0,-10.176182882679585,0.0,2.2814920322539614,0.0,3.962865217701298,0.0
2025-09-11 05:00:00,5.402677381872279,0.0,-7.046647277848756,0.0,1.437175482663796,0.0,5.60947179518496,0.0,0.0,0.0,-6.883462586413092,0.0,0.7286044923966744,0.0,-2.8261948918850655,0.0,-1.330529546928826,0.0,1.6959930195578785,0.0,8.61558951327243,0.0,-10.176182882679585,0.0,2.2814920322539614,0.0
2025-09-11 06:00:00,-1.0459685551826876,0.0,5.402677381872279,0.0,-7.046647277848756,0.0,1.437175482663796,0.0,5.60947179518496,0.0,0.0,0.0,-6.883462586413092,0.0,0.7286044923966744,0.0,-2.8261948918850655,0.0,-1.330529546928826,0.0,1.6959930195578785,0.0,8.61558951327243,0.0,-10.176182882679585,0.0
2025-09-11 07:00:00,0.4307829160924541,0.0,-1.0459685551826876,0.0,5.402677381872279,0.0,-7.046647277848756,0.0,1.437175482663796,0.0,5.60947179518496,0.0,0.0,0.0,-6.883462586413092,0.0,0.7286044923966744,0.0,-2.8261948918850655,0.0,-1.330529546928826,0.0,1.6959930195578785,0.0,8.61558951327243,0.0
2025-09-11 08:00:00,-4.787491742782046,0.0,0.4307829160924541,0.0,-1.0459685551826876,0.0,5.402677381872279,0.0,-7.046647277848756,0.0,1.437175482663796,0.0,5.60947179518496,0.0,0.0,0.0,-6.883462586413092,0.0,0.7286044923966744,0.0,-2.8261948918850655,0.0,-1.330529546928826,0.0,1.6959930195578785,0.0
2025-09-11 09:00:00,0.0,0.0,-4.787491742782046,0.0,0.4307829160924541,0.0,-1.0459685551826876,0.0,5.402677381872279,0.0,-7.046647277848756,0.0,1.437175482663796,0.0,5.60947179518496,0.0,0.0,0.0,-6.883462586413092,0.0,0.7286044923966744,0.0,-2.8261948918850655,0.0,-1.330529546928826,0.0
2025-09-11 10:00:00,0.0,0.0,0.0,0.0,-4.787491742782046,0.0,0.4307829160924541,0.0,-1.0459685551826876,0.0,5.402677381872279,0.0,-7.046647277848756,0.0,1.437175482663796,0.0,5.60947179518496,0.0,0.0,0.0,-6.883462586413092,0.0,0.7286044923966744,0.0,-2.8261948918850655,0.0
2025-09-11 11:00:00,0.0,0.0,0.0,0.0,0.0,0.0,-4.787491742782046,0.0,0.4307829160924541,0.0,-1.0459685551826876,0.0,5.402677381872279,0.0,-7.046647277848756,0.0,1.437175482663796,0.0,5.60947179518496,0.0,0.0,0.0,-6.883462586413092,0.0,0.7286044923966744,0.0
2025-09-11 12:00:00,6.184148890937483,0.0,0.0,0.0,0.0,0.0,0.0,0.0,-4.787491742782046,0.0,0.4307829160924541,0.0,-1.0459685551826876,0.0,5.402677381872279,0.0,-7.046647277848756,0.0,1.437175482663796,0.0,5.60947179518496,0.0,0.0,0.0,-6.883462586413092,0.0
2025-09-11 13:00:00,-2.2138569773853614,0.0,6.184148890937483,0.0,0.0,0.0,0.0,0.0,0.0,0.0,-4.787491742782046,0.0,0.4307829160924541,0.0,-1.0459685551826876,0.0,5.402677381872279,0.0,-7.046647277848756,0.0,1.437175482663796,0.0,5.60947179518496,0.0,0.0,0.0
2025-09-11 14:00:00,-3.970291913552122,0.0,-2.2138569773853614,0.0,6.184148890937483,0.0,0.0,0.0,0.0,0.0,0.0,0.0,-4.787491742782046,0.0,0.4307829160924541,0.0,-1.0459685551826876,0.0,5.402677381872279,0.0,-7.046647277848756,0.0,1.437175482663796,0.0,5.60947179518496,0.0
2025-09-11 15:00:00,2.9444389791664403,0.0,-3.970291913552122,0.0,-2.2138569773853614,0.0,6.184148890937483,0.0,0.0,0.0,0.0,0.0,0.0,0.0,-4.787491742782046,0.0,0.4307829160924541,0.0,-1.0459685551826876,0.0,5.402677381872279,0.0,-7.046647277848756,0.0,1.437175482663796,0.0
2025-09-11 16:00:00,2.259567707910355,0.0,2.9444389791664403,0.0,-3.970291913552122,0.0,-2.2138569773853614,0.0,6.184148890937483,0.0,0.0,0.0,0.0,0.0,0.0,0.0,-4.787491742782046,0.0,0.4307829160924541,0.0,-1.0459685551826876,0.0,5.402677381872279,0.0,-7.046647277848756,0.0
2025-09-11 17:00:00,3.413393764756467,0.0,2.259567707910355,0.0,2.9444389791664403,0.0,-3.970291913552122,0.0,-2.2138569773853614,0.0,6.184148890937483,0.0,0.0,0.0,0.0,0.0,0.0,0.0,-4.787491742782046,0.0,0.4307829160924541,0.0,-1.0459685551826876,0.0,5.402677381872279,0.0
2025-09-11 18:00:00,-2.6309484465488246,0.0,3.413393764756467,0.0,2.259567707910355,0.0,2.9444389791664403,0.0,-3.970291913552122,0.0,-2.2138569773853614,0.0,6.184148890937483,0.0,0.0,0.0,0.0,0.0,0.0,0.0,-4.787491742782046,0.0,0.4307829160924541,0.0,-1.0459685551826876,0.0
2025-09-11 19:00:00,0.2301540958004269,0.0,-2.6309484465488246,0.0,3.413393764756467,0.0,2.259567707910355,0.0,2.9444389791664403,0.0,-3.970291913552122,0.0,-2.2138569773853614,0.0,6.184148890937483,0.0,0.0,0.0,0.0,0.0,0.0,0.0,-4.787491742782046,0.0,0.4307829160924541,0.0
2025-09-11 20:00:00,-5.1179938124167546,0.0,0.2301540958004269,0.0,-2.6309484465488246,0.0,3.413393764756467,0.0,2.259567707910355,0.0,2.9444389791664403,0.0,-3.970291913552122,0.0,-2.2138569773853614,0.0,6.184148890937483,0.0,0.0,0.0,0.0,0.0,0.0,0.0,-4.787491742782046,0.0
2025-09-11 21:00:00,4.967495801435637,0.0,-5.1179938124167546,0.0,0.2301540958004269,0.0,-2.6309484465488246,0.0,3.413393764756467,0.0,2.259567707910355,0.0,2.9444389791664403,0.0,-3.970291913552122,0.0,-2.2138569773853614,0.0,6.184148890937483,0.0,0.0,0.0,0.0,0.0,0.0,0.0
2025-09-11 22:00:00,-1.2219210036451562,0.0,4.967495801435637,0.0,-5.1179938124167546,0.0,0.2301540958004269,0.0,-2.6309484465488246,0.0,3.413393764756467,0.0,2.259567707910355,0.0,2.9444389791664403,0.0,-3.970291913552122,0.0,-2.2138569773853614,0.0,6.184148890937483,0.0,0.0,0.0,0.0,0.0
2025-09-11 23:00:00,-4.844187086458591,0.0,-1.2219210036451562,0.0,4.967495801435637,0.0,-5.1179938124167546,0.0,0.2301540958004269,0.0,-2.6309484465488246,0.0,3.413393764756467,0.0,2.259567707910355,0.0,2.9444389791664403,0.0,-3.970291913552122,0.0,-2.2138569773853614,0.0,6.184148890937483,0.0,0.0,0.0
2025-09-12 00:00:00,11.001399596089845,0.0,-4.844187086458591,0.0,-1.2219210036451562,0.0,4.967495801435637,0.0,-5.1179938124167546,0.0,0.2301540958004269,0.0,-2.6309484465488246,0.0,3.413393764756467,0.0,2.259567707910355,0.0,2.9444389791664403,0.0,-3.970291913552122,0.0,-2.2138569773853614,0.0,6.184148890937483,0.0
2025-09-12 01:00:00,-11.001399596089845,0.0,11.001399596089845,0.0,-4.844187086458591,0.0,-1.2219210036451562,0.0,4.967495801435637,0.0,-5.1179938124167546,0.0,0.2301540958004269,0.0,-2.6309484465488246,0.0,3.413393764756467,0.0,2.259567707910355,0.0,2.9444389791664403,0.0,-3.970291913552122,0.0,-2.2138569773853614,0.0
2025-09-12 02:00:00,6.709304340258298,0.0,-11.001399596089845,0.0,11.001399596089845,0.0,-4.844187086458591,0.0,-1.2219210036451562,0.0,4.967495801435637,0.0,-5.1179938124167546,0.0,0.2301540958004269,0.0,-2.6309484465488246,0.0,3.413393764756467,0.0,2.259567707910355,0.0,2.9444389791664403,0.0,-3.970291913552122,0.0
2025-09-12 03:00:00,1.6460755549953356,0.0,6.709304340258298,0.0,-11.001399596089845,0.0,11.001399596089845,0.0,-4.844187086458591,0.0,-1.2219210036451562,0.0,4.967495801435637,0.0,-5.1179938124167546,0.0,0.2301540958004269,0.0,-2.6309484465488246,0.0,3.413393764756467,0.0,2.259567707910355,0.0,2.9444389791664403,0.0
2025-09-12 04:00:00,-1.4466251159384136,0.0,1.6460755549953356,0.0,6.709304340258298,0.0,-11.001399596089845,0.0,11.001399596089845,0.0,-4.844187086458591,0.0,-1.2219210036451562,0.0,4.967495801435637,0.0,-5.1179938124167546,0.0,0.2301540958004269,0.0,-2.6309484465488246,0.0,3.413393764756467,0.0,2.259567707910355,0.0
2025-09-12 05:00:00,-6.90875477931522,0.0,-1.4466251159384136,0.0,1.6460755549953356,0.0,6.709304340258298,0.0,-11.001399596089845,0.0,11.001399596089845,0.0,-4.844187086458591,0.0,-1.2219210036451562,0.0,4.967495801435637,0.0,-5.1179938124167546,0.0,0.2301540958004269,0.0,-2.6309484465488246,0.0,3.413393764756467,0.0
2025-09-12 06:00:00,0.0,0.0,-6.90875477931522,0.0,-1.4466251159384136,0.0,1.6460755549953356,0.0,6.709304340258298,0.0,-11.001399596089845,0.0,11.001399596089845,0.0,-4.844187086458591,0.0,-1.2219210036451562,0.0,4.967495801435637,0.0,-5.1179938124167546,0.0,0.2301540958004269,0.0,-2.6309484465488246,0.0
2025-09-12 07:00:00,0.0,0.0,0.0,0.0,-6.90875477931522,0.0,-1.4466251159384136,0.0,1.6460755549953356,0.0,6.709304340258298,0.0,-11.001399596089845,0.0,11.001399596089845,0.0,-4.844187086458591,0.0,-1.2219210036451562,0.0,4.967495801435637,0.0,-5.1179938124167546,0.0,0.2301540958004269,0.0
2025-09-12 08:00:00,0.0,0.0,0.0,0.0,0.0,0.0,-6.90875477931522,0.0,-1.4466251159384136,0.0,1.6460755549953356,0.0,6.709304340258298,0.0,-11.001399596089845,0.0,11.001399596089845,0.0,-4.844187086458591,0.0,-1.2219210036451562,0.0,4.967495801435637,0.0,-5.1179938124167546,0.0
2025-09-12 09:00:00,0.0,0.0,0.0,0.0,0.0,0.0,0.0,0.0,-6.90875477931522,0.0,-1.4466251159384136,0.0,1.6460755549953356,0.0,6.709304340258298,0.0,-11.001399596089845,0.0,11.001399596089845,0.0,-4.844187086458591,0.0,-1.2219210036451562,0.0,4.967495801435637,0.0
2025-09-12 10:00:00,1.3862943611198906,0.0,0.0,0.0,0.0,0.0,0.0,0.0,0.0,0.0,-6.90875477931522,0.0,-1.4466251159384136,0.0,1.6460755549953356,0.0,6.709304340258298,0.0,-11.001399596089845,0.0,11.001399596089845,0.0,-4.844187086458591,0.0,-1.2219210036451562,0.0
2025-09-12 11:00:00,-1.3862943611198906,0.0,1.3862943611198906,0.0,0.0,0.0,0.0,0.0,0.0,0.0,0.0,0.0,-6.90875477931522,0.0,-1.4466251159384136,0.0,1.6460755549953356,0.0,6.709304340258298,0.0,-11.001399596089845,0.0,11.001399596089845,0.0,-4.844187086458591,0.0
2025-09-12 12:00:00,0.0,0.0,-1.3862943611198906,0.0,1.3862943611198906,0.0,0.0,0.0,0.0,0.0,0.0,0.0,0.0,0.0,-6.90875477931522,0.0,-1.4466251159384136,0.0,1.6460755549953356,0.0,6.709304340258298,0.0,-11.001399596089845,0.0,11.001399596089845,0.0
2025-09-12 13:00:00,7.719573989259581,0.0,0.0,0.0,-1.3862943611198906,0.0,1.3862943611198906,0.0,0.0,0.0,0.0,0.0,0.0,0.0,0.0,0.0,-6.90875477931522,0.0,-1.4466251159384136,0.0,1.6460755549953356,0.0,6.709304340258298,0.0,-11.001399596089845,0.0
2025-09-12 14:00:00,0.6627154396918549,0.0,7.719573989259581,0.0,0.0,0.0,-1.3862943611198906,0.0,1.3862943611198906,0.0,0.0,0.0,0.0,0.0,0.0,0.0,0.0,0.0,-6.90875477931522,0.0,-1.4466251159384136,0.0,1.6460755549953356,0.0,6.709304340258298,0.0
2025-09-12 15:00:00,-1.1466702878846862,0.0,0.6627154396918549,0.0,7.719573989259581,0.0,0.0,0.0,-1.3862943611198906,0.0,1.3862943611198906,0.0,0.0,0.0,0.0,0.0,0.0,0.0,0.0,0.0,-6.90875477931522,0.0,-1.4466251159384136,0.0,1.6460755549953356,0.0
2025-09-12 16:00:00,3.641767455963847,0.0,-1.1466702878846862,0.0,0.6627154396918549,0.0,7.719573989259581,0.0,0.0,0.0,-1.3862943611198906,0.0,1.3862943611198906,0.0,0.0,0.0,0.0,0.0,0.0,0.0,0.0,0.0,-6.90875477931522,0.0,-1.4466251159384136,0.0
2025-09-12 17:00:00,-4.15115319467185,0.0,3.641767455963847,0.0,-1.1466702878846862,0.0,0.6627154396918549,0.0,7.719573989259581,0.0,0.0,0.0,-1.3862943611198906,0.0,1.3862943611198906,0.0,0.0,0.0,0.0,0.0,0.0,0.0,0.0,0.0,-6.90875477931522,0.0
2025-09-12 18:00:00,0.4890065763713505,0.0,-4.15115319467185,0.0,3.641767455963847,0.0,-1.1466702878846862,0.0,0.6627154396918549,0.0,7.719573989259581,0.0,0.0,0.0,-1.3862943611198906,0.0,1.3862943611198906,0.0,0.0,0.0,0.0,0.0,0.0,0.0,0.0,0.0
2025-09-12 19:00:00,-7.215239978730097,0.0,0.4890065763713505,0.0,-4.15115319467185,0.0,3.641767455963847,0.0,-1.1466702878846862,0.0,0.6627154396918549,0.0,7.719573989259581,0.0,0.0,0.0,-1.3862943611198906,0.0,1.3862943611198906,0.0,0.0,0.0,0.0,0.0,0.0,0.0
2025-09-12 20:00:00,5.746203190540153,0.0,-7.215239978730097,0.0,0.4890065763713505,0.0,-4.15115319467185,0.0,3.641767455963847,0.0,-1.1466702878846862,0.0,0.6627154396918549,0.0,7.719573989259581,0.0,0.0,0.0,-1.3862943611198906,0.0,1.3862943611198906,0.0,0.0,0.0,0.0,0.0
2025-09-12 21:00:00,-0.4428982824810772,0.0,5.746203190540153,0.0,-7.215239978730097,0.0,0.4890065763713505,0.0,-4.15115319467185,0.0,3.641767455963847,0.0,-1.1466702878846862,0.0,0.6627154396918549,0.0,7.719573989259581,0.0,0.0,0.0,-1.3862943611198906,0.0,1.3862943611198906,0.0,0.0,0.0
2025-09-12 22:00:00,-5.303304908059076,0.0,-0.4428982824810772,0.0,5.746203190540153,0.0,-7.215239978730097,0.0,0.4890065763713505,0.0,-4.15115319467185,0.0,3.641767455963847,0.0,-1.1466702878846862,0.0,0.6627154396918549,0.0,7.719573989259581,0.0,0.0,0.0,-1.3862943611198906,0.0,1.3862943611198906,0.0
2025-09-12 23:00:00,3.4339872044851463,0.0,-5.303304908059076,0.0,-0.4428982824810772,0.0,5.746203190540153,0.0,-7.215239978730097,0.0,0.4890065763713505,0.0,-4.15115319467185,0.0,3.641767455963847,0.0,-1.1466702878846862,0.0,0.6627154396918549,0.0,7.719573989259581,0.0,0.0,0.0,-1.3862943611198906,0.0
2025-09-13 00:00:00,0.9354606479818752,0.0,3.4339872044851463,0.0,-5.303304908059076,0.0,-0.4428982824810772,0.0,5.746203190540153,0.0,-7.215239978730097,0.0,0.4890065763713505,0.0,-4.15115319467185,0.0,3.641767455963847,0.0,-1.1466702878846862,0.0,0.6627154396918549,0.0,7.719573989259581,0.0,0.0,0.0
2025-09-13 01:00:00,4.916649131908408,0.0,0.9354606479818752,0.0,3.4339872044851463,0.0,-5.303304908059076,0.0,-0.4428982824810772,0.0,5.746203190540153,0.0,-7.215239978730097,0.0,0.4890065763713505,0.0,-4.15115319467185,0.0,3.641767455963847,0.0,-1.1466702878846862,0.0,0.6627154396918549,0.0,7.719573989259581,0.0
2025-09-13 02:00:00,-9.28609698437543,0.0,4.916649131908408,0.0,0.9354606479818752,0.0,3.4339872044851463,0.0,-5.303304908059076,0.0,-0.4428982824810772,0.0,5.746203190540153,0.0,-7.215239978730097,0.0,0.4890065763713505,0.0,-4.15115319467185,0.0,3.641767455963847,0.0,-1.1466702878846862,0.0,0.6627154396918549,0.0
2025-09-13 03:00:00,8.07558263667172,0.0,-9.28609698437543,0.0,4.916649131908408,0.0,0.9354606479818752,0.0,3.4339872044851463,0.0,-5.303304908059076,0.0,-0.4428982824810772,0.0,5.746203190540153,0.0,-7.215239978730097,0.0,0.4890065763713505,0.0,-4.15115319467185,0.0,3.641767455963847,0.0,-1.1466702878846862,0.0
2025-09-13 04:00:00,-8.07558263667172,0.0,8.07558263667172,0.0,-9.28609698437543,0.0,4.916649131908408,0.0,0.9354606479818752,0.0,3.4339872044851463,0.0,-5.303304908059076,0.0,-0.4428982824810772,0.0,5.746203190540153,0.0,-7.215239978730097,0.0,0.4890065763713505,0.0,-4.15115319467185,0.0,3.641767455963847,0.0
2025-09-13 05:00:00,0.0,0.0,-8.07558263667172,0.0,8.07558263667172,0.0,-9.28609698437543,0.0,4.916649131908408,0.0,0.9354606479818752,0.0,3.4339872044851463,0.0,-5.303304908059076,0.0,-0.4428982824810772,0.0,5.746203190540153,0.0,-7.215239978730097,0.0,0.4890065763713505,0.0,-4.15115319467185,0.0
2025-09-13 06:00:00,0.6931471805599453,0.0,0.0,0.0,-8.07558263667172,0.0,8.07558263667172,0.0,-9.28609698437543,0.0,4.916649131908408,0.0,0.9354606479818752,0.0,3.4339872044851463,0.0,-5.303304908059076,0.0,-0.4428982824810772,0.0,5.746203190540153,0.0,-7.215239978730097,0.0,0.4890065763713505,0.0
2025-09-13 07:00:00,-0.6931471805599453,0.0,0.6931471805599453,0.0,0.0,0.0,-8.07558263667172,0.0,8.07558263667172,0.0,-9.28609698437543,0.0,4.916649131908408,0.0,0.9354606479818752,0.0,3.4339872044851463,0.0,-5.303304908059076,0.0,-0.4428982824810772,0.0,5.746203190540153,0.0,-7.215239978730097,0.0
2025-09-13 08:00:00,0.0,0.0,-0.6931471805599453,0.0,0.6931471805599453,0.0,0.0,0.0,-8.07558263667172,0.0,8.07558263667172,0.0,-9.28609698437543,0.0,4.916649131908408,0.0,0.9354606479818752,0.0,3.4339872044851463,0.0,-5.303304908059076,0.0,-0.4428982824810772,0.0,5.746203190540153,0.0
2025-09-13 09:00:00,0.0,0.0,0.0,0.0,-0.6931471805599453,0.0,0.6931471805599453,0.0,0.0,0.0,-8.07558263667172,0.0,8.07558263667172,0.0,-9.28609698437543,0.0,4.916649131908408,0.0,0.9354606479818752,0.0,3.4339872044851463,0.0,-5.303304908059076,0.0,-0.4428982824810772,0.0
2025-09-13 10:00:00,0.0,0.0,0.0,0.0,0.0,0.0,-0.6931471805599453,0.0,0.6931471805599453,0.0,0.0,0.0,-8.07558263667172,0.0,8.07558263667172,0.0,-9.28609698437543,0.0,4.916649131908408,0.0,0.9354606479818752,0.0,3.4339872044851463,0.0,-5.303304908059076,0.0
2025-09-13 11:00:00,0.0,0.0,0.0,0.0,0.0,0.0,0.0,0.0,-0.6931471805599453,0.0,0.6931471805599453,0.0,0.0,0.0,-8.07558263667172,0.0,8.07558263667172,0.0,-9.28609698437543,0.0,4.916649131908408,0.0,0.9354606479818752,0.0,3.4339872044851463,0.0
2025-09-13 12:00:00,0.0,0.0,0.0,0.0,0.0,0.0,0.0,0.0,0.0,0.0,-0.6931471805599453,0.0,0.6931471805599453,0.0,0.0,0.0,-8.07558263667172,0.0,8.07558263667172,0.0,-9.28609698437543,0.0,4.916649131908408,0.0,0.9354606479818752,0.0
2025-09-13 13:00:00,0.0,0.0,0.0,0.0,0.0,0.0,0.0,0.0,0.0,0.0,0.0,0.0,-0.6931471805599453,0.0,0.6931471805599453,0.0,0.0,0.0,-8.07558263667172,0.0,8.07558263667172,0.0,-9.28609698437543,0.0,4.916649131908408,0.0
2025-09-13 14:00:00,0.0,0.0,0.0,0.0,0.0,0.0,0.0,0.0,0.0,0.0,0.0,0.0,0.0,0.0,-0.6931471805599453,0.0,0.6931471805599453,0.0,0.0,0.0,-8.07558263667172,0.0,8.07558263667172,0.0,-9.28609698437543,0.0
2025-09-13 15:00:00,8.253488028345904,0.0,0.0,0.0,0.0,0.0,0.0,0.0,0.0,0.0,0.0,0.0,0.0,0.0,0.0,0.0,-0.6931471805599453,0.0,0.6931471805599453,0.0,0.0,0.0,-8.07558263667172,0.0,8.07558263667172,0.0
2025-09-13 16:00:00,-8.253488028345904,0.0,8.253488028345904,0.0,0.0,0.0,0.0,0.0,0.0,0.0,0.0,0.0,0.0,0.0,0.0,0.0,0.0,0.0,-0.6931471805599453,0.0,0.6931471805599453,0.0,0.0,0.0,-8.07558263667172,0.0
2025-09-13 17:00:00,6.26530121273771,0.0,-8.253488028345904,0.0,8.253488028345904,0.0,0.0,0.0,0.0,0.0,0.0,0.0,0.0,0.0,0.0,0.0,0.0,0.0,0.0,0.0,-0.6931471805599453,0.0,0.6931471805599453,0.0,0.0,0.0
2025-09-13 18:00:00,-1.96123611953354,0.0,6.26530121273771,0.0,-8.253488028345904,0.0,8.253488028345904,0.0,0.0,0.0,0.0,0.0,0.0,0.0,0.0,0.0,0.0,0.0,0.0,0.0,0.0,0.0,-0.6931471805599453,0.0,0.6931471805599453,0.0
2025-09-13 19:00:00,2.673216248426577,0.0,-1.96123611953354,0.0,6.26530121273771,0.0,-8.253488028345904,0.0,8.253488028345904,0.0,0.0,0.0,0.0,0.0,0.0,0.0,0.0,0.0,0.0,0.0,0.0,0.0,0.0,0.0,-0.6931471805599453,0.0
2025-09-13 20:00:00,-1.107984428496973,0.0,2.673216248426577,0.0,-1.96123611953354,0.0,6.26530121273771,0.0,-8.253488028345904,0.0,8.253488028345904,0.0,0.0,0.0,0.0,0.0,0.0,0.0,0.0,0.0,0.0,0.0,0.0,0.0,0.0,0.0
2025-09-13 21:00:00,-0.24167579944313733,0.0,-1.107984428496973,0.0,2.673216248426577,0.0,-1.96123611953354,0.0,6.26530121273771,0.0,-8.253488028345904,0.0,8.253488028345904,0.0,0.0,0.0,0.0,0.0,0.0,0.0,0.0,0.0,0.0,0.0,0.0,0.0
2025-09-13 22:00:00,1.402351798015749,0.0,-0.24167579944313733,0.0,-1.107984428496973,0.0,2.673216248426577,0.0,-1.96123611953354,0.0,6.26530121273771,0.0,-8.253488028345904,0.0,8.253488028345904,0.0,0.0,0.0,0.0,0.0,0.0,0.0,0.0,0.0,0.0,0.0
2025-09-13 23:00:00,1.082255046643338,0.0,1.402351798015749,0.0,-0.24167579944313733,0.0,-1.107984428496973,0.0,2.673216248426577,0.0,-1.96123611953354,0.0,6.26530121273771,0.0,-8.253488028345904,0.0,8.253488028345904,0.0,0.0,0.0,0.0,0.0,0.0,0.0,0.0,0.0
2025-09-14 00:00:00,-2.0029803755853584,0.0,1.082255046643338,0.0,1.402351798015749,0.0,-0.24167579944313733,0.0,-1.107984428496973,0.0,2.673216248426577,0.0,-1.96123611953354,0.0,6.26530121273771,0.0,-8.253488028345904,0.0,8.253488028345904,0.0,0.0,0.0,0.0,0.0,0.0,0.0
2025-09-14 01:00:00,1.6698010621611905,0.0,-2.0029803755853584,0.0,1.082255046643338,0.0,1.402351798015749,0.0,-0.24167579944313733,0.0,-1.107984428496973,0.0,2.673216248426577,0.0,-1.96123611953354,0.0,6.26530121273771,0.0,-8.253488028345904,0.0,8.253488028345904,0.0,0.0,0.0,0.0,0.0
2025-09-14 02:00:00,-2.1586477792084064,0.0,1.6698010621611905,0.0,-2.0029803755853584,0.0,1.082255046643338,0.0,1.402351798015749,0.0,-0.24167579944313733,0.0,-1.107984428496973,0.0,2.673216248426577,0.0,-1.96123611953354,0.0,6.26530121273771,0.0,-8.253488028345904,0.0,8.253488028345904,0.0,0.0,0.0
2025-09-14 03:00:00,-3.8286413964890946,0.0,-2.1586477792084064,0.0,1.6698010621611905,0.0,-2.0029803755853584,0.0,1.082255046643338,0.0,1.402351798015749,0.0,-0.24167579944313733,0.0,-1.107984428496973,0.0,2.673216248426577,0.0,-1.96123611953354,0.0,6.26530121273771,0.0,-8.253488028345904,0.0,8.253488028345904,0.0
2025-09-14 04:00:00,6.302008288703025,0.0,-3.8286413964890946,0.0,-2.1586477792084064,0.0,1.6698010621611905,0.0,-2.0029803755853584,0.0,1.082255046643338,0.0,1.402351798015749,0.0,-0.24167579944313733,0.0,-1.107984428496973,0.0,2.673216248426577,0.0,-1.96123611953354,0.0,6.26530121273771,0.0,-8.253488028345904,0.0
2025-09-14 05:00:00,-3.0061714226986957,0.0,6.302008288703025,0.0,-3.8286413964890946,0.0,-2.1586477792084064,0.0,1.6698010621611905,0.0,-2.0029803755853584,0.0,1.082255046643338,0.0,1.402351798015749,0.0,-0.24167579944313733,0.0,-1.107984428496973,0.0,2.673216248426577,0.0,-1.96123611953354,0.0,6.26530121273771,0.0
2025-09-14 06:00:00,-5.087596335232384,0.0,-3.0061714226986957,0.0,6.302008288703025,0.0,-3.8286413964890946,0.0,-2.1586477792084064,0.0,1.6698010621611905,0.0,-2.0029803755853584,0.0,1.082255046643338,0.0,1.402351798015749,0.0,-0.24167579944313733,0.0,-1.107984428496973,0.0,2.673216248426577,0.0,-1.96123611953354,0.0
2025-09-14 07:00:00,7.237059026124737,0.0,-5.087596335232384,0.0,-3.0061714226986957,0.0,6.302008288703025,0.0,-3.8286413964890946,0.0,-2.1586477792084064,0.0,1.6698010621611905,0.0,-2.0029803755853584,0.0,1.082255046643338,0.0,1.402351798015749,0.0,-0.24167579944313733,0.0,-1.107984428496973,0.0,2.673216248426577,0.0
2025-09-14 08:00:00,-5.627621113690637,0.0,7.237059026124737,0.0,-5.087596335232384,0.0,-3.0061714226986957,0.0,6.302008288703025,0.0,-3.8286413964890946,0.0,-2.1586477792084064,0.0,1.6698010621611905,0.0,-2.0029803755853584,0.0,1.082255046643338,0.0,1.402351798015749,0.0,-0.24167579944313733,0.0,-1.107984428496973,0.0
2025-09-14 09:00:00,-1.6094379124341003,0.0,-5.627621113690637,0.0,7.237059026124737,0.0,-5.087596335232384,0.0,-3.0061714226986957,0.0,6.302008288703025,0.0,-3.8286413964890946,0.0,-2.1586477792084064,0.0,1.6698010621611905,0.0,-2.0029803755853584,0.0,1.082255046643338,0.0,1.402351798015749,0.0,-0.24167579944313733,0.0
2025-09-14 10:00:00,0.0,0.0,-1.6094379124341003,0.0,-5.627621113690637,0.0,7.237059026124737,0.0,-5.087596335232384,0.0,-3.0061714226986957,0.0,6.302008288703025,0.0,-3.8286413964890946,0.0,-2.1586477792084064,0.0,1.6698010621611905,0.0,-2.0029803755853584,0.0,1.082255046643338,0.0,1.402351798015749,0.0
2025-09-14 11:00:00,0.0,0.0,0.0,0.0,-1.6094379124341003,0.0,-5.627621113690637,0.0,7.237059026124737,0.0,-5.087596335232384,0.0,-3.0061714226986957,0.0,6.302008288703025,0.0,-3.8286413964890946,0.0,-2.1586477792084064,0.0,1.6698010621611905,0.0,-2.0029803755853584,0.0,1.082255046643338,0.0
2025-09-14 12:00:00,0.0,0.0,0.0,0.0,0.0,0.0,-1.6094379124341003,0.0,-5.627621113690637,0.0,7.237059026124737,0.0,-5.087596335232384,0.0,-3.0061714226986957,0.0,6.302008288703025,0.0,-3.8286413964890946,0.0,-2.1586477792084064,0.0,1.6698010621611905,0.0,-2.0029803755853584,0.0
2025-09-14 13:00:00,3.258096538021482,0.0,0.0,0.0,0.0,0.0,0.0,0.0,-1.6094379124341003,0.0,-5.627621113690637,0.0,7.237059026124737,0.0,-5.087596335232384,0.0,-3.0061714226986957,0.0,6.302008288703025,0.0,-3.8286413964890946,0.0,-2.1586477792084064,0.0,1.6698010621611905,0.0
2025-09-14 14:00:00,2.879630516064752,0.0,3.258096538021482,0.0,0.0,0.0,0.0,0.0,0.0,0.0,-1.6094379124341003,0.0,-5.627621113690637,0.0,7.237059026124737,0.0,-5.087596335232384,0.0,-3.0061714226986957,0.0,6.302008288703025,0.0,-3.8286413964890946,0.0,-2.1586477792084064,0.0
2025-09-14 15:00:00,-6.137727054086234,0.0,2.879630516064752,0.0,3.258096538021482,0.0,0.0,0.0,0.0,0.0,0.0,0.0,-1.6094379124341003,0.0,-5.627621113690637,0.0,7.237059026124737,0.0,-5.087596335232384,0.0,-3.0061714226986957,0.0,6.302008288703025,0.0,-3.8286413964890946,0.0
2025-09-14 16:00:00,2.833213344056216,0.0,-6.137727054086234,0.0,2.879630516064752,0.0,3.258096538021482,0.0,0.0,0.0,0.0,0.0,0.0,0.0,-1.6094379124341003,0.0,-5.627621113690637,0.0,7.237059026124737,0.0,-5.087596335232384,0.0,-3.0061714226986957,0.0,6.302008288703025,0.0
2025-09-14 17:00:00,4.106040601985292,0.0,2.833213344056216,0.0,-6.137727054086234,0.0,2.879630516064752,0.0,3.258096538021482,0.0,0.0,0.0,0.0,0.0,0.0,0.0,-1.6094379124341003,0.0,-5.627621113690637,0.0,7.237059026124737,0.0,-5.087596335232384,0.0,-3.0061714226986957,0.0
2025-09-14 18:00:00,-1.3747335387188144,0.0,4.106040601985292,0.0,2.833213344056216,0.0,-6.137727054086234,0.0,2.879630516064752,0.0,3.258096538021482,0.0,0.0,0.0,0.0,0.0,0.0,0.0,-1.6094379124341003,0.0,-5.627621113690637,0.0,7.237059026124737,0.0,-5.087596335232384,0.0
2025-09-14 19:00:00,-2.3064238693012116,0.0,-1.3747335387188144,0.0,4.106040601985292,0.0,2.833213344056216,0.0,-6.137727054086234,0.0,2.879630516064752,0.0,3.258096538021482,0.0,0.0,0.0,0.0,0.0,0.0,0.0,-1.6094379124341003,0.0,-5.627621113690637,0.0,7.237059026124737,0.0
2025-09-14 20:00:00,3.145477659913333,0.0,-2.3064238693012116,0.0,-1.3747335387188144,0.0,4.106040601985292,0.0,2.833213344056216,0.0,-6.137727054086234,0.0,2.879630516064752,0.0,3.258096538021482,0.0,0.0,0.0,0.0,0.0,0.0,0.0,-1.6094379124341003,0.0,-5.627621113690637,0.0
2025-09-14 21:00:00,-6.403574197934815,0.0,3.145477659913333,0.0,-2.3064238693012116,0.0,-1.3747335387188144,0.0,4.106040601985292,0.0,2.833213344056216,0.0,-6.137727054086234,0.0,2.879630516064752,0.0,3.258096538021482,0.0,0.0,0.0,0.0,0.0,0.0,0.0,-1.6094379124341003,0.0
2025-09-14 22:00:00,4.356708826689592,0.0,-6.403574197934815,0.0,3.145477659913333,0.0,-2.3064238693012116,0.0,-1.3747335387188144,0.0,4.106040601985292,0.0,2.833213344056216,0.0,-6.137727054086234,0.0,2.879630516064752,0.0,3.258096538021482,0.0,0.0,0.0,0.0,0.0,0.0,0.0
2025-09-14 23:00:00,-4.356708826689592,0.0,4.356708826689592,0.0,-6.403574197934815,0.0,3.145477659913333,0.0,-2.3064238693012116,0.0,-1.3747335387188144,0.0,4.106040601985292,0.0,2.833213344056216,0.0,-6.137727054086234,0.0,2.879630516064752,0.0,3.258096538021482,0.0,0.0,0.0,0.0,0.0
2025-09-15 00:00:00,11.314315977092772,0.0,-4.356708826689592,0.0,4.356708826689592,0.0,-6.403574197934815,0.0,3.145477659913333,0.0,-2.3064238693012116,0.0,-1.3747335387188144,0.0,4.106040601985292,0.0,2.833213344056216,0.0,-6.137727054086234,0.0,2.879630516064752,0.0,3.258096538021482,0.0,0.0,0.0
2025-09-15 01:00:00,-0.9005529520961346,0.0,11.314315977092772,0.0,-4.356708826689592,0.0,4.356708826689592,0.0,-6.403574197934815,0.0,3.145477659913333,0.0,-2.3064238693012116,0.0,-1.3747335387188144,0.0,4.106040601985292,0.0,2.833213344056216,0.0,-6.137727054086234,0.0,2.879630516064752,0.0,3.258096538021482,0.0
2025-09-15 02:00:00,-1.7594199954331664,0.0,-0.9005529520961346,0.0,11.314315977092772,0.0,-4.356708826689592,0.0,4.356708826689592,0.0,-6.403574197934815,0.0,3.145477659913333,0.0,-2.3064238693012116,0.0,-1.3747335387188144,0.0,4.106040601985292,0.0,2.833213344056216,0.0,-6.137727054086234,0.0,2.879630516064752,0.0
2025-09-15 03:00:00,-2.0848616091491747,0.0,-1.7594199954331664,0.0,-0.9005529520961346,0.0,11.314315977092772,0.0,-4.356708826689592,0.0,4.356708826689592,0.0,-6.403574197934815,0.0,3.145477659913333,0.0,-2.3064238693012116,0.0,-1.3747335387188144,0.0,4.106040601985292,0.0,2.833213344056216,0.0,-6.137727054086234,0.0
2025-09-15 04:00:00,4.161924561367015,0.0,-2.0848616091491747,0.0,-1.7594199954331664,0.0,-0.9005529520961346,0.0,11.314315977092772,0.0,-4.356708826689592,0.0,4.356708826689592,0.0,-6.403574197934815,0.0,3.145477659913333,0.0,-2.3064238693012116,0.0,-1.3747335387188144,0.0,4.106040601985292,0.0,2.833213344056216,0.0
2025-09-15 05:00:00,-2.583828245579541,0.0,4.161924561367015,0.0,-2.0848616091491747,0.0,-1.7594199954331664,0.0,-0.9005529520961346,0.0,11.314315977092772,0.0,-4.356708826689592,0.0,4.356708826689592,0.0,-6.403574197934815,0.0,3.145477659913333,0.0,-2.3064238693012116,0.0,-1.3747335387188144,0.0,4.106040601985292,0.0
2025-09-15 06:00:00,0.1825627240446117,0.0,-2.583828245579541,0.0,4.161924561367015,0.0,-2.0848616091491747,0.0,-1.7594199954331664,0.0,-0.9005529520961346,0.0,11.314315977092772,0.0,-4.356708826689592,0.0,4.356708826689592,0.0,-6.403574197934815,0.0,3.145477659913333,0.0,-2.3064238693012116,0.0,-1.3747335387188144,0.0
2025-09-15 07:00:00,-3.236390259439619,0.0,0.1825627240446117,0.0,-2.583828245579541,0.0,4.161924561367015,0.0,-2.0848616091491747,0.0,-1.7594199954331664,0.0,-0.9005529520961346,0.0,11.314315977092772,0.0,-4.356708826689592,0.0,4.356708826689592,0.0,-6.403574197934815,0.0,3.145477659913333,0.0,-2.3064238693012116,0.0
2025-09-15 08:00:00,5.836298525820125,0.0,-3.236390259439619,0.0,0.1825627240446117,0.0,-2.583828245579541,0.0,4.161924561367015,0.0,-2.0848616091491747,0.0,-1.7594199954331664,0.0,-0.9005529520961346,0.0,11.314315977092772,0.0,-4.356708826689592,0.0,4.356708826689592,0.0,-6.403574197934815,0.0,3.145477659913333,0.0
2025-09-15 09:00:00,-10.930048726626888,0.0,5.836298525820125,0.0,-3.236390259439619,0.0,0.1825627240446117,0.0,-2.583828245579541,0.0,4.161924561367015,0.0,-2.0848616091491747,0.0,-1.7594199954331664,0.0,-0.9005529520961346,0.0,11.314315977092772,0.0,-4.356708826689592,0.0,4.356708826689592,0.0,-6.403574197934815,0.0
2025-09-15 10:00:00,0.0,0.0,-10.930048726626888,0.0,5.836298525820125,0.0,-3.236390259439619,0.0,0.1825627240446117,0.0,-2.583828245579541,0.0,4.161924561367015,0.0,-2.0848616091491747,0.0,-1.7594199954331664,0.0,-0.9005529520961346,0.0,11.314315977092772,0.0,-4.356708826689592,0.0,4.356708826689592,0.0
2025-09-15 11:00:00,0.0,0.0,0.0,0.0,-10.930048726626888,0.0,5.836298525820125,0.0,-3.236390259439619,0.0,0.1825627240446117,0.0,-2.583828245579541,0.0,4.161924561367015,0.0,-2.0848616091491747,0.0,-1.7594199954331664,0.0,-0.9005529520961346,0.0,11.314315977092772,0.0,-4.356708826689592,0.0
2025-09-15 12:00:00,0.0,0.0,0.0,0.0,0.0,0.0,-10.930048726626888,0.0,5.836298525820125,0.0,-3.236390259439619,0.0,0.1825627240446117,0.0,-2.583828245579541,0.0,4.161924561367015,0.0,-2.0848616091491747,0.0,-1.7594199954331664,0.0,-0.9005529520961346,0.0,11.314315977092772,0.0
2025-09-15 13:00:00,8.787067645218054,0.0,0.0,0.0,0.0,0.0,0.0,0.0,-10.930048726626888,0.0,5.836298525820125,0.0,-3.236390259439619,0.0,0.1825627240446117,0.0,-2.583828245579541,0.0,4.161924561367015,0.0,-2.0848616091491747,0.0,-1.7594199954331664,0.0,-0.9005529520961346,0.0
2025-09-15 14:00:00,0.4194654884151756,0.0,8.787067645218054,0.0,0.0,0.0,0.0,0.0,0.0,0.0,-10.930048726626888,0.0,5.836298525820125,0.0,-3.236390259439619,0.0,0.1825627240446117,0.0,-2.583828245579541,0.0,4.161924561367015,0.0,-2.0848616091491747,0.0,-1.7594199954331664,0.0
2025-09-15 15:00:00,-6.028479303285284,0.0,0.4194654884151756,0.0,8.787067645218054,0.0,0.0,0.0,0.0,0.0,0.0,0.0,-10.930048726626888,0.0,5.836298525820125,0.0,-3.236390259439619,0.0,0.1825627240446117,0.0,-2.583828245579541,0.0,4.161924561367015,0.0,-2.0848616091491747,0.0
2025-09-15 16:00:00,3.980460166981375,0.0,-6.028479303285284,0.0,0.4194654884151756,0.0,8.787067645218054,0.0,0.0,0.0,0.0,0.0,0.0,0.0,-10.930048726626888,0.0,5.836298525820125,0.0,-3.236390259439619,0.0,0.1825627240446117,0.0,-2.583828245579541,0.0,4.161924561367015,0.0
2025-09-15 17:00:00,1.018720888180873,0.0,3.980460166981375,0.0,-6.028479303285284,0.0,0.4194654884151756,0.0,8.787067645218054,0.0,0.0,0.0,0.0,0.0,0.0,0.0,-10.930048726626888,0.0,5.836298525820125,0.0,-3.236390259439619,0.0,0.1825627240446117,0.0,-2.583828245579541,0.0
2025-09-15 18:00:00,1.1390858100032215,0.0,1.018720888180873,0.0,3.980460166981375,0.0,-6.028479303285284,0.0,0.4194654884151756,0.0,8.787067645218054,0.0,0.0,0.0,0.0,0.0,0.0,0.0,-10.930048726626888,0.0,5.836298525820125,0.0,-3.236390259439619,0.0,0.1825627240446117,0.0
2025-09-15 19:00:00,-3.7594926338138777,0.0,1.1390858100032215,0.0,1.018720888180873,0.0,3.980460166981375,0.0,-6.028479303285284,0.0,0.4194654884151756,0.0,8.787067645218054,0.0,0.0,0.0,0.0,0.0,0.0,0.0,-10.930048726626888,0.0,5.836298525820125,0.0,-3.236390259439619,0.0
2025-09-15 20:00:00,4.472631130398527,0.0,-3.7594926338138777,0.0,1.1390858100032215,0.0,1.018720888180873,0.0,3.980460166981375,0.0,-6.028479303285284,0.0,0.4194654884151756,0.0,8.787067645218054,0.0,0.0,0.0,0.0,0.0,0.0,0.0,-10.930048726626888,0.0,5.836298525820125,0.0
2025-09-15 21:00:00,-1.2517495963028153,0.0,4.472631130398527,0.0,-3.7594926338138777,0.0,1.1390858100032215,0.0,1.018720888180873,0.0,3.980460166981375,0.0,-6.028479303285284,0.0,0.4194654884151756,0.0,8.787067645218054,0.0,0.0,0.0,0.0,0.0,0.0,0.0,-10.930048726626888,0.0
2025-09-15 22:00:00,-0.8667522129496605,0.0,-1.2517495963028153,0.0,4.472631130398527,0.0,-3.7594926338138777,0.0,1.1390858100032215,0.0,1.018720888180873,0.0,3.980460166981375,0.0,-6.028479303285284,0.0,0.4194654884151756,0.0,8.787067645218054,0.0,0.0,0.0,0.0,0.0,0.0,0.0
2025-09-15 23:00:00,-0.23726925357785866,0.0,-0.8667522129496605,0.0,-1.2517495963028153,0.0,4.472631130398527,0.0,-3.7594926338138777,0.0,1.1390858100032215,0.0,1.018720888180873,0.0,3.980460166981375,0.0,-6.028479303285284,0.0,0.4194654884151756,0.0,8.787067645218054,0.0,0.0,0.0,0.0,0.0
2025-09-16 00:00:00,-2.5556943168509747,0.0,-0.23726925357785866,0.0,-0.8667522129496605,0.0,-1.2517495963028153,0.0,4.472631130398527,0.0,-3.7594926338138777,0.0,1.1390858100032215,0.0,1.018720888180873,0.0,3.980460166981375,0.0,-6.028479303285284,0.0,0.4194654884151756,0.0,8.787067645218054,0.0,0.0,0.0
2025-09-16 01:00:00,-0.5432828339133726,0.0,-2.5556943168509747,0.0,-0.23726925357785866,0.0,-0.8667522129496605,0.0,-1.2517495963028153,0.0,4.472631130398527,0.0,-3.7594926338138777,0.0,1.1390858100032215,0.0,1.018720888180873,0.0,3.980460166981375,0.0,-6.028479303285284,0.0,0.4194654884151756,0.0,8.787067645218054,0.0
2025-09-16 02:00:00,3.985733254907169,0.0,-0.5432828339133726,0.0,-2.5556943168509747,0.0,-0.23726925357785866,0.0,-0.8667522129496605,0.0,-1.2517495963028153,0.0,4.472631130398527,0.0,-3.7594926338138777,0.0,1.1390858100032215,0.0,1.018720888180873,0.0,3.980460166981375,0.0,-6.028479303285284,0.0,0.4194654884151756,0.0
2025-09-16 03:00:00,-8.560444233410552,0.0,3.985733254907169,0.0,-0.5432828339133726,0.0,-2.5556943168509747,0.0,-0.23726925357785866,0.0,-0.8667522129496605,0.0,-1.2517495963028153,0.0,4.472631130398527,0.0,-3.7594926338138777,0.0,1.1390858100032215,0.0,1.018720888180873,0.0,3.980460166981375,0.0,-6.028479303285284,0.0
2025-09-16 04:00:00,0.0,0.0,-8.560444233410552,0.0,3.985733254907169,0.0,-0.5432828339133726,0.0,-2.5556943168509747,0.0,-0.23726925357785866,0.0,-0.8667522129496605,0.0,-1.2517495963028153,0.0,4.472631130398527,0.0,-3.7594926338138777,0.0,1.1390858100032215,0.0,1.018720888180873,0.0,3.980460166981375,0.0
2025-09-16 05:00:00,7.336285660021297,0.0,0.0,0.0,-8.560444233410552,0.0,3.985733254907169,0.0,-0.5432828339133726,0.0,-2.5556943168509747,0.0,-0.23726925357785866,0.0,-0.8667522129496605,0.0,-1.2517495963028153,0.0,4.472631130398527,0.0,-3.7594926338138777,0.0,1.1390858100032215,0.0,1.018720888180873,0.0
2025-09-16 06:00:00,-3.087790417971938,0.0,7.336285660021297,0.0,0.0,0.0,-8.560444233410552,0.0,3.985733254907169,0.0,-0.5432828339133726,0.0,-2.5556943168509747,0.0,-0.23726925357785866,0.0,-0.8667522129496605,0.0,-1.2517495963028153,0.0,4.472631130398527,0.0,-3.7594926338138777,0.0,1.1390858100032215,0.0
2025-09-16 07:00:00,-4.248495242049359,0.0,-3.087790417971938,0.0,7.336285660021297,0.0,0.0,0.0,-8.560444233410552,0.0,3.985733254907169,0.0,-0.5432828339133726,0.0,-2.5556943168509747,0.0,-0.23726925357785866,0.0,-0.8667522129496605,0.0,-1.2517495963028153,0.0,4.472631130398527,0.0,-3.7594926338138777,0.0
2025-09-16 08:00:00,0.0,0.0,-4.248495242049359,0.0,-3.087790417971938,0.0,7.336285660021297,0.0,0.0,0.0,-8.560444233410552,0.0,3.985733254907169,0.0,-0.5432828339133726,0.0,-2.5556943168509747,0.0,-0.23726925357785866,0.0,-0.8667522129496605,0.0,-1.2517495963028153,0.0,4.472631130398527,0.0
2025-09-16 09:00:00,0.0,0.0,0.0,0.0,-4.248495242049359,0.0,-3.087790417971938,0.0,7.336285660021297,0.0,0.0,0.0,-8.560444233410552,0.0,3.985733254907169,0.0,-0.5432828339133726,0.0,-2.5556943168509747,0.0,-0.23726925357785866,0.0,-0.8667522129496605,0.0,-1.2517495963028153,0.0
2025-09-16 10:00:00,2.4849066497880004,0.0,0.0,0.0,0.0,0.0,-4.248495242049359,0.0,-3.087790417971938,0.0,7.336285660021297,0.0,0.0,0.0,-8.560444233410552,0.0,3.985733254907169,0.0,-0.5432828339133726,0.0,-2.5556943168509747,0.0,-0.23726925357785866,0.0,-0.8667522129496605,0.0
2025-09-16 11:00:00,4.436751534363129,0.0,2.4849066497880004,0.0,0.0,0.0,0.0,0.0,-4.248495242049359,0.0,-3.087790417971938,0.0,7.336285660021297,0.0,0.0,0.0,-8.560444233410552,0.0,3.985733254907169,0.0,-0.5432828339133726,0.0,-2.5556943168509747,0.0,-0.23726925357785866,0.0
2025-09-16 12:00:00,0.38285776230902613,0.0,4.436751534363129,0.0,2.4849066497880004,0.0,0.0,0.0,0.0,0.0,-4.248495242049359,0.0,-3.087790417971938,0.0,7.336285660021297,0.0,0.0,0.0,-8.560444233410552,0.0,3.985733254907169,0.0,-0.5432828339133726,0.0,-2.5556943168509747,0.0
2025-09-16 13:00:00,-2.3557560560819866,0.0,0.38285776230902613,0.0,4.436751534363129,0.0,2.4849066497880004,0.0,0.0,0.0,0.0,0.0,-4.248495242049359,0.0,-3.087790417971938,0.0,7.336285660021297,0.0,0.0,0.0,-8.560444233410552,0.0,3.985733254907169,0.0,-0.5432828339133726,0.0
2025-09-16 14:00:00,3.5742165457937958,0.0,-2.3557560560819866,0.0,0.38285776230902613,0.0,4.436751534363129,0.0,2.4849066497880004,0.0,0.0,0.0,0.0,0.0,-4.248495242049359,0.0,-3.087790417971938,0.0,7.336285660021297,0.0,0.0,0.0,-8.560444233410552,0.0,3.985733254907169,0.0
2025-09-16 15:00:00,-8.522976436171964,0.0,3.5742165457937958,0.0,-2.3557560560819866,0.0,0.38285776230902613,0.0,4.436751534363129,0.0,2.4849066497880004,0.0,0.0,0.0,0.0,0.0,-4.248495242049359,0.0,-3.087790417971938,0.0,7.336285660021297,0.0,0.0,0.0,-8.560444233410552,0.0
2025-09-16 16:00:00,6.985641817639208,0.0,-8.522976436171964,0.0,3.5742165457937958,0.0,-2.3557560560819866,0.0,0.38285776230902613,0.0,4.436751534363129,0.0,2.4849066497880004,0.0,0.0,0.0,0.0,0.0,-4.248495242049359,0.0,-3.087790417971938,0.0,7.336285660021297,0.0,0.0,0.0
2025-09-16 17:00:00,-2.065660891811083,0.0,6.985641817639208,0.0,-8.522976436171964,0.0,3.5742165457937958,0.0,-2.3557560560819866,0.0,0.38285776230902613,0.0,4.436751534363129,0.0,2.4849066497880004,0.0,0.0,0.0,0.0,0.0,-4.248495242049359,0.0,-3.087790417971938,0.0,7.336285660021297,0.0
2025-09-16 18:00:00,4.481227708910478,0.0,-2.065660891811083,0.0,6.985641817639208,0.0,-8.522976436171964,0.0,3.5742165457937958,0.0,-2.3557560560819866,0.0,0.38285776230902613,0.0,4.436751534363129,0.0,2.4849066497880004,0.0,0.0,0.0,0.0,0.0,-4.248495242049359,0.0,-3.087790417971938,0.0
2025-09-16 19:00:00,-3.323566391389569,0.0,4.481227708910478,0.0,-2.065660891811083,0.0,6.985641817639208,0.0,-8.522976436171964,0.0,3.5742165457937958,0.0,-2.3557560560819866,0.0,0.38285776230902613,0.0,4.436751534363129,0.0,2.4849066497880004,0.0,0.0,0.0,0.0,0.0,-4.248495242049359,0.0
2025-09-16 20:00:00,2.789644280640381,0.0,-3.323566391389569,0.0,4.481227708910478,0.0,-2.065660891811083,0.0,6.985641817639208,0.0,-8.522976436171964,0.0,3.5742165457937958,0.0,-2.3557560560819866,0.0,0.38285776230902613,0.0,4.436751534363129,0.0,2.4849066497880004,0.0,0.0,0.0,0.0,0.0
2025-09-16 21:00:00,-0.09933461422599521,0.0,2.789644280640381,0.0,-3.323566391389569,0.0,4.481227708910478,0.0,-2.065660891811083,0.0,6.985641817639208,0.0,-8.522976436171964,0.0,3.5742165457937958,0.0,-2.3557560560819866,0.0,0.38285776230902613,0.0,4.436751534363129,0.0,2.4849066497880004,0.0,0.0,0.0
2025-09-16 22:00:00,-1.572764589584711,0.0,-0.09933461422599521,0.0,2.789644280640381,0.0,-3.323566391389569,0.0,4.481227708910478,0.0,-2.065660891811083,0.0,6.985641817639208,0.0,-8.522976436171964,0.0,3.5742165457937958,0.0,-2.3557560560819866,0.0,0.38285776230902613,0.0,4.436751534363129,0.0,2.4849066497880004,0.0
2025-09-16 23:00:00,0.3395753368588279,0.0,-1.572764589584711,0.0,-0.09933461422599521,0.0,2.789644280640381,0.0,-3.323566391389569,0.0,4.481227708910478,0.0,-2.065660891811083,0.0,6.985641817639208,0.0,-8.522976436171964,0.0,3.5742165457937958,0.0,-2.3557560560819866,0.0,0.38285776230902613,0.0,4.436751534363129,0.0
2025-09-17 00:00:00,-0.7616822813820017,0.0,0.3395753368588279,0.0,-1.572764589584711,0.0,-0.09933461422599521,0.0,2.789644280640381,0.0,-3.323566391389569,0.0,4.481227708910478,0.0,-2.065660891811083,0.0,6.985641817639208,0.0,-8.522976436171964,0.0,3.5742165457937958,0.0,-2.3557560560819866,0.0,0.38285776230902613,0.0
2025-09-17 01:00:00,2.1403353425019347,0.0,-0.7616822813820017,0.0,0.3395753368588279,0.0,-1.572764589584711,0.0,-0.09933461422599521,0.0,2.789644280640381,0.0,-3.323566391389569,0.0,4.481227708910478,0.0,-2.065660891811083,0.0,6.985641817639208,0.0,-8.522976436171964,0.0,3.5742165457937958,0.0,-2.3557560560819866,0.0
2025-09-17 02:00:00,-2.849630509469862,0.0,2.1403353425019347,0.0,-0.7616822813820017,0.0,0.3395753368588279,0.0,-1.572764589584711,0.0,-0.09933461422599521,0.0,2.789644280640381,0.0,-3.323566391389569,0.0,4.481227708910478,0.0,-2.065660891811083,0.0,6.985641817639208,0.0,-8.522976436171964,0.0,3.5742165457937958,0.0
2025-09-17 03:00:00,2.5738541358044964,0.0,-2.849630509469862,0.0,2.1403353425019347,0.0,-0.7616822813820017,0.0,0.3395753368588279,0.0,-1.572764589584711,0.0,-0.09933461422599521,0.0,2.789644280640381,0.0,-3.323566391389569,0.0,4.481227708910478,0.0,-2.065660891811083,0.0,6.985641817639208,0.0,-8.522976436171964,0.0
2025-09-17 04:00:00,-0.13515378194814076,0.0,2.5738541358044964,0.0,-2.849630509469862,0.0,2.1403353425019347,0.0,-0.7616822813820017,0.0,0.3395753368588279,0.0,-1.572764589584711,0.0,-0.09933461422599521,0.0,2.789644280640381,0.0,-3.323566391389569,0.0,4.481227708910478,0.0,-2.065660891811083,0.0,6.985641817639208,0.0
2025-09-17 05:00:00,-1.9833382746035682,0.0,-0.13515378194814076,0.0,2.5738541358044964,0.0,-2.849630509469862,0.0,2.1403353425019347,0.0,-0.7616822813820017,0.0,0.3395753368588279,0.0,-1.572764589584711,0.0,-0.09933461422599521,0.0,2.789644280640381,0.0,-3.323566391389569,0.0,4.481227708910478,0.0,-2.065660891811083,0.0
2025-09-17 06:00:00,-0.30854721091574255,0.0,-1.9833382746035682,0.0,-0.13515378194814076,0.0,2.5738541358044964,0.0,-2.849630509469862,0.0,2.1403353425019347,0.0,-0.7616822813820017,0.0,0.3395753368588279,0.0,-1.572764589584711,0.0,-0.09933461422599521,0.0,2.789644280640381,0.0,-3.323566391389569,0.0,4.481227708910478,0.0
2025-09-17 07:00:00,-6.210600077024653,0.0,-0.30854721091574255,0.0,-1.9833382746035682,0.0,-0.13515378194814076,0.0,2.5738541358044964,0.0,-2.849630509469862,0.0,2.1403353425019347,0.0,-0.7616822813820017,0.0,0.3395753368588279,0.0,-1.572764589584711,0.0,-0.09933461422599521,0.0,2.789644280640381,0.0,-3.323566391389569,0.0
2025-09-17 08:00:00,7.893572073504902,0.0,-6.210600077024653,0.0,-0.30854721091574255,0.0,-1.9833382746035682,0.0,-0.13515378194814076,0.0,2.5738541358044964,0.0,-2.849630509469862,0.0,2.1403353425019347,0.0,-0.7616822813820017,0.0,0.3395753368588279,0.0,-1.572764589584711,0.0,-0.09933461422599521,0.0,2.789644280640381,0.0
2025-09-17 09:00:00,-7.893572073504902,0.0,7.893572073504902,0.0,-6.210600077024653,0.0,-0.30854721091574255,0.0,-1.9833382746035682,0.0,-0.13515378194814076,0.0,2.5738541358044964,0.0,-2.849630509469862,0.0,2.1403353425019347,0.0,-0.7616822813820017,0.0,0.3395753368588279,0.0,-1.572764589584711,0.0,-0.09933461422599521,0.0
2025-09-17 10:00:00,0.0,0.0,-7.893572073504902,0.0,7.893572073504902,0.0,-6.210600077024653,0.0,-0.30854721091574255,0.0,-1.9833382746035682,0.0,-0.13515378194814076,0.0,2.5738541358044964,0.0,-2.849630509469862,0.0,2.1403353425019347,0.0,-0.7616822813820017,0.0,0.3395753368588279,0.0,-1.572764589584711,0.0
2025-09-17 11:00:00,0.0,0.0,0.0,0.0,-7.893572073504902,0.0,7.893572073504902,0.0,-6.210600077024653,0.0,-0.30854721091574255,0.0,-1.9833382746035682,0.0,-0.13515378194814076,0.0,2.5738541358044964,0.0,-2.849630509469862,0.0,2.1403353425019347,0.0,-0.7616822813820017,0.0,0.3395753368588279,0.0
2025-09-17 12:00:00,0.0,0.0,0.0,0.0,0.0,0.0,-7.893572073504902,0.0,7.893572073504902,0.0,-6.210600077024653,0.0,-0.30854721091574255,0.0,-1.9833382746035682,0.0,-0.13515378194814076,0.0,2.5738541358044964,0.0,-2.849630509469862,0.0,2.1403353425019347,0.0,-0.7616822813820017,0.0
2025-09-17 13:00:00,0.6931471805599453,0.0,0.0,0.0,0.0,0.0,0.0,0.0,-7.893572073504902,0.0,7.893572073504902,0.0,-6.210600077024653,0.0,-0.30854721091574255,0.0,-1.9833382746035682,0.0,-0.13515378194814076,0.0,2.5738541358044964,0.0,-2.849630509469862,0.0,2.1403353425019347,0.0
2025-09-17 14:00:00,3.349904087274605,0.0,0.6931471805599453,0.0,0.0,0.0,0.0,0.0,0.0,0.0,-7.893572073504902,0.0,7.893572073504902,0.0,-6.210600077024653,0.0,-0.30854721091574255,0.0,-1.9833382746035682,0.0,-0.13515378194814076,0.0,2.5738541358044964,0.0,-2.849630509469862,0.0
2025-09-17 15:00:00,2.391495250952903,0.0,3.349904087274605,0.0,0.6931471805599453,0.0,0.0,0.0,0.0,0.0,0.0,0.0,-7.893572073504902,0.0,7.893572073504902,0.0,-6.210600077024653,0.0,-0.30854721091574255,0.0,-1.9833382746035682,0.0,-0.13515378194814076,0.0,2.5738541358044964,0.0
2025-09-17 16:00:00,2.012009593029344,0.0,2.391495250952903,0.0,3.349904087274605,0.0,0.6931471805599453,0.0,0.0,0.0,0.0,0.0,0.0,0.0,-7.893572073504902,0.0,7.893572073504902,0.0,-6.210600077024653,0.0,-0.30854721091574255,0.0,-1.9833382746035682,0.0,-0.13515378194814076,0.0
2025-09-17 17:00:00,0.9252226060369164,0.0,2.012009593029344,0.0,2.391495250952903,0.0,3.349904087274605,0.0,0.6931471805599453,0.0,0.0,0.0,0.0,0.0,0.0,0.0,-7.893572073504902,0.0,7.893572073504902,0.0,-6.210600077024653,0.0,-0.30854721091574255,0.0,-1.9833382746035682,0.0
2025-09-17 18:00:00,-0.5692562195692918,0.0,0.9252226060369164,0.0,2.012009593029344,0.0,2.391495250952903,0.0,3.349904087274605,0.0,0.6931471805599453,0.0,0.0,0.0,0.0,0.0,0.0,0.0,-7.893572073504902,0.0,7.893572073504902,0.0,-6.210600077024653,0.0,-0.30854721091574255,0.0
2025-09-17 19:00:00,0.4756634205868284,0.0,-0.5692562195692918,0.0,0.9252226060369164,0.0,2.012009593029344,0.0,2.391495250952903,0.0,3.349904087274605,0.0,0.6931471805599453,0.0,0.0,0.0,0.0,0.0,0.0,0.0,-7.893572073504902,0.0,7.893572073504902,0.0,-6.210600077024653,0.0
2025-09-17 20:00:00,-0.7698316761222177,0.0,0.4756634205868284,0.0,-0.5692562195692918,0.0,0.9252226060369164,0.0,2.012009593029344,0.0,2.391495250952903,0.0,3.349904087274605,0.0,0.6931471805599453,0.0,0.0,0.0,0.0,0.0,0.0,0.0,-7.893572073504902,0.0,7.893572073504902,0.0
2025-09-17 21:00:00,-8.508354242749032,0.0,-0.7698316761222177,0.0,0.4756634205868284,0.0,-0.5692562195692918,0.0,0.9252226060369164,0.0,2.012009593029344,0.0,2.391495250952903,0.0,3.349904087274605,0.0,0.6931471805599453,0.0,0.0,0.0,0.0,0.0,0.0,0.0,-7.893572073504902,0.0
2025-09-17 22:00:00,4.574710978503383,0.0,-8.508354242749032,0.0,-0.7698316761222177,0.0,0.4756634205868284,0.0,-0.5692562195692918,0.0,0.9252226060369164,0.0,2.012009593029344,0.0,2.391495250952903,0.0,3.349904087274605,0.0,0.6931471805599453,0.0,0.0,0.0,0.0,0.0,0.0,0.0
2025-09-17 23:00:00,3.8479517290666205,0.0,4.574710978503383,0.0,-8.508354242749032,0.0,-0.7698316761222177,0.0,0.4756634205868284,0.0,-0.5692562195692918,0.0,0.9252226060369164,0.0,2.012009593029344,0.0,2.391495250952903,0.0,3.349904087274605,0.0,0.6931471805599453,0.0,0.0,0.0,0.0,0.0
2025-09-18 00:00:00,-0.9133274415534114,0.0,3.8479517290666205,0.0,4.574710978503383,0.0,-8.508354242749032,0.0,-0.7698316761222177,0.0,0.4756634205868284,0.0,-0.5692562195692918,0.0,0.9252226060369164,0.0,2.012009593029344,0.0,2.391495250952903,0.0,3.349904087274605,0.0,0.6931471805599453,0.0,0.0,0.0
2025-09-18 01:00:00,0.30101741770769763,0.0,-0.9133274415534114,0.0,3.8479517290666205,0.0,4.574710978503383,0.0,-8.508354242749032,0.0,-0.7698316761222177,0.0,0.4756634205868284,0.0,-0.5692562195692918,0.0,0.9252226060369164,0.0,2.012009593029344,0.0,2.391495250952903,0.0,3.349904087274605,0.0,0.6931471805599453,0.0
2025-09-18 02:00:00,-7.81035268372429,0.0,0.30101741770769763,0.0,-0.9133274415534114,0.0,3.8479517290666205,0.0,4.574710978503383,0.0,-8.508354242749032,0.0,-0.7698316761222177,0.0,0.4756634205868284,0.0,-0.5692562195692918,0.0,0.9252226060369164,0.0,2.012009593029344,0.0,2.391495250952903,0.0,3.349904087274605,0.0
2025-09-18 03:00:00,8.862483576488332,0.0,-7.81035268372429,0.0,0.30101741770769763,0.0,-0.9133274415534114,0.0,3.8479517290666205,0.0,4.574710978503383,0.0,-8.508354242749032,0.0,-0.7698316761222177,0.0,0.4756634205868284,0.0,-0.5692562195692918,0.0,0.9252226060369164,0.0,2.012009593029344,0.0,2.391495250952903,0.0
2025-09-18 04:00:00,-8.862483576488332,0.0,8.862483576488332,0.0,-7.81035268372429,0.0,0.30101741770769763,0.0,-0.9133274415534114,0.0,3.8479517290666205,0.0,4.574710978503383,0.0,-8.508354242749032,0.0,-0.7698316761222177,0.0,0.4756634205868284,0.0,-0.5692562195692918,0.0,0.9252226060369164,0.0,2.012009593029344,0.0
2025-09-18 05:00:00,0.0,0.0,-8.862483576488332,0.0,8.862483576488332,0.0,-7.81035268372429,0.0,0.30101741770769763,0.0,-0.9133274415534114,0.0,3.8479517290666205,0.0,4.574710978503383,0.0,-8.508354242749032,0.0,-0.7698316761222177,0.0,0.4756634205868284,0.0,-0.5692562195692918,0.0,0.9252226060369164,0.0
2025-09-18 06:00:00,4.770684624465665,0.0,0.0,0.0,-8.862483576488332,0.0,8.862483576488332,0.0,-7.81035268372429,0.0,0.30101741770769763,0.0,-0.9133274415534114,0.0,3.8479517290666205,0.0,4.574710978503383,0.0,-8.508354242749032,0.0,-0.7698316761222177,0.0,0.4756634205868284,0.0,-0.5692562195692918,0.0
2025-09-18 07:00:00,-4.770684624465665,0.0,4.770684624465665,0.0,0.0,0.0,-8.862483576488332,0.0,8.862483576488332,0.0,-7.81035268372429,0.0,0.30101741770769763,0.0,-0.9133274415534114,0.0,3.8479517290666205,0.0,4.574710978503383,0.0,-8.508354242749032,0.0,-0.7698316761222177,0.0,0.4756634205868284,0.0
2025-09-18 08:00:00,0.0,0.0,-4.770684624465665,0.0,4.770684624465665,0.0,0.0,0.0,-8.862483576488332,0.0,8.862483576488332,0.0,-7.81035268372429,0.0,0.30101741770769763,0.0,-0.9133274415534114,0.0,3.8479517290666205,0.0,4.574710978503383,0.0,-8.508354242749032,0.0,-0.7698316761222177,0.0
2025-09-18 09:00:00,0.0,0.0,0.0,0.0,-4.770684624465665,0.0,4.770684624465665,0.0,0.0,0.0,-8.862483576488332,0.0,8.862483576488332,0.0,-7.81035268372429,0.0,0.30101741770769763,0.0,-0.9133274415534114,0.0,3.8479517290666205,0.0,4.574710978503383,0.0,-8.508354242749032,0.0
2025-09-18 10:00:00,0.0,0.0,0.0,0.0,0.0,0.0,-4.770684624465665,0.0,4.770684624465665,0.0,0.0,0.0,-8.862483576488332,0.0,8.862483576488332,0.0,-7.81035268372429,0.0,0.30101741770769763,0.0,-0.9133274415534114,0.0,3.8479517290666205,0.0,4.574710978503383,0.0
2025-09-18 11:00:00,1.791759469228055,0.0,0.0,0.0,0.0,0.0,0.0,0.0,-4.770684624465665,0.0,4.770684624465665,0.0,0.0,0.0,-8.862483576488332,0.0,8.862483576488332,0.0,-7.81035268372429,0.0,0.30101741770769763,0.0,-0.9133274415534114,0.0,3.8479517290666205,0.0
2025-09-18 12:00:00,-1.791759469228055,0.0,1.791759469228055,0.0,0.0,0.0,0.0,0.0,0.0,0.0,-4.770684624465665,0.0,4.770684624465665,0.0,0.0,0.0,-8.862483576488332,0.0,8.862483576488332,0.0,-7.81035268372429,0.0,0.30101741770769763,0.0,-0.9133274415534114,0.0
2025-09-18 13:00:00,0.0,0.0,-1.791759469228055,0.0,1.791759469228055,0.0,0.0,0.0,0.0,0.0,0.0,0.0,-4.770684624465665,0.0,4.770684624465665,0.0,0.0,0.0,-8.862483576488332,0.0,8.862483576488332,0.0,-7.81035268372429,0.0,0.30101741770769763,0.0
2025-09-18 14:00:00,1.6094379124341003,0.0,0.0,0.0,-1.791759469228055,0.0,1.791759469228055,0.0,0.0,0.0,0.0,0.0,0.0,0.0,-4.770684624465665,0.0,4.770684624465665,0.0,0.0,0.0,-8.862483576488332,0.0,8.862483576488332,0.0,-7.81035268372429,0.0
2025-09-18 15:00:00,-1.6094379124341003,0.0,1.6094379124341003,0.0,0.0,0.0,-1.791759469228055,0.0,1.791759469228055,0.0,0.0,0.0,0.0,0.0,0.0,0.0,-4.770684624465665,0.0,4.770684624465665,0.0,0.0,0.0,-8.862483576488332,0.0,8.862483576488332,0.0
2025-09-18 16:00:00,10.06955268681056,0.0,-1.6094379124341003,0.0,1.6094379124341003,0.0,0.0,0.0,-1.791759469228055,0.0,1.791759469228055,0.0,0.0,0.0,0.0,0.0,0.0,0.0,-4.770684624465665,0.0,4.770684624465665,0.0,0.0,0.0,-8.862483576488332,0.0
2025-09-18 17:00:00,-3.7362730586708697,0.0,10.06955268681056,0.0,-1.6094379124341003,0.0,1.6094379124341003,0.0,0.0,0.0,-1.791759469228055,0.0,1.791759469228055,0.0,0.0,0.0,0.0,0.0,0.0,0.0,-4.770684624465665,0.0,4.770684624465665,0.0,0.0,0.0
2025-09-18 18:00:00,-6.333279628139691,0.0,-3.7362730586708697,0.0,10.06955268681056,0.0,-1.6094379124341003,0.0,1.6094379124341003,0.0,0.0,0.0,-1.791759469228055,0.0,1.791759469228055,0.0,0.0,0.0,0.0,0.0,0.0,0.0,-4.770684624465665,0.0,4.770684624465665,0.0
2025-09-18 19:00:00,7.324489979348532,0.0,-6.333279628139691,0.0,-3.7362730586708697,0.0,10.06955268681056,0.0,-1.6094379124341003,0.0,1.6094379124341003,0.0,0.0,0.0,-1.791759469228055,0.0,1.791759469228055,0.0,0.0,0.0,0.0,0.0,0.0,0.0,-4.770684624465665,0.0
2025-09-18 20:00:00,-0.257170130695056,0.0,7.324489979348532,0.0,-6.333279628139691,0.0,-3.7362730586708697,0.0,10.06955268681056,0.0,-1.6094379124341003,0.0,1.6094379124341003,0.0,0.0,0.0,-1.791759469228055,0.0,1.791759469228055,0.0,0.0,0.0,0.0,0.0,0.0,0.0
2025-09-18 21:00:00,-0.5540897377411689,0.0,-0.257170130695056,0.0,7.324489979348532,0.0,-6.333279628139691,0.0,-3.7362730586708697,0.0,10.06955268681056,0.0,-1.6094379124341003,0.0,1.6094379124341003,0.0,0.0,0.0,-1.791759469228055,0.0,1.791759469228055,0.0,0.0,0.0,0.0,0.0
2025-09-18 22:00:00,0.0,0.0,-0.5540897377411689,0.0,-0.257170130695056,0.0,7.324489979348532,0.0,-6.333279628139691,0.0,-3.7362730586708697,0.0,10.06955268681056,0.0,-1.6094379124341003,0.0,1.6094379124341003,0.0,0.0,0.0,-1.791759469228055,0.0,1.791759469228055,0.0,0.0,0.0
2025-09-18 23:00:00,2.3536335502897803,0.0,0.0,0.0,-0.5540897377411689,0.0,-0.257170130695056,0.0,7.324489979348532,0.0,-6.333279628139691,0.0,-3.7362730586708697,0.0,10.06955268681056,0.0,-1.6094379124341003,0.0,1.6094379124341003,0.0,0.0,0.0,-1.791759469228055,0.0,1.791759469228055,0.0
2025-09-19 00:00:00,-6.381957011414087,0.0,2.3536335502897803,0.0,0.0,0.0,-0.5540897377411689,0.0,-0.257170130695056,0.0,7.324489979348532,0.0,-6.333279628139691,0.0,-3.7362730586708697,0.0,10.06955268681056,0.0,-1.6094379124341003,0.0,1.6094379124341003,0.0,0.0,0.0,-1.791759469228055,0.0
2025-09-19 01:00:00,-2.4849066497880004,0.0,-6.381957011414087,0.0,2.3536335502897803,0.0,0.0,0.0,-0.5540897377411689,0.0,-0.257170130695056,0.0,7.324489979348532,0.0,-6.333279628139691,0.0,-3.7362730586708697,0.0,10.06955268681056,0.0,-1.6094379124341003,0.0,1.6094379124341003,0.0,0.0,0.0
2025-09-19 02:00:00,4.624972813284271,0.0,-2.4849066497880004,0.0,-6.381957011414087,0.0,2.3536335502897803,0.0,0.0,0.0,-0.5540897377411689,0.0,-0.257170130695056,0.0,7.324489979348532,0.0,-6.333279628139691,0.0,-3.7362730586708697,0.0,10.06955268681056,0.0,-1.6094379124341003,0.0,1.6094379124341003,0.0
2025-09-19 03:00:00,-2.8332133440562157,0.0,4.624972813284271,0.0,-2.4849066497880004,0.0,-6.381957011414087,0.0,2.3536335502897803,0.0,0.0,0.0,-0.5540897377411689,0.0,-0.257170130695056,0.0,7.324489979348532,0.0,-6.333279628139691,0.0,-3.7362730586708697,0.0,10.06955268681056,0.0,-1.6094379124341003,0.0
2025-09-19 04:00:00,4.660289485209171,0.0,-2.8332133440562157,0.0,4.624972813284271,0.0,-2.4849066497880004,0.0,-6.381957011414087,0.0,2.3536335502897803,0.0,0.0,0.0,-0.5540897377411689,0.0,-0.257170130695056,0.0,7.324489979348532,0.0,-6.333279628139691,0.0,-3.7362730586708697,0.0,10.06955268681056,0.0
2025-09-19 05:00:00,-0.43833379839442355,0.0,4.660289485209171,0.0,-2.8332133440562157,0.0,4.624972813284271,0.0,-2.4849066497880004,0.0,-6.381957011414087,0.0,2.3536335502897803,0.0,0.0,0.0,-0.5540897377411689,0.0,-0.257170130695056,0.0,7.324489979348532,0.0,-6.333279628139691,0.0,-3.7362730586708697,0.0
2025-09-19 06:00:00,-2.0818895233184764,0.0,-0.43833379839442355,0.0,4.660289485209171,0.0,-2.8332133440562157,0.0,4.624972813284271,0.0,-2.4849066497880004,0.0,-6.381957011414087,0.0,2.3536335502897803,0.0,0.0,0.0,-0.5540897377411689,0.0,-0.257170130695056,0.0,7.324489979348532,0.0,-6.333279628139691,0.0
2025-09-19 07:00:00,-3.2386784521643803,0.0,-2.0818895233184764,0.0,-0.43833379839442355,0.0,4.660289485209171,0.0,-2.8332133440562157,0.0,4.624972813284271,0.0,-2.4849066497880004,0.0,-6.381957011414087,0.0,2.3536335502897803,0.0,0.0,0.0,-0.5540897377411689,0.0,-0.257170130695056,0.0,7.324489979348532,0.0
2025-09-19 08:00:00,-0.6931471805599453,0.0,-3.2386784521643803,0.0,-2.0818895233184764,0.0,-0.43833379839442355,0.0,4.660289485209171,0.0,-2.8332133440562157,0.0,4.624972813284271,0.0,-2.4849066497880004,0.0,-6.381957011414087,0.0,2.3536335502897803,0.0,0.0,0.0,-0.5540897377411689,0.0,-0.257170130695056,0.0
2025-09-19 09:00:00,9.86276971925757,0.0,-0.6931471805599453,0.0,-3.2386784521643803,0.0,-2.0818895233184764,0.0,-0.43833379839442355,0.0,4.660289485209171,0.0,-2.8332133440562157,0.0,4.624972813284271,0.0,-2.4849066497880004,0.0,-6.381957011414087,0.0,2.3536335502897803,0.0,0.0,0.0,-0.5540897377411689,0.0
2025-09-19 10:00:00,-1.0472512952910709,0.0,9.86276971925757,0.0,-0.6931471805599453,0.0,-3.2386784521643803,0.0,-2.0818895233184764,0.0,-0.43833379839442355,0.0,4.660289485209171,0.0,-2.8332133440562157,0.0,4.624972813284271,0.0,-2.4849066497880004,0.0,-6.381957011414087,0.0,2.3536335502897803,0.0,0.0,0.0
2025-09-19 11:00:00,-2.1086560873637517,0.0,-1.0472512952910709,0.0,9.86276971925757,0.0,-0.6931471805599453,0.0,-3.2386784521643803,0.0,-2.0818895233184764,0.0,-0.43833379839442355,0.0,4.660289485209171,0.0,-2.8332133440562157,0.0,4.624972813284271,0.0,-2.4849066497880004,0.0,-6.381957011414087,0.0,2.3536335502897803,0.0
2025-09-19 12:00:00,-2.8782209401136516,0.0,-2.1086560873637517,0.0,-1.0472512952910709,0.0,9.86276971925757,0.0,-0.6931471805599453,0.0,-3.2386784521643803,0.0,-2.0818895233184764,0.0,-0.43833379839442355,0.0,4.660289485209171,0.0,-2.8332133440562157,0.0,4.624972813284271,0.0,-2.4849066497880004,0.0,-6.381957011414087,0.0
2025-09-19 13:00:00,-3.828641396489095,0.0,-2.8782209401136516,0.0,-2.1086560873637517,0.0,-1.0472512952910709,0.0,9.86276971925757,0.0,-0.6931471805599453,0.0,-3.2386784521643803,0.0,-2.0818895233184764,0.0,-0.43833379839442355,0.0,4.660289485209171,0.0,-2.8332133440562157,0.0,4.624972813284271,0.0,-2.4849066497880004,0.0
2025-09-19 14:00:00,3.5263605246161616,0.0,-3.828641396489095,0.0,-2.8782209401136516,0.0,-2.1086560873637517,0.0,-1.0472512952910709,0.0,9.86276971925757,0.0,-0.6931471805599453,0.0,-3.2386784521643803,0.0,-2.0818895233184764,0.0,-0.43833379839442355,0.0,4.660289485209171,0.0,-2.8332133440562157,0.0,4.624972813284271,0.0
2025-09-19 15:00:00,-3.5263605246161616,0.0,3.5263605246161616,0.0,-3.828641396489095,0.0,-2.8782209401136516,0.0,-2.1086560873637517,0.0,-1.0472512952910709,0.0,9.86276971925757,0.0,-0.6931471805599453,0.0,-3.2386784521643803,0.0,-2.0818895233184764,0.0,-0.43833379839442355,0.0,4.660289485209171,0.0,-2.8332133440562157,0.0
2025-09-19 16:00:00,3.1354942159291497,0.0,-3.5263605246161616,0.0,3.5263605246161616,0.0,-3.828641396489095,0.0,-2.8782209401136516,0.0,-2.1086560873637517,0.0,-1.0472512952910709,0.0,9.86276971925757,0.0,-0.6931471805599453,0.0,-3.2386784521643803,0.0,-2.0818895233184764,0.0,-0.43833379839442355,0.0,4.660289485209171,0.0
2025-09-19 17:00:00,7.164047634960955,0.0,3.1354942159291497,0.0,-3.5263605246161616,0.0,3.5263605246161616,0.0,-3.828641396489095,0.0,-2.8782209401136516,0.0,-2.1086560873637517,0.0,-1.0472512952910709,0.0,9.86276971925757,0.0,-0.6931471805599453,0.0,-3.2386784521643803,0.0,-2.0818895233184764,0.0,-0.43833379839442355,0.0
2025-09-19 18:00:00,-3.9042802527746554,0.0,7.164047634960955,0.0,3.1354942159291497,0.0,-3.5263605246161616,0.0,3.5263605246161616,0.0,-3.828641396489095,0.0,-2.8782209401136516,0.0,-2.1086560873637517,0.0,-1.0472512952910709,0.0,9.86276971925757,0.0,-0.6931471805599453,0.0,-3.2386784521643803,0.0,-2.0818895233184764,0.0
2025-09-19 19:00:00,-0.6053014272181958,0.0,-3.9042802527746554,0.0,7.164047634960955,0.0,3.1354942159291497,0.0,-3.5263605246161616,0.0,3.5263605246161616,0.0,-3.828641396489095,0.0,-2.8782209401136516,0.0,-2.1086560873637517,0.0,-1.0472512952910709,0.0,9.86276971925757,0.0,-0.6931471805599453,0.0,-3.2386784521643803,0.0
2025-09-19 20:00:00,-2.263599646281092,0.0,-0.6053014272181958,0.0,-3.9042802527746554,0.0,7.164047634960955,0.0,3.1354942159291497,0.0,-3.5263605246161616,0.0,3.5263605246161616,0.0,-3.828641396489095,0.0,-2.8782209401136516,0.0,-2.1086560873637517,0.0,-1.0472512952910709,0.0,9.86276971925757,0.0,-0.6931471805599453,0.0
2025-09-19 21:00:00,-3.5263605246161616,0.0,-2.263599646281092,0.0,-0.6053014272181958,0.0,-3.9042802527746554,0.0,7.164047634960955,0.0,3.1354942159291497,0.0,-3.5263605246161616,0.0,3.5263605246161616,0.0,-3.828641396489095,0.0,-2.8782209401136516,0.0,-2.1086560873637517,0.0,-1.0472512952910709,0.0,9.86276971925757,0.0
2025-09-19 22:00:00,2.302585092994046,0.0,-3.5263605246161616,0.0,-2.263599646281092,0.0,-0.6053014272181958,0.0,-3.9042802527746554,0.0,7.164047634960955,0.0,3.1354942159291497,0.0,-3.5263605246161616,0.0,3.5263605246161616,0.0,-3.828641396489095,0.0,-2.8782209401136516,0.0,-2.1086560873637517,0.0,-1.0472512952910709,0.0
2025-09-19 23:00:00,2.6026896854443837,0.0,2.302585092994046,0.0,-3.5263605246161616,0.0,-2.263599646281092,0.0,-0.6053014272181958,0.0,-3.9042802527746554,0.0,7.164047634960955,0.0,3.1354942159291497,0.0,-3.5263605246161616,0.0,3.5263605246161616,0.0,-3.828641396489095,0.0,-2.8782209401136516,0.0,-2.1086560873637517,0.0
2025-09-20 00:00:00,-0.41663840870629,0.0,2.6026896854443837,0.0,2.302585092994046,0.0,-3.5263605246161616,0.0,-2.263599646281092,0.0,-0.6053014272181958,0.0,-3.9042802527746554,0.0,7.164047634960955,0.0,3.1354942159291497,0.0,-3.5263605246161616,0.0,3.5263605246161616,0.0,-3.828641396489095,0.0,-2.8782209401136516,0.0
2025-09-20 01:00:00,1.5444498520666619,0.0,-0.41663840870629,0.0,2.6026896854443837,0.0,2.302585092994046,0.0,-3.5263605246161616,0.0,-2.263599646281092,0.0,-0.6053014272181958,0.0,-3.9042802527746554,0.0,7.164047634960955,0.0,3.1354942159291497,0.0,-3.5263605246161616,0.0,3.5263605246161616,0.0,-3.828641396489095,0.0
2025-09-20 02:00:00,-6.0330862217988015,0.0,1.5444498520666619,0.0,-0.41663840870629,0.0,2.6026896854443837,0.0,2.302585092994046,0.0,-3.5263605246161616,0.0,-2.263599646281092,0.0,-0.6053014272181958,0.0,-3.9042802527746554,0.0,7.164047634960955,0.0,3.1354942159291497,0.0,-3.5263605246161616,0.0,3.5263605246161616,0.0
2025-09-20 03:00:00,6.90975328164481,0.0,-6.0330862217988015,0.0,1.5444498520666619,0.0,-0.41663840870629,0.0,2.6026896854443837,0.0,2.302585092994046,0.0,-3.5263605246161616,0.0,-2.263599646281092,0.0,-0.6053014272181958,0.0,-3.9042802527746554,0.0,7.164047634960955,0.0,3.1354942159291497,0.0,-3.5263605246161616,0.0
2025-09-20 04:00:00,-2.0044785032063803,0.0,6.90975328164481,0.0,-6.0330862217988015,0.0,1.5444498520666619,0.0,-0.41663840870629,0.0,2.6026896854443837,0.0,2.302585092994046,0.0,-3.5263605246161616,0.0,-2.263599646281092,0.0,-0.6053014272181958,0.0,-3.9042802527746554,0.0,7.164047634960955,0.0,3.1354942159291497,0.0
2025-09-20 05:00:00,0.9148081519139319,0.0,-2.0044785032063803,0.0,6.90975328164481,0.0,-6.0330862217988015,0.0,1.5444498520666619,0.0,-0.41663840870629,0.0,2.6026896854443837,0.0,2.302585092994046,0.0,-3.5263605246161616,0.0,-2.263599646281092,0.0,-0.6053014272181958,0.0,-3.9042802527746554,0.0,7.164047634960955,0.0
2025-09-20 06:00:00,-5.820082930352362,0.0,0.9148081519139319,0.0,-2.0044785032063803,0.0,6.90975328164481,0.0,-6.0330862217988015,0.0,1.5444498520666619,0.0,-0.41663840870629,0.0,2.6026896854443837,0.0,2.302585092994046,0.0,-3.5263605246161616,0.0,-2.263599646281092,0.0,-0.6053014272181958,0.0,-3.9042802527746554,0.0
2025-09-20 07:00:00,7.313886831633462,0.0,-5.820082930352362,0.0,0.9148081519139319,0.0,-2.0044785032063803,0.0,6.90975328164481,0.0,-6.0330862217988015,0.0,1.5444498520666619,0.0,-0.41663840870629,0.0,2.6026896854443837,0.0,2.302585092994046,0.0,-3.5263605246161616,0.0,-2.263599646281092,0.0,-0.6053014272181958,0.0
2025-09-20 08:00:00,0.13735485335421416,0.0,7.313886831633462,0.0,-5.820082930352362,0.0,0.9148081519139319,0.0,-2.0044785032063803,0.0,6.90975328164481,0.0,-6.0330862217988015,0.0,1.5444498520666619,0.0,-0.41663840870629,0.0,2.6026896854443837,0.0,2.302585092994046,0.0,-3.5263605246161616,0.0,-2.263599646281092,0.0
2025-09-20 09:00:00,-7.451241684987676,0.0,0.13735485335421416,0.0,7.313886831633462,0.0,-5.820082930352362,0.0,0.9148081519139319,0.0,-2.0044785032063803,0.0,6.90975328164481,0.0,-6.0330862217988015,0.0,1.5444498520666619,0.0,-0.41663840870629,0.0,2.6026896854443837,0.0,2.302585092994046,0.0,-3.5263605246161616,0.0
2025-09-20 10:00:00,4.61512051684126,0.0,-7.451241684987676,0.0,0.13735485335421416,0.0,7.313886831633462,0.0,-5.820082930352362,0.0,0.9148081519139319,0.0,-2.0044785032063803,0.0,6.90975328164481,0.0,-6.0330862217988015,0.0,1.5444498520666619,0.0,-0.41663840870629,0.0,2.6026896854443837,0.0,2.302585092994046,0.0
2025-09-20 11:00:00,-4.61512051684126,0.0,4.61512051684126,0.0,-7.451241684987676,0.0,0.13735485335421416,0.0,7.313886831633462,0.0,-5.820082930352362,0.0,0.9148081519139319,0.0,-2.0044785032063803,0.0,6.90975328164481,0.0,-6.0330862217988015,0.0,1.5444498520666619,0.0,-0.41663840870629,0.0,2.6026896854443837,0.0
2025-09-20 12:00:00,4.127134385045092,0.0,-4.61512051684126,0.0,4.61512051684126,0.0,-7.451241684987676,0.0,0.13735485335421416,0.0,7.313886831633462,0.0,-5.820082930352362,0.0,0.9148081519139319,0.0,-2.0044785032063803,0.0,6.90975328164481,0.0,-6.0330862217988015,0.0,1.5444498520666619,0.0,-0.41663840870629,0.0
2025-09-20 13:00:00,-4.127134385045092,0.0,4.127134385045092,0.0,-4.61512051684126,0.0,4.61512051684126,0.0,-7.451241684987676,0.0,0.13735485335421416,0.0,7.313886831633462,0.0,-5.820082930352362,0.0,0.9148081519139319,0.0,-2.0044785032063803,0.0,6.90975328164481,0.0,-6.0330862217988015,0.0,1.5444498520666619,0.0
2025-09-20 14:00:00,9.054972284742485,0.0,-4.127134385045092,0.0,4.127134385045092,0.0,-4.61512051684126,0.0,4.61512051684126,0.0,-7.451241684987676,0.0,0.13735485335421416,0.0,7.313886831633462,0.0,-5.820082930352362,0.0,0.9148081519139319,0.0,-2.0044785032063803,0.0,6.90975328164481,0.0,-6.0330862217988015,0.0
2025-09-20 15:00:00,-4.172170362156114,0.0,9.054972284742485,0.0,-4.127134385045092,0.0,4.127134385045092,0.0,-4.61512051684126,0.0,4.61512051684126,0.0,-7.451241684987676,0.0,0.13735485335421416,0.0,7.313886831633462,0.0,-5.820082930352362,0.0,0.9148081519139319,0.0,-2.0044785032063803,0.0,6.90975328164481,0.0
2025-09-20 16:00:00,-4.882801922586371,0.0,-4.172170362156114,0.0,9.054972284742485,0.0,-4.127134385045092,0.0,4.127134385045092,0.0,-4.61512051684126,0.0,4.61512051684126,0.0,-7.451241684987676,0.0,0.13735485335421416,0.0,7.313886831633462,0.0,-5.820082930352362,0.0,0.9148081519139319,0.0,-2.0044785032063803,0.0
2025-09-20 17:00:00,7.693025748417888,0.0,-4.882801922586371,0.0,-4.172170362156114,0.0,9.054972284742485,0.0,-4.127134385045092,0.0,4.127134385045092,0.0,-4.61512051684126,0.0,4.61512051684126,0.0,-7.451241684987676,0.0,0.13735485335421416,0.0,7.313886831633462,0.0,-5.820082930352362,0.0,0.9148081519139319,0.0
2025-09-20 18:00:00,-7.693025748417888,0.0,7.693025748417888,0.0,-4.882801922586371,0.0,-4.172170362156114,0.0,9.054972284742485,0.0,-4.127134385045092,0.0,4.127134385045092,0.0,-4.61512051684126,0.0,4.61512051684126,0.0,-7.451241684987676,0.0,0.13735485335421416,0.0,7.313886831633462,0.0,-5.820082930352362,0.0
2025-09-20 19:00:00,6.326149473155099,0.0,-7.693025748417888,0.0,7.693025748417888,0.0,-4.882801922586371,0.0,-4.172170362156114,0.0,9.054972284742485,0.0,-4.127134385045092,0.0,4.127134385045092,0.0,-4.61512051684126,0.0,4.61512051684126,0.0,-7.451241684987676,0.0,0.13735485335421416,0.0,7.313886831633462,0.0
2025-09-20 20:00:00,-0.9325219268027372,0.0,6.326149473155099,0.0,-7.693025748417888,0.0,7.693025748417888,0.0,-4.882801922586371,0.0,-4.172170362156114,0.0,9.054972284742485,0.0,-4.127134385045092,0.0,4.127134385045092,0.0,-4.61512051684126,0.0,4.61512051684126,0.0,-7.451241684987676,0.0,0.13735485335421416,0.0
2025-09-20 21:00:00,-5.393627546352362,0.0,-0.9325219268027372,0.0,6.326149473155099,0.0,-7.693025748417888,0.0,7.693025748417888,0.0,-4.882801922586371,0.0,-4.172170362156114,0.0,9.054972284742485,0.0,-4.127134385045092,0.0,4.127134385045092,0.0,-4.61512051684126,0.0,4.61512051684126,0.0,-7.451241684987676,0.0
2025-09-20 22:00:00,7.990238185720363,0.0,-5.393627546352362,0.0,-0.9325219268027372,0.0,6.326149473155099,0.0,-7.693025748417888,0.0,7.693025748417888,0.0,-4.882801922586371,0.0,-4.172170362156114,0.0,9.054972284742485,0.0,-4.127134385045092,0.0,4.127134385045092,0.0,-4.61512051684126,0.0,4.61512051684126,0.0
2025-09-20 23:00:00,-7.990238185720363,0.0,7.990238185720363,0.0,-5.393627546352362,0.0,-0.9325219268027372,0.0,6.326149473155099,0.0,-7.693025748417888,0.0,7.693025748417888,0.0,-4.882801922586371,0.0,-4.172170362156114,0.0,9.054972284742485,0.0,-4.127134385045092,0.0,4.127134385045092,0.0,-4.61512051684126,0.0
2025-09-21 00:00:00,0.0,0.0,-7.990238185720363,0.0,7.990238185720363,0.0,-5.393627546352362,0.0,-0.9325219268027372,0.0,6.326149473155099,0.0,-7.693025748417888,0.0,7.693025748417888,0.0,-4.882801922586371,0.0,-4.172170362156114,0.0,9.054972284742485,0.0,-4.127134385045092,0.0,4.127134385045092,0.0
2025-09-21 01:00:00,6.513230110912307,0.0,0.0,0.0,-7.990238185720363,0.0,7.990238185720363,0.0,-5.393627546352362,0.0,-0.9325219268027372,0.0,6.326149473155099,0.0,-7.693025748417888,0.0,7.693025748417888,0.0,-4.882801922586371,0.0,-4.172170362156114,0.0,9.054972284742485,0.0,-4.127134385045092,0.0
2025-09-21 02:00:00,-6.513230110912307,0.0,6.513230110912307,0.0,0.0,0.0,-7.990238185720363,0.0,7.990238185720363,0.0,-5.393627546352362,0.0,-0.9325219268027372,0.0,6.326149473155099,0.0,-7.693025748417888,0.0,7.693025748417888,0.0,-4.882801922586371,0.0,-4.172170362156114,0.0,9.054972284742485,0.0
2025-09-21 03:00:00,8.460622839927844,0.0,-6.513230110912307,0.0,6.513230110912307,0.0,0.0,0.0,-7.990238185720363,0.0,7.990238185720363,0.0,-5.393627546352362,0.0,-0.9325219268027372,0.0,6.326149473155099,0.0,-7.693025748417888,0.0,7.693025748417888,0.0,-4.882801922586371,0.0,-4.172170362156114,0.0
2025-09-21 04:00:00,-4.170163398779453,0.0,8.460622839927844,0.0,-6.513230110912307,0.0,6.513230110912307,0.0,0.0,0.0,-7.990238185720363,0.0,7.990238185720363,0.0,-5.393627546352362,0.0,-0.9325219268027372,0.0,6.326149473155099,0.0,-7.693025748417888,0.0,7.693025748417888,0.0,-4.882801922586371,0.0
2025-09-21 05:00:00,-4.290459441148391,0.0,-4.170163398779453,0.0,8.460622839927844,0.0,-6.513230110912307,0.0,6.513230110912307,0.0,0.0,0.0,-7.990238185720363,0.0,7.990238185720363,0.0,-5.393627546352362,0.0,-0.9325219268027372,0.0,6.326149473155099,0.0,-7.693025748417888,0.0,7.693025748417888,0.0
2025-09-21 06:00:00,2.4849066497880004,0.0,-4.290459441148391,0.0,-4.170163398779453,0.0,8.460622839927844,0.0,-6.513230110912307,0.0,6.513230110912307,0.0,0.0,0.0,-7.990238185720363,0.0,7.990238185720363,0.0,-5.393627546352362,0.0,-0.9325219268027372,0.0,6.326149473155099,0.0,-7.693025748417888,0.0
2025-09-21 07:00:00,-2.4849066497880004,0.0,2.4849066497880004,0.0,-4.290459441148391,0.0,-4.170163398779453,0.0,8.460622839927844,0.0,-6.513230110912307,0.0,6.513230110912307,0.0,0.0,0.0,-7.990238185720363,0.0,7.990238185720363,0.0,-5.393627546352362,0.0,-0.9325219268027372,0.0,6.326149473155099,0.0
2025-09-21 08:00:00,0.0,0.0,-2.4849066497880004,0.0,2.4849066497880004,0.0,-4.290459441148391,0.0,-4.170163398779453,0.0,8.460622839927844,0.0,-6.513230110912307,0.0,6.513230110912307,0.0,0.0,0.0,-7.990238185720363,0.0,7.990238185720363,0.0,-5.393627546352362,0.0,-0.9325219268027372,0.0
2025-09-21 09:00:00,3.6109179126442243,0.0,0.0,0.0,-2.4849066497880004,0.0,2.4849066497880004,0.0,-4.290459441148391,0.0,-4.170163398779453,0.0,8.460622839927844,0.0,-6.513230110912307,0.0,6.513230110912307,0.0,0.0,0.0,-7.990238185720363,0.0,7.990238185720363,0.0,-5.393627546352362,0.0
2025-09-21 10:00:00,-3.6109179126442243,0.0,3.6109179126442243,0.0,0.0,0.0,-2.4849066497880004,0.0,2.4849066497880004,0.0,-4.290459441148391,0.0,-4.170163398779453,0.0,8.460622839927844,0.0,-6.513230110912307,0.0,6.513230110912307,0.0,0.0,0.0,-7.990238185720363,0.0,7.990238185720363,0.0
2025-09-21 11:00:00,4.61512051684126,0.0,-3.6109179126442243,0.0,3.6109179126442243,0.0,0.0,0.0,-2.4849066497880004,0.0,2.4849066497880004,0.0,-4.290459441148391,0.0,-4.170163398779453,0.0,8.460622839927844,0.0,-6.513230110912307,0.0,6.513230110912307,0.0,0.0,0.0,-7.990238185720363,0.0
2025-09-21 12:00:00,-2.8233610476132047,0.0,4.61512051684126,0.0,-3.6109179126442243,0.0,3.6109179126442243,0.0,0.0,0.0,-2.4849066497880004,0.0,2.4849066497880004,0.0,-4.290459441148391,0.0,-4.170163398779453,0.0,8.460622839927844,0.0,-6.513230110912307,0.0,6.513230110912307,0.0,0.0,0.0
2025-09-21 13:00:00,-1.791759469228055,0.0,-2.8233610476132047,0.0,4.61512051684126,0.0,-3.6109179126442243,0.0,3.6109179126442243,0.0,0.0,0.0,-2.4849066497880004,0.0,2.4849066497880004,0.0,-4.290459441148391,0.0,-4.170163398779453,0.0,8.460622839927844,0.0,-6.513230110912307,0.0,6.513230110912307,0.0
2025-09-21 14:00:00,0.0,0.0,-1.791759469228055,0.0,-2.8233610476132047,0.0,4.61512051684126,0.0,-3.6109179126442243,0.0,3.6109179126442243,0.0,0.0,0.0,-2.4849066497880004,0.0,2.4849066497880004,0.0,-4.290459441148391,0.0,-4.170163398779453,0.0,8.460622839927844,0.0,-6.513230110912307,0.0
2025-09-21 15:00:00,0.0,0.0,0.0,0.0,-1.791759469228055,0.0,-2.8233610476132047,0.0,4.61512051684126,0.0,-3.6109179126442243,0.0,3.6109179126442243,0.0,0.0,0.0,-2.4849066497880004,0.0,2.4849066497880004,0.0,-4.290459441148391,0.0,-4.170163398779453,0.0,8.460622839927844,0.0
2025-09-21 16:00:00,0.0,0.0,0.0,0.0,0.0,0.0,-1.791759469228055,0.0,-2.8233610476132047,0.0,4.61512051684126,0.0,-3.6109179126442243,0.0,3.6109179126442243,0.0,0.0,0.0,-2.4849066497880004,0.0,2.4849066497880004,0.0,-4.290459441148391,0.0,-4.170163398779453,0.0
2025-09-21 17:00:00,3.7376696182833684,0.0,0.0,0.0,0.0,0.0,0.0,0.0,-1.791759469228055,0.0,-2.8233610476132047,0.0,4.61512051684126,0.0,-3.6109179126442243,0.0,3.6109179126442243,0.0,0.0,0.0,-2.4849066497880004,0.0,2.4849066497880004,0.0,-4.290459441148391,0.0
2025-09-21 18:00:00,4.619589535216544,0.0,3.7376696182833684,0.0,0.0,0.0,0.0,0.0,0.0,0.0,-1.791759469228055,0.0,-2.8233610476132047,0.0,4.61512051684126,0.0,-3.6109179126442243,0.0,3.6109179126442243,0.0,0.0,0.0,-2.4849066497880004,0.0,2.4849066497880004,0.0
2025-09-21 19:00:00,-4.830898628883751,0.0,4.619589535216544,0.0,3.7376696182833684,0.0,0.0,0.0,0.0,0.0,0.0,0.0,-1.791759469228055,0.0,-2.8233610476132047,0.0,4.61512051684126,0.0,-3.6109179126442243,0.0,3.6109179126442243,0.0,0.0,0.0,-2.4849066497880004,0.0
2025-09-21 20:00:00,3.1135153092103742,0.0,-4.830898628883751,0.0,4.619589535216544,0.0,3.7376696182833684,0.0,0.0,0.0,0.0,0.0,0.0,0.0,-1.791759469228055,0.0,-2.8233610476132047,0.0,4.61512051684126,0.0,-3.6109179126442243,0.0,3.6109179126442243,0.0,0.0,0.0
2025-09-21 21:00:00,-6.639875833826536,0.0,3.1135153092103742,0.0,-4.830898628883751,0.0,4.619589535216544,0.0,3.7376696182833684,0.0,0.0,0.0,0.0,0.0,0.0,0.0,-1.791759469228055,0.0,-2.8233610476132047,0.0,4.61512051684126,0.0,-3.6109179126442243,0.0,3.6109179126442243,0.0
2025-09-21 22:00:00,1.791759469228055,0.0,-6.639875833826536,0.0,3.1135153092103742,0.0,-4.830898628883751,0.0,4.619589535216544,0.0,3.7376696182833684,0.0,0.0,0.0,0.0,0.0,0.0,0.0,-1.791759469228055,0.0,-2.8233610476132047,0.0,4.61512051684126,0.0,-3.6109179126442243,0.0
2025-09-21 23:00:00,5.2531456479013166,0.0,1.791759469228055,0.0,-6.639875833826536,0.0,3.1135153092103742,0.0,-4.830898628883751,0.0,4.619589535216544,0.0,3.7376696182833684,0.0,0.0,0.0,0.0,0.0,0.0,0.0,-1.791759469228055,0.0,-2.8233610476132047,0.0,4.61512051684126,0.0
2025-09-22 00:00:00,-3.953862663771055,0.0,5.2531456479013166,0.0,1.791759469228055,0.0,-6.639875833826536,0.0,3.1135153092103742,0.0,-4.830898628883751,0.0,4.619589535216544,0.0,3.7376696182833684,0.0,0.0,0.0,0.0,0.0,0.0,0.0,-1.791759469228055,0.0,-2.8233610476132047,0.0
2025-09-22 01:00:00,-3.091042453358316,0.0,-3.953862663771055,0.0,5.2531456479013166,0.0,1.791759469228055,0.0,-6.639875833826536,0.0,3.1135153092103742,0.0,-4.830898628883751,0.0,4.619589535216544,0.0,3.7376696182833684,0.0,0.0,0.0,0.0,0.0,0.0,0.0,-1.791759469228055,0.0
2025-09-22 02:00:00,0.0,0.0,-3.091042453358316,0.0,-3.953862663771055,0.0,5.2531456479013166,0.0,1.791759469228055,0.0,-6.639875833826536,0.0,3.1135153092103742,0.0,-4.830898628883751,0.0,4.619589535216544,0.0,3.7376696182833684,0.0,0.0,0.0,0.0,0.0,0.0,0.0
2025-09-22 03:00:00,9.911356510914823,0.0,0.0,0.0,-3.091042453358316,0.0,-3.953862663771055,0.0,5.2531456479013166,0.0,1.791759469228055,0.0,-6.639875833826536,0.0,3.1135153092103742,0.0,-4.830898628883751,0.0,4.619589535216544,0.0,3.7376696182833684,0.0,0.0,0.0,0.0,0.0
2025-09-22 04:00:00,-0.6777880128194322,0.0,9.911356510914823,0.0,0.0,0.0,-3.091042453358316,0.0,-3.953862663771055,0.0,5.2531456479013166,0.0,1.791759469228055,0.0,-6.639875833826536,0.0,3.1135153092103742,0.0,-4.830898628883751,0.0,4.619589535216544,0.0,3.7376696182833684,0.0,0.0,0.0
2025-09-22 05:00:00,-9.23356849809539,0.0,-0.6777880128194322,0.0,9.911356510914823,0.0,0.0,0.0,-3.091042453358316,0.0,-3.953862663771055,0.0,5.2531456479013166,0.0,1.791759469228055,0.0,-6.639875833826536,0.0,3.1135153092103742,0.0,-4.830898628883751,0.0,4.619589535216544,0.0,3.7376696182833684,0.0
2025-09-22 06:00:00,0.0,0.0,-9.23356849809539,0.0,-0.6777880128194322,0.0,9.911356510914823,0.0,0.0,0.0,-3.091042453358316,0.0,-3.953862663771055,0.0,5.2531456479013166,0.0,1.791759469228055,0.0,-6.639875833826536,0.0,3.1135153092103742,0.0,-4.830898628883751,0.0,4.619589535216544,0.0
2025-09-22 07:00:00,0.0,0.0,0.0,0.0,-9.23356849809539,0.0,-0.6777880128194322,0.0,9.911356510914823,0.0,0.0,0.0,-3.091042453358316,0.0,-3.953862663771055,0.0,5.2531456479013166,0.0,1.791759469228055,0.0,-6.639875833826536,0.0,3.1135153092103742,0.0,-4.830898628883751,0.0
2025-09-22 08:00:00,0.0,0.0,0.0,0.0,0.0,0.0,-9.23356849809539,0.0,-0.6777880128194322,0.0,9.911356510914823,0.0,0.0,0.0,-3.091042453358316,0.0,-3.953862663771055,0.0,5.2531456479013166,0.0,1.791759469228055,0.0,-6.639875833826536,0.0,3.1135153092103742,0.0
2025-09-22 09:00:00,0.0,0.0,0.0,0.0,0.0,0.0,0.0,0.0,-9.23356849809539,0.0,-0.6777880128194322,0.0,9.911356510914823,0.0,0.0,0.0,-3.091042453358316,0.0,-3.953862663771055,0.0,5.2531456479013166,0.0,1.791759469228055,0.0,-6.639875833826536,0.0
2025-09-22 10:00:00,0.0,0.0,0.0,0.0,0.0,0.0,0.0,0.0,0.0,0.0,-9.23356849809539,0.0,-0.6777880128194322,0.0,9.911356510914823,0.0,0.0,0.0,-3.091042453358316,0.0,-3.953862663771055,0.0,5.2531456479013166,0.0,1.791759469228055,0.0
2025-09-22 11:00:00,0.0,0.0,0.0,0.0,0.0,0.0,0.0,0.0,0.0,0.0,0.0,0.0,-9.23356849809539,0.0,-0.6777880128194322,0.0,9.911356510914823,0.0,0.0,0.0,-3.091042453358316,0.0,-3.953862663771055,0.0,5.2531456479013166,0.0
2025-09-22 12:00:00,8.457443187010464,0.0,0.0,0.0,0.0,0.0,0.0,0.0,0.0,0.0,0.0,0.0,0.0,0.0,-9.23356849809539,0.0,-0.6777880128194322,0.0,9.911356510914823,0.0,0.0,0.0,-3.091042453358316,0.0,-3.953862663771055,0.0
2025-09-22 13:00:00,-8.457443187010464,0.0,8.457443187010464,0.0,0.0,0.0,0.0,0.0,0.0,0.0,0.0,0.0,0.0,0.0,0.0,0.0,-9.23356849809539,0.0,-0.6777880128194322,0.0,9.911356510914823,0.0,0.0,0.0,-3.091042453358316,0.0
2025-09-22 14:00:00,0.0,0.0,-8.457443187010464,0.0,8.457443187010464,0.0,0.0,0.0,0.0,0.0,0.0,0.0,0.0,0.0,0.0,0.0,0.0,0.0,-9.23356849809539,0.0,-0.6777880128194322,0.0,9.911356510914823,0.0,0.0,0.0
2025-09-22 15:00:00,2.0794415416798357,0.0,0.0,0.0,-8.457443187010464,0.0,8.457443187010464,0.0,0.0,0.0,0.0,0.0,0.0,0.0,0.0,0.0,0.0,0.0,0.0,0.0,-9.23356849809539,0.0,-0.6777880128194322,0.0,9.911356510914823,0.0
2025-09-22 16:00:00,6.138536661470896,0.0,2.0794415416798357,0.0,0.0,0.0,-8.457443187010464,0.0,8.457443187010464,0.0,0.0,0.0,0.0,0.0,0.0,0.0,0.0,0.0,0.0,0.0,0.0,0.0,-9.23356849809539,0.0,-0.6777880128194322,0.0
2025-09-22 17:00:00,0.6917974705426566,0.0,6.138536661470896,0.0,2.0794415416798357,0.0,0.0,0.0,-8.457443187010464,0.0,8.457443187010464,0.0,0.0,0.0,0.0,0.0,0.0,0.0,0.0,0.0,0.0,0.0,0.0,0.0,-9.23356849809539,0.0
2025-09-22 18:00:00,-0.45212019499334843,0.0,0.6917974705426566,0.0,6.138536661470896,0.0,2.0794415416798357,0.0,0.0,0.0,-8.457443187010464,0.0,8.457443187010464,0.0,0.0,0.0,0.0,0.0,0.0,0.0,0.0,0.0,0.0,0.0,0.0,0.0
2025-09-22 19:00:00,-4.487363565147918,0.0,-0.45212019499334843,0.0,0.6917974705426566,0.0,6.138536661470896,0.0,2.0794415416798357,0.0,0.0,0.0,-8.457443187010464,0.0,8.457443187010464,0.0,0.0,0.0,0.0,0.0,0.0,0.0,0.0,0.0,0.0,0.0
2025-09-22 20:00:00,5.101016249728502,0.0,-4.487363565147918,0.0,-0.45212019499334843,0.0,0.6917974705426566,0.0,6.138536661470896,0.0,2.0794415416798357,0.0,0.0,0.0,-8.457443187010464,0.0,8.457443187010464,0.0,0.0,0.0,0.0,0.0,0.0,0.0,0.0,0.0
2025-09-22 21:00:00,-7.27954869405257,0.0,5.101016249728502,0.0,-4.487363565147918,0.0,-0.45212019499334843,0.0,0.6917974705426566,0.0,6.138536661470896,0.0,2.0794415416798357,0.0,0.0,0.0,-8.457443187010464,0.0,8.457443187010464,0.0,0.0,0.0,0.0,0.0,0.0,0.0
2025-09-22 22:00:00,5.514771929711451,0.0,-7.27954869405257,0.0,5.101016249728502,0.0,-4.487363565147918,0.0,-0.45212019499334843,0.0,0.6917974705426566,0.0,6.138536661470896,0.0,2.0794415416798357,0.0,0.0,0.0,-8.457443187010464,0.0,8.457443187010464,0.0,0.0,0.0,0.0,0.0
2025-09-22 23:00:00,-1.5895036975332832,0.0,5.514771929711451,0.0,-7.27954869405257,0.0,5.101016249728502,0.0,-4.487363565147918,0.0,-0.45212019499334843,0.0,0.6917974705426566,0.0,6.138536661470896,0.0,2.0794415416798357,0.0,0.0,0.0,-8.457443187010464,0.0,8.457443187010464,0.0,0.0,0.0
2025-09-23 00:00:00,1.7718252543272373,0.0,-1.5895036975332832,0.0,5.514771929711451,0.0,-7.27954869405257,0.0,5.101016249728502,0.0,-4.487363565147918,0.0,-0.45212019499334843,0.0,0.6917974705426566,0.0,6.138536661470896,0.0,2.0794415416798357,0.0,0.0,0.0,-8.457443187010464,0.0,8.457443187010464,0.0
2025-09-23 01:00:00,-0.8231692379510509,0.0,1.7718252543272373,0.0,-1.5895036975332832,0.0,5.514771929711451,0.0,-7.27954869405257,0.0,5.101016249728502,0.0,-4.487363565147918,0.0,-0.45212019499334843,0.0,0.6917974705426566,0.0,6.138536661470896,0.0,2.0794415416798357,0.0,0.0,0.0,-8.457443187010464,0.0
2025-09-23 02:00:00,0.5013541591298116,0.0,-0.8231692379510509,0.0,1.7718252543272373,0.0,-1.5895036975332832,0.0,5.514771929711451,0.0,-7.27954869405257,0.0,5.101016249728502,0.0,-4.487363565147918,0.0,-0.45212019499334843,0.0,0.6917974705426566,0.0,6.138536661470896,0.0,2.0794415416798357,0.0,0.0,0.0
2025-09-23 03:00:00,0.09769230101764759,0.0,0.5013541591298116,0.0,-0.8231692379510509,0.0,1.7718252543272373,0.0,-1.5895036975332832,0.0,5.514771929711451,0.0,-7.27954869405257,0.0,5.101016249728502,0.0,-4.487363565147918,0.0,-0.45212019499334843,0.0,0.6917974705426566,0.0,6.138536661470896,0.0,2.0794415416798357,0.0
2025-09-23 04:00:00,0.39066046689628475,0.0,0.09769230101764759,0.0,0.5013541591298116,0.0,-0.8231692379510509,0.0,1.7718252543272373,0.0,-1.5895036975332832,0.0,5.514771929711451,0.0,-7.27954869405257,0.0,5.101016249728502,0.0,-4.487363565147918,0.0,-0.45212019499334843,0.0,0.6917974705426566,0.0,6.138536661470896,0.0
2025-09-23 05:00:00,0.6199857300102547,0.0,0.39066046689628475,0.0,0.09769230101764759,0.0,0.5013541591298116,0.0,-0.8231692379510509,0.0,1.7718252543272373,0.0,-1.5895036975332832,0.0,5.514771929711451,0.0,-7.27954869405257,0.0,5.101016249728502,0.0,-4.487363565147918,0.0,-0.45212019499334843,0.0,0.6917974705426566,0.0
2025-09-23 06:00:00,-8.275376374836407,0.0,0.6199857300102547,0.0,0.39066046689628475,0.0,0.09769230101764759,0.0,0.5013541591298116,0.0,-0.8231692379510509,0.0,1.7718252543272373,0.0,-1.5895036975332832,0.0,5.514771929711451,0.0,-7.27954869405257,0.0,5.101016249728502,0.0,-4.487363565147918,0.0,-0.45212019499334843,0.0
2025-09-23 07:00:00,0.0,0.0,-8.275376374836407,0.0,0.6199857300102547,0.0,0.39066046689628475,0.0,0.09769230101764759,0.0,0.5013541591298116,0.0,-0.8231692379510509,0.0,1.7718252543272373,0.0,-1.5895036975332832,0.0,5.514771929711451,0.0,-7.27954869405257,0.0,5.101016249728502,0.0,-4.487363565147918,0.0
2025-09-23 08:00:00,0.0,0.0,0.0,0.0,-8.275376374836407,0.0,0.6199857300102547,0.0,0.39066046689628475,0.0,0.09769230101764759,0.0,0.5013541591298116,0.0,-0.8231692379510509,0.0,1.7718252543272373,0.0,-1.5895036975332832,0.0,5.514771929711451,0.0,-7.27954869405257,0.0,5.101016249728502,0.0
2025-09-23 09:00:00,0.0,0.0,0.0,0.0,0.0,0.0,-8.275376374836407,0.0,0.6199857300102547,0.0,0.39066046689628475,0.0,0.09769230101764759,0.0,0.5013541591298116,0.0,-0.8231692379510509,0.0,1.7718252543272373,0.0,-1.5895036975332832,0.0,5.514771929711451,0.0,-7.27954869405257,0.0
2025-09-23 10:00:00,0.0,0.0,0.0,0.0,0.0,0.0,0.0,0.0,-8.275376374836407,0.0,0.6199857300102547,0.0,0.39066046689628475,0.0,0.09769230101764759,0.0,0.5013541591298116,0.0,-0.8231692379510509,0.0,1.7718252543272373,0.0,-1.5895036975332832,0.0,5.514771929711451,0.0
2025-09-23 11:00:00,0.0,0.0,0.0,0.0,0.0,0.0,0.0,0.0,0.0,0.0,-8.275376374836407,0.0,0.6199857300102547,0.0,0.39066046689628475,0.0,0.09769230101764759,0.0,0.5013541591298116,0.0,-0.8231692379510509,0.0,1.7718252543272373,0.0,-1.5895036975332832,0.0
2025-09-23 12:00:00,0.0,0.0,0.0,0.0,0.0,0.0,0.0,0.0,0.0,0.0,0.0,0.0,-8.275376374836407,0.0,0.6199857300102547,0.0,0.39066046689628475,0.0,0.09769230101764759,0.0,0.5013541591298116,0.0,-0.8231692379510509,0.0,1.7718252543272373,0.0
2025-09-23 13:00:00,5.484796933490655,0.0,0.0,0.0,0.0,0.0,0.0,0.0,0.0,0.0,0.0,0.0,0.0,0.0,-8.275376374836407,0.0,0.6199857300102547,0.0,0.39066046689628475,0.0,0.09769230101764759,0.0,0.5013541591298116,0.0,-0.8231692379510509,0.0
2025-09-23 14:00:00,3.6442249173079393,0.0,5.484796933490655,0.0,0.0,0.0,0.0,0.0,0.0,0.0,0.0,0.0,0.0,0.0,0.0,0.0,-8.275376374836407,0.0,0.6199857300102547,0.0,0.39066046689628475,0.0,0.09769230101764759,0.0,0.5013541591298116,0.0
2025-09-23 15:00:00,-5.051484406892874,0.0,3.6442249173079393,0.0,5.484796933490655,0.0,0.0,0.0,0.0,0.0,0.0,0.0,0.0,0.0,0.0,0.0,0.0,0.0,-8.275376374836407,0.0,0.6199857300102547,0.0,0.39066046689628475,0.0,0.09769230101764759,0.0
2025-09-23 16:00:00,1.6750351949199134,0.0,-5.051484406892874,0.0,3.6442249173079393,0.0,5.484796933490655,0.0,0.0,0.0,0.0,0.0,0.0,0.0,0.0,0.0,0.0,0.0,0.0,0.0,-8.275376374836407,0.0,0.6199857300102547,0.0,0.39066046689628475,0.0
2025-09-23 17:00:00,1.8296565554508284,0.0,1.6750351949199134,0.0,-5.051484406892874,0.0,3.6442249173079393,0.0,5.484796933490655,0.0,0.0,0.0,0.0,0.0,0.0,0.0,0.0,0.0,0.0,0.0,0.0,0.0,-8.275376374836407,0.0,0.6199857300102547,0.0
2025-09-23 18:00:00,0.9753378912780484,0.0,1.8296565554508284,0.0,1.6750351949199134,0.0,-5.051484406892874,0.0,3.6442249173079393,0.0,5.484796933490655,0.0,0.0,0.0,0.0,0.0,0.0,0.0,0.0,0.0,0.0,0.0,0.0,0.0,-8.275376374836407,0.0
2025-09-23 19:00:00,-8.55756708555451,0.0,0.9753378912780484,0.0,1.8296565554508284,0.0,1.6750351949199134,0.0,-5.051484406892874,0.0,3.6442249173079393,0.0,5.484796933490655,0.0,0.0,0.0,0.0,0.0,0.0,0.0,0.0,0.0,0.0,0.0,0.0,0.0
2025-09-23 20:00:00,6.587550014824796,0.0,-8.55756708555451,0.0,0.9753378912780484,0.0,1.8296565554508284,0.0,1.6750351949199134,0.0,-5.051484406892874,0.0,3.6442249173079393,0.0,5.484796933490655,0.0,0.0,0.0,0.0,0.0,0.0,0.0,0.0,0.0,0.0,0.0
2025-09-23 21:00:00,-6.587550014824796,0.0,6.587550014824796,0.0,-8.55756708555451,0.0,0.9753378912780484,0.0,1.8296565554508284,0.0,1.6750351949199134,0.0,-5.051484406892874,0.0,3.6442249173079393,0.0,5.484796933490655,0.0,0.0,0.0,0.0,0.0,0.0,0.0,0.0,0.0
2025-09-23 22:00:00,0.6931471805599453,0.0,-6.587550014824796,0.0,6.587550014824796,0.0,-8.55756708555451,0.0,0.9753378912780484,0.0,1.8296565554508284,0.0,1.6750351949199134,0.0,-5.051484406892874,0.0,3.6442249173079393,0.0,5.484796933490655,0.0,0.0,0.0,0.0,0.0,0.0,0.0
2025-09-23 23:00:00,7.19668657083435,0.0,0.6931471805599453,0.0,-6.587550014824796,0.0,6.587550014824796,0.0,-8.55756708555451,0.0,0.9753378912780484,0.0,1.8296565554508284,0.0,1.6750351949199134,0.0,-5.051484406892874,0.0,3.6442249173079393,0.0,5.484796933490655,0.0,0.0,0.0,0.0,0.0
2025-09-24 00:00:00,-7.8898337513942955,0.0,7.19668657083435,0.0,0.6931471805599453,0.0,-6.587550014824796,0.0,6.587550014824796,0.0,-8.55756708555451,0.0,0.9753378912780484,0.0,1.8296565554508284,0.0,1.6750351949199134,0.0,-5.051484406892874,0.0,3.6442249173079393,0.0,5.484796933490655,0.0,0.0,0.0
2025-09-24 01:00:00,2.0794415416798357,0.0,-7.8898337513942955,0.0,7.19668657083435,0.0,0.6931471805599453,0.0,-6.587550014824796,0.0,6.587550014824796,0.0,-8.55756708555451,0.0,0.9753378912780484,0.0,1.8296565554508284,0.0,1.6750351949199134,0.0,-5.051484406892874,0.0,3.6442249173079393,0.0,5.484796933490655,0.0
2025-09-24 02:00:00,0.7537718023763804,0.0,2.0794415416798357,0.0,-7.8898337513942955,0.0,7.19668657083435,0.0,0.6931471805599453,0.0,-6.587550014824796,0.0,6.587550014824796,0.0,-8.55756708555451,0.0,0.9753378912780484,0.0,1.8296565554508284,0.0,1.6750351949199134,0.0,-5.051484406892874,0.0,3.6442249173079393,0.0
2025-09-24 03:00:00,-0.3483066942682158,0.0,0.7537718023763804,0.0,2.0794415416798357,0.0,-7.8898337513942955,0.0,7.19668657083435,0.0,0.6931471805599453,0.0,-6.587550014824796,0.0,6.587550014824796,0.0,-8.55756708555451,0.0,0.9753378912780484,0.0,1.8296565554508284,0.0,1.6750351949199134,0.0,-5.051484406892874,0.0
2025-09-24 04:00:00,-1.0986122886681098,0.0,-0.3483066942682158,0.0,0.7537718023763804,0.0,2.0794415416798357,0.0,-7.8898337513942955,0.0,7.19668657083435,0.0,0.6931471805599453,0.0,-6.587550014824796,0.0,6.587550014824796,0.0,-8.55756708555451,0.0,0.9753378912780484,0.0,1.8296565554508284,0.0,1.6750351949199134,0.0
2025-09-24 05:00:00,1.9810014688665836,0.0,-1.0986122886681098,0.0,-0.3483066942682158,0.0,0.7537718023763804,0.0,2.0794415416798357,0.0,-7.8898337513942955,0.0,7.19668657083435,0.0,0.6931471805599453,0.0,-6.587550014824796,0.0,6.587550014824796,0.0,-8.55756708555451,0.0,0.9753378912780484,0.0,1.8296565554508284,0.0
2025-09-24 06:00:00,3.1679454410271846,0.0,1.9810014688665836,0.0,-1.0986122886681098,0.0,-0.3483066942682158,0.0,0.7537718023763804,0.0,2.0794415416798357,0.0,-7.8898337513942955,0.0,7.19668657083435,0.0,0.6931471805599453,0.0,-6.587550014824796,0.0,6.587550014824796,0.0,-8.55756708555451,0.0,0.9753378912780484,0.0
2025-09-24 07:00:00,-0.6408384367488082,0.0,3.1679454410271846,0.0,1.9810014688665836,0.0,-1.0986122886681098,0.0,-0.3483066942682158,0.0,0.7537718023763804,0.0,2.0794415416798357,0.0,-7.8898337513942955,0.0,7.19668657083435,0.0,0.6931471805599453,0.0,-6.587550014824796,0.0,6.587550014824796,0.0,-8.55756708555451,0.0
2025-09-24 08:00:00,-5.8944028342648505,0.0,-0.6408384367488082,0.0,3.1679454410271846,0.0,1.9810014688665836,0.0,-1.0986122886681098,0.0,-0.3483066942682158,0.0,0.7537718023763804,0.0,2.0794415416798357,0.0,-7.8898337513942955,0.0,7.19668657083435,0.0,0.6931471805599453,0.0,-6.587550014824796,0.0,6.587550014824796,0.0
2025-09-24 09:00:00,3.6109179126442243,0.0,-5.8944028342648505,0.0,-0.6408384367488082,0.0,3.1679454410271846,0.0,1.9810014688665836,0.0,-1.0986122886681098,0.0,-0.3483066942682158,0.0,0.7537718023763804,0.0,2.0794415416798357,0.0,-7.8898337513942955,0.0,7.19668657083435,0.0,0.6931471805599453,0.0,-6.587550014824796,0.0
2025-09-24 10:00:00,2.4435214336251465,0.0,3.6109179126442243,0.0,-5.8944028342648505,0.0,-0.6408384367488082,0.0,3.1679454410271846,0.0,1.9810014688665836,0.0,-1.0986122886681098,0.0,-0.3483066942682158,0.0,0.7537718023763804,0.0,2.0794415416798357,0.0,-7.8898337513942955,0.0,7.19668657083435,0.0,0.6931471805599453,0.0
2025-09-24 11:00:00,-6.054439346269371,0.0,2.4435214336251465,0.0,3.6109179126442243,0.0,-5.8944028342648505,0.0,-0.6408384367488082,0.0,3.1679454410271846,0.0,1.9810014688665836,0.0,-1.0986122886681098,0.0,-0.3483066942682158,0.0,0.7537718023763804,0.0,2.0794415416798357,0.0,-7.8898337513942955,0.0,7.19668657083435,0.0
2025-09-24 12:00:00,4.8283137373023015,0.0,-6.054439346269371,0.0,2.4435214336251465,0.0,3.6109179126442243,0.0,-5.8944028342648505,0.0,-0.6408384367488082,0.0,3.1679454410271846,0.0,1.9810014688665836,0.0,-1.0986122886681098,0.0,-0.3483066942682158,0.0,0.7537718023763804,0.0,2.0794415416798357,0.0,-7.8898337513942955,0.0
2025-09-24 13:00:00,-4.8283137373023015,0.0,4.8283137373023015,0.0,-6.054439346269371,0.0,2.4435214336251465,0.0,3.6109179126442243,0.0,-5.8944028342648505,0.0,-0.6408384367488082,0.0,3.1679454410271846,0.0,1.9810014688665836,0.0,-1.0986122886681098,0.0,-0.3483066942682158,0.0,0.7537718023763804,0.0,2.0794415416798357,0.0
2025-09-24 14:00:00,4.290459441148391,0.0,-4.8283137373023015,0.0,4.8283137373023015,0.0,-6.054439346269371,0.0,2.4435214336251465,0.0,3.6109179126442243,0.0,-5.8944028342648505,0.0,-0.6408384367488082,0.0,3.1679454410271846,0.0,1.9810014688665836,0.0,-1.0986122886681098,0.0,-0.3483066942682158,0.0,0.7537718023763804,0.0
2025-09-24 15:00:00,6.514408230526138,0.0,4.290459441148391,0.0,-4.8283137373023015,0.0,4.8283137373023015,0.0,-6.054439346269371,0.0,2.4435214336251465,0.0,3.6109179126442243,0.0,-5.8944028342648505,0.0,-0.6408384367488082,0.0,3.1679454410271846,0.0,1.9810014688665836,0.0,-1.0986122886681098,0.0,-0.3483066942682158,0.0
2025-09-24 16:00:00,-10.804867671674529,0.0,6.514408230526138,0.0,4.290459441148391,0.0,-4.8283137373023015,0.0,4.8283137373023015,0.0,-6.054439346269371,0.0,2.4435214336251465,0.0,3.6109179126442243,0.0,-5.8944028342648505,0.0,-0.6408384367488082,0.0,3.1679454410271846,0.0,1.9810014688665836,0.0,-1.0986122886681098,0.0
2025-09-24 17:00:00,8.195885391314796,0.0,-10.804867671674529,0.0,6.514408230526138,0.0,4.290459441148391,0.0,-4.8283137373023015,0.0,4.8283137373023015,0.0,-6.054439346269371,0.0,2.4435214336251465,0.0,3.6109179126442243,0.0,-5.8944028342648505,0.0,-0.6408384367488082,0.0,3.1679454410271846,0.0,1.9810014688665836,0.0
2025-09-24 18:00:00,-0.41182838867486726,0.0,8.195885391314796,0.0,-10.804867671674529,0.0,6.514408230526138,0.0,4.290459441148391,0.0,-4.8283137373023015,0.0,4.8283137373023015,0.0,-6.054439346269371,0.0,2.4435214336251465,0.0,3.6109179126442243,0.0,-5.8944028342648505,0.0,-0.6408384367488082,0.0,3.1679454410271846,0.0
2025-09-24 19:00:00,-3.453323662353598,0.0,-0.41182838867486726,0.0,8.195885391314796,0.0,-10.804867671674529,0.0,6.514408230526138,0.0,4.290459441148391,0.0,-4.8283137373023015,0.0,4.8283137373023015,0.0,-6.054439346269371,0.0,2.4435214336251465,0.0,3.6109179126442243,0.0,-5.8944028342648505,0.0,-0.6408384367488082,0.0
2025-09-24 20:00:00,4.020405266799823,0.0,-3.453323662353598,0.0,-0.41182838867486726,0.0,8.195885391314796,0.0,-10.804867671674529,0.0,6.514408230526138,0.0,4.290459441148391,0.0,-4.8283137373023015,0.0,4.8283137373023015,0.0,-6.054439346269371,0.0,2.4435214336251465,0.0,3.6109179126442243,0.0,-5.8944028342648505,0.0
2025-09-24 21:00:00,0.9432671400076966,0.0,4.020405266799823,0.0,-3.453323662353598,0.0,-0.41182838867486726,0.0,8.195885391314796,0.0,-10.804867671674529,0.0,6.514408230526138,0.0,4.290459441148391,0.0,-4.8283137373023015,0.0,4.8283137373023015,0.0,-6.054439346269371,0.0,2.4435214336251465,0.0,3.6109179126442243,0.0
2025-09-24 22:00:00,-6.89651047429548,0.0,0.9432671400076966,0.0,4.020405266799823,0.0,-3.453323662353598,0.0,-0.41182838867486726,0.0,8.195885391314796,0.0,-10.804867671674529,0.0,6.514408230526138,0.0,4.290459441148391,0.0,-4.8283137373023015,0.0,4.8283137373023015,0.0,-6.054439346269371,0.0,2.4435214336251465,0.0
2025-09-24 23:00:00,2.0209453349982276,0.0,-6.89651047429548,0.0,0.9432671400076966,0.0,4.020405266799823,0.0,-3.453323662353598,0.0,-0.41182838867486726,0.0,8.195885391314796,0.0,-10.804867671674529,0.0,6.514408230526138,0.0,4.290459441148391,0.0,-4.8283137373023015,0.0,4.8283137373023015,0.0,-6.054439346269371,0.0
2025-09-25 00:00:00,-4.418840607796598,0.0,2.0209453349982276,0.0,-6.89651047429548,0.0,0.9432671400076966,0.0,4.020405266799823,0.0,-3.453323662353598,0.0,-0.41182838867486726,0.0,8.195885391314796,0.0,-10.804867671674529,0.0,6.514408230526138,0.0,4.290459441148391,0.0,-4.8283137373023015,0.0,4.8283137373023015,0.0
2025-09-25 01:00:00,5.973809611869261,0.0,-4.418840607796598,0.0,2.0209453349982276,0.0,-6.89651047429548,0.0,0.9432671400076966,0.0,4.020405266799823,0.0,-3.453323662353598,0.0,-0.41182838867486726,0.0,8.195885391314796,0.0,-10.804867671674529,0.0,6.514408230526138,0.0,4.290459441148391,0.0,-4.8283137373023015,0.0
2025-09-25 02:00:00,2.846151289416798,0.0,5.973809611869261,0.0,-4.418840607796598,0.0,2.0209453349982276,0.0,-6.89651047429548,0.0,0.9432671400076966,0.0,4.020405266799823,0.0,-3.453323662353598,0.0,-0.41182838867486726,0.0,8.195885391314796,0.0,-10.804867671674529,0.0,6.514408230526138,0.0,4.290459441148391,0.0
2025-09-25 03:00:00,-1.8933838680633341,0.0,2.846151289416798,0.0,5.973809611869261,0.0,-4.418840607796598,0.0,2.0209453349982276,0.0,-6.89651047429548,0.0,0.9432671400076966,0.0,4.020405266799823,0.0,-3.453323662353598,0.0,-0.41182838867486726,0.0,8.195885391314796,0.0,-10.804867671674529,0.0,6.514408230526138,0.0
2025-09-25 04:00:00,-6.926577033222725,0.0,-1.8933838680633341,0.0,2.846151289416798,0.0,5.973809611869261,0.0,-4.418840607796598,0.0,2.0209453349982276,0.0,-6.89651047429548,0.0,0.9432671400076966,0.0,4.020405266799823,0.0,-3.453323662353598,0.0,-0.41182838867486726,0.0,8.195885391314796,0.0,-10.804867671674529,0.0
2025-09-25 05:00:00,6.684611727667927,0.0,-6.926577033222725,0.0,-1.8933838680633341,0.0,2.846151289416798,0.0,5.973809611869261,0.0,-4.418840607796598,0.0,2.0209453349982276,0.0,-6.89651047429548,0.0,0.9432671400076966,0.0,4.020405266799823,0.0,-3.453323662353598,0.0,-0.41182838867486726,0.0,8.195885391314796,0.0
2025-09-25 06:00:00,1.1794239314045232,0.0,6.684611727667927,0.0,-6.926577033222725,0.0,-1.8933838680633341,0.0,2.846151289416798,0.0,5.973809611869261,0.0,-4.418840607796598,0.0,2.0209453349982276,0.0,-6.89651047429548,0.0,0.9432671400076966,0.0,4.020405266799823,0.0,-3.453323662353598,0.0,-0.41182838867486726,0.0
2025-09-25 07:00:00,-4.605939121050968,0.0,1.1794239314045232,0.0,6.684611727667927,0.0,-6.926577033222725,0.0,-1.8933838680633341,0.0,2.846151289416798,0.0,5.973809611869261,0.0,-4.418840607796598,0.0,2.0209453349982276,0.0,-6.89651047429548,0.0,0.9432671400076966,0.0,4.020405266799823,0.0,-3.453323662353598,0.0
2025-09-25 08:00:00,-3.258096538021482,0.0,-4.605939121050968,0.0,1.1794239314045232,0.0,6.684611727667927,0.0,-6.926577033222725,0.0,-1.8933838680633341,0.0,2.846151289416798,0.0,5.973809611869261,0.0,-4.418840607796598,0.0,2.0209453349982276,0.0,-6.89651047429548,0.0,0.9432671400076966,0.0,4.020405266799823,0.0
2025-09-25 09:00:00,0.0,0.0,-3.258096538021482,0.0,-4.605939121050968,0.0,1.1794239314045232,0.0,6.684611727667927,0.0,-6.926577033222725,0.0,-1.8933838680633341,0.0,2.846151289416798,0.0,5.973809611869261,0.0,-4.418840607796598,0.0,2.0209453349982276,0.0,-6.89651047429548,0.0,0.9432671400076966,0.0
2025-09-25 10:00:00,0.0,0.0,0.0,0.0,-3.258096538021482,0.0,-4.605939121050968,0.0,1.1794239314045232,0.0,6.684611727667927,0.0,-6.926577033222725,0.0,-1.8933838680633341,0.0,2.846151289416798,0.0,5.973809611869261,0.0,-4.418840607796598,0.0,2.0209453349982276,0.0,-6.89651047429548,0.0
2025-09-25 11:00:00,3.912023005428146,0.0,0.0,0.0,0.0,0.0,-3.258096538021482,0.0,-4.605939121050968,0.0,1.1794239314045232,0.0,6.684611727667927,0.0,-6.926577033222725,0.0,-1.8933838680633341,0.0,2.846151289416798,0.0,5.973809611869261,0.0,-4.418840607796598,0.0,2.0209453349982276,0.0
2025-09-25 12:00:00,-3.2188758248682006,0.0,3.912023005428146,0.0,0.0,0.0,0.0,0.0,-3.258096538021482,0.0,-4.605939121050968,0.0,1.1794239314045232,0.0,6.684611727667927,0.0,-6.926577033222725,0.0,-1.8933838680633341,0.0,2.846151289416798,0.0,5.973809611869261,0.0,-4.418840607796598,0.0
2025-09-25 13:00:00,-0.6931471805599453,0.0,-3.2188758248682006,0.0,3.912023005428146,0.0,0.0,0.0,0.0,0.0,-3.258096538021482,0.0,-4.605939121050968,0.0,1.1794239314045232,0.0,6.684611727667927,0.0,-6.926577033222725,0.0,-1.8933838680633341,0.0,2.846151289416798,0.0,5.973809611869261,0.0
2025-09-25 14:00:00,6.52795791762255,0.0,-0.6931471805599453,0.0,-3.2188758248682006,0.0,3.912023005428146,0.0,0.0,0.0,0.0,0.0,-3.258096538021482,0.0,-4.605939121050968,0.0,1.1794239314045232,0.0,6.684611727667927,0.0,-6.926577033222725,0.0,-1.8933838680633341,0.0,2.846151289416798,0.0
2025-09-25 15:00:00,-6.52795791762255,0.0,6.52795791762255,0.0,-0.6931471805599453,0.0,-3.2188758248682006,0.0,3.912023005428146,0.0,0.0,0.0,0.0,0.0,-3.258096538021482,0.0,-4.605939121050968,0.0,1.1794239314045232,0.0,6.684611727667927,0.0,-6.926577033222725,0.0,-1.8933838680633341,0.0
2025-09-25 16:00:00,9.68930374259339,0.0,-6.52795791762255,0.0,6.52795791762255,0.0,-0.6931471805599453,0.0,-3.2188758248682006,0.0,3.912023005428146,0.0,0.0,0.0,0.0,0.0,-3.258096538021482,0.0,-4.605939121050968,0.0,1.1794239314045232,0.0,6.684611727667927,0.0,-6.926577033222725,0.0
2025-09-25 17:00:00,-5.628860732046971,0.0,9.68930374259339,0.0,-6.52795791762255,0.0,6.52795791762255,0.0,-0.6931471805599453,0.0,-3.2188758248682006,0.0,3.912023005428146,0.0,0.0,0.0,0.0,0.0,-3.258096538021482,0.0,-4.605939121050968,0.0,1.1794239314045232,0.0,6.684611727667927,0.0
2025-09-25 18:00:00,3.6243409329763656,0.0,-5.628860732046971,0.0,9.68930374259339,0.0,-6.52795791762255,0.0,6.52795791762255,0.0,-0.6931471805599453,0.0,-3.2188758248682006,0.0,3.912023005428146,0.0,0.0,0.0,0.0,0.0,-3.258096538021482,0.0,-4.605939121050968,0.0,1.1794239314045232,0.0
2025-09-25 19:00:00,2.9553651564042482,0.0,3.6243409329763656,0.0,-5.628860732046971,0.0,9.68930374259339,0.0,-6.52795791762255,0.0,6.52795791762255,0.0,-0.6931471805599453,0.0,-3.2188758248682006,0.0,3.912023005428146,0.0,0.0,0.0,0.0,0.0,-3.258096538021482,0.0,-4.605939121050968,0.0
2025-09-25 20:00:00,-9.030711187492933,0.0,2.9553651564042482,0.0,3.6243409329763656,0.0,-5.628860732046971,0.0,9.68930374259339,0.0,-6.52795791762255,0.0,6.52795791762255,0.0,-0.6931471805599453,0.0,-3.2188758248682006,0.0,3.912023005428146,0.0,0.0,0.0,0.0,0.0,-3.258096538021482,0.0
2025-09-25 21:00:00,7.051855622955894,0.0,-9.030711187492933,0.0,2.9553651564042482,0.0,3.6243409329763656,0.0,-5.628860732046971,0.0,9.68930374259339,0.0,-6.52795791762255,0.0,6.52795791762255,0.0,-0.6931471805599453,0.0,-3.2188758248682006,0.0,3.912023005428146,0.0,0.0,0.0,0.0,0.0
2025-09-25 22:00:00,-1.1388933040028695,0.0,7.051855622955894,0.0,-9.030711187492933,0.0,2.9553651564042482,0.0,3.6243409329763656,0.0,-5.628860732046971,0.0,9.68930374259339,0.0,-6.52795791762255,0.0,6.52795791762255,0.0,-0.6931471805599453,0.0,-3.2188758248682006,0.0,3.912023005428146,0.0,0.0,0.0
2025-09-25 23:00:00,1.4839862836679893,0.0,-1.1388933040028695,0.0,7.051855622955894,0.0,-9.030711187492933,0.0,2.9553651564042482,0.0,3.6243409329763656,0.0,-5.628860732046971,0.0,9.68930374259339,0.0,-6.52795791762255,0.0,6.52795791762255,0.0,-0.6931471805599453,0.0,-3.2188758248682006,0.0,3.912023005428146,0.0
2025-09-26 00:00:00,-1.4049841804713807,0.0,1.4839862836679893,0.0,-1.1388933040028695,0.0,7.051855622955894,0.0,-9.030711187492933,0.0,2.9553651564042482,0.0,3.6243409329763656,0.0,-5.628860732046971,0.0,9.68930374259339,0.0,-6.52795791762255,0.0,6.52795791762255,0.0,-0.6931471805599453,0.0,-3.2188758248682006,0.0
2025-09-26 01:00:00,-1.0138523197589375,0.0,-1.4049841804713807,0.0,1.4839862836679893,0.0,-1.1388933040028695,0.0,7.051855622955894,0.0,-9.030711187492933,0.0,2.9553651564042482,0.0,3.6243409329763656,0.0,-5.628860732046971,0.0,9.68930374259339,0.0,-6.52795791762255,0.0,6.52795791762255,0.0,-0.6931471805599453,0.0
2025-09-26 02:00:00,-0.7975898439275424,0.0,-1.0138523197589375,0.0,-1.4049841804713807,0.0,1.4839862836679893,0.0,-1.1388933040028695,0.0,7.051855622955894,0.0,-9.030711187492933,0.0,2.9553651564042482,0.0,3.6243409329763656,0.0,-5.628860732046971,0.0,9.68930374259339,0.0,-6.52795791762255,0.0,6.52795791762255,0.0
2025-09-26 03:00:00,-0.9147628476961023,0.0,-0.7975898439275424,0.0,-1.0138523197589375,0.0,-1.4049841804713807,0.0,1.4839862836679893,0.0,-1.1388933040028695,0.0,7.051855622955894,0.0,-9.030711187492933,0.0,2.9553651564042482,0.0,3.6243409329763656,0.0,-5.628860732046971,0.0,9.68930374259339,0.0,-6.52795791762255,0.0
2025-09-26 04:00:00,-0.4443805243578378,0.0,-0.9147628476961023,0.0,-0.7975898439275424,0.0,-1.0138523197589375,0.0,-1.4049841804713807,0.0,1.4839862836679893,0.0,-1.1388933040028695,0.0,7.051855622955894,0.0,-9.030711187492933,0.0,2.9553651564042482,0.0,3.6243409329763656,0.0,-5.628860732046971,0.0,9.68930374259339,0.0
2025-09-26 05:00:00,1.0906441190189327,0.0,-0.4443805243578378,0.0,-0.9147628476961023,0.0,-0.7975898439275424,0.0,-1.0138523197589375,0.0,-1.4049841804713807,0.0,1.4839862836679893,0.0,-1.1388933040028695,0.0,7.051855622955894,0.0,-9.030711187492933,0.0,2.9553651564042482,0.0,3.6243409329763656,0.0,-5.628860732046971,0.0
2025-09-26 06:00:00,2.937255343795016,0.0,1.0906441190189327,0.0,-0.4443805243578378,0.0,-0.9147628476961023,0.0,-0.7975898439275424,0.0,-1.0138523197589375,0.0,-1.4049841804713807,0.0,1.4839862836679893,0.0,-1.1388933040028695,0.0,7.051855622955894,0.0,-9.030711187492933,0.0,2.9553651564042482,0.0,3.6243409329763656,0.0
2025-09-26 07:00:00,-8.458716261657262,0.0,2.937255343795016,0.0,1.0906441190189327,0.0,-0.4443805243578378,0.0,-0.9147628476961023,0.0,-0.7975898439275424,0.0,-1.0138523197589375,0.0,-1.4049841804713807,0.0,1.4839862836679893,0.0,-1.1388933040028695,0.0,7.051855622955894,0.0,-9.030711187492933,0.0,2.9553651564042482,0.0
2025-09-26 08:00:00,2.0794415416798357,0.0,-8.458716261657262,0.0,2.937255343795016,0.0,1.0906441190189327,0.0,-0.4443805243578378,0.0,-0.9147628476961023,0.0,-0.7975898439275424,0.0,-1.0138523197589375,0.0,-1.4049841804713807,0.0,1.4839862836679893,0.0,-1.1388933040028695,0.0,7.051855622955894,0.0,-9.030711187492933,0.0
2025-09-26 09:00:00,4.079653846812096,0.0,2.0794415416798357,0.0,-8.458716261657262,0.0,2.937255343795016,0.0,1.0906441190189327,0.0,-0.4443805243578378,0.0,-0.9147628476961023,0.0,-0.7975898439275424,0.0,-1.0138523197589375,0.0,-1.4049841804713807,0.0,1.4839862836679893,0.0,-1.1388933040028695,0.0,7.051855622955894,0.0
2025-09-26 10:00:00,-6.159095388491933,0.0,4.079653846812096,0.0,2.0794415416798357,0.0,-8.458716261657262,0.0,2.937255343795016,0.0,1.0906441190189327,0.0,-0.4443805243578378,0.0,-0.9147628476961023,0.0,-0.7975898439275424,0.0,-1.0138523197589375,0.0,-1.4049841804713807,0.0,1.4839862836679893,0.0,-1.1388933040028695,0.0
2025-09-26 11:00:00,0.0,0.0,-6.159095388491933,0.0,4.079653846812096,0.0,2.0794415416798357,0.0,-8.458716261657262,0.0,2.937255343795016,0.0,1.0906441190189327,0.0,-0.4443805243578378,0.0,-0.9147628476961023,0.0,-0.7975898439275424,0.0,-1.0138523197589375,0.0,-1.4049841804713807,0.0,1.4839862836679893,0.0
2025-09-26 12:00:00,0.0,0.0,0.0,0.0,-6.159095388491933,0.0,4.079653846812096,0.0,2.0794415416798357,0.0,-8.458716261657262,0.0,2.937255343795016,0.0,1.0906441190189327,0.0,-0.4443805243578378,0.0,-0.9147628476961023,0.0,-0.7975898439275424,0.0,-1.0138523197589375,0.0,-1.4049841804713807,0.0
2025-09-26 13:00:00,0.0,0.0,0.0,0.0,0.0,0.0,-6.159095388491933,0.0,4.079653846812096,0.0,2.0794415416798357,0.0,-8.458716261657262,0.0,2.937255343795016,0.0,1.0906441190189327,0.0,-0.4443805243578378,0.0,-0.9147628476961023,0.0,-0.7975898439275424,0.0,-1.0138523197589375,0.0
2025-09-26 14:00:00,7.140453043101158,0.0,0.0,0.0,0.0,0.0,0.0,0.0,-6.159095388491933,0.0,4.079653846812096,0.0,2.0794415416798357,0.0,-8.458716261657262,0.0,2.937255343795016,0.0,1.0906441190189327,0.0,-0.4443805243578378,0.0,-0.9147628476961023,0.0,-0.7975898439275424,0.0
2025-09-26 15:00:00,-7.140453043101158,0.0,7.140453043101158,0.0,0.0,0.0,0.0,0.0,0.0,0.0,-6.159095388491933,0.0,4.079653846812096,0.0,2.0794415416798357,0.0,-8.458716261657262,0.0,2.937255343795016,0.0,1.0906441190189327,0.0,-0.4443805243578378,0.0,-0.9147628476961023,0.0
2025-09-26 16:00:00,6.1070228877422545,0.0,-7.140453043101158,0.0,7.140453043101158,0.0,0.0,0.0,0.0,0.0,0.0,0.0,-6.159095388491933,0.0,4.079653846812096,0.0,2.0794415416798357,0.0,-8.458716261657262,0.0,2.937255343795016,0.0,1.0906441190189327,0.0,-0.4443805243578378,0.0
2025-09-26 17:00:00,-1.3708244393477589,0.0,6.1070228877422545,0.0,-7.140453043101158,0.0,7.140453043101158,0.0,0.0,0.0,0.0,0.0,0.0,0.0,-6.159095388491933,0.0,4.079653846812096,0.0,2.0794415416798357,0.0,-8.458716261657262,0.0,2.937255343795016,0.0,1.0906441190189327,0.0
2025-09-26 18:00:00,-4.736198448394496,0.0,-1.3708244393477589,0.0,6.1070228877422545,0.0,-7.140453043101158,0.0,7.140453043101158,0.0,0.0,0.0,0.0,0.0,0.0,0.0,-6.159095388491933,0.0,4.079653846812096,0.0,2.0794415416798357,0.0,-8.458716261657262,0.0,2.937255343795016,0.0
2025-09-26 19:00:00,4.276666119016055,0.0,-4.736198448394496,0.0,-1.3708244393477589,0.0,6.1070228877422545,0.0,-7.140453043101158,0.0,7.140453043101158,0.0,0.0,0.0,0.0,0.0,0.0,0.0,-6.159095388491933,0.0,4.079653846812096,0.0,2.0794415416798357,0.0,-8.458716261657262,0.0
2025-09-26 20:00:00,2.5520459526256287,0.0,4.276666119016055,0.0,-4.736198448394496,0.0,-1.3708244393477589,0.0,6.1070228877422545,0.0,-7.140453043101158,0.0,7.140453043101158,0.0,0.0,0.0,0.0,0.0,0.0,0.0,-6.159095388491933,0.0,4.079653846812096,0.0,2.0794415416798357,0.0
2025-09-26 21:00:00,-0.7172447321390054,0.0,2.5520459526256287,0.0,4.276666119016055,0.0,-4.736198448394496,0.0,-1.3708244393477589,0.0,6.1070228877422545,0.0,-7.140453043101158,0.0,7.140453043101158,0.0,0.0,0.0,0.0,0.0,0.0,0.0,-6.159095388491933,0.0,4.079653846812096,0.0
2025-09-26 22:00:00,-0.21706450523782816,0.0,-0.7172447321390054,0.0,2.5520459526256287,0.0,4.276666119016055,0.0,-4.736198448394496,0.0,-1.3708244393477589,0.0,6.1070228877422545,0.0,-7.140453043101158,0.0,7.140453043101158,0.0,0.0,0.0,0.0,0.0,0.0,0.0,-6.159095388491933,0.0
2025-09-26 23:00:00,-5.8944028342648505,0.0,-0.21706450523782816,0.0,-0.7172447321390054,0.0,2.5520459526256287,0.0,4.276666119016055,0.0,-4.736198448394496,0.0,-1.3708244393477589,0.0,6.1070228877422545,0.0,-7.140453043101158,0.0,7.140453043101158,0.0,0.0,0.0,0.0,0.0,0.0,0.0
2025-09-27 00:00:00,8.454253391642363,0.0,-5.8944028342648505,0.0,-0.21706450523782816,0.0,-0.7172447321390054,0.0,2.5520459526256287,0.0,4.276666119016055,0.0,-4.736198448394496,0.0,-1.3708244393477589,0.0,6.1070228877422545,0.0,-7.140453043101158,0.0,7.140453043101158,0.0,0.0,0.0,0.0,0.0
2025-09-27 01:00:00,-0.9642824928075617,0.0,8.454253391642363,0.0,-5.8944028342648505,0.0,-0.21706450523782816,0.0,-0.7172447321390054,0.0,2.5520459526256287,0.0,4.276666119016055,0.0,-4.736198448394496,0.0,-1.3708244393477589,0.0,6.1070228877422545,0.0,-7.140453043101158,0.0,7.140453043101158,0.0,0.0,0.0
2025-09-27 02:00:00,0.9381724757479253,0.0,-0.9642824928075617,0.0,8.454253391642363,0.0,-5.8944028342648505,0.0,-0.21706450523782816,0.0,-0.7172447321390054,0.0,2.5520459526256287,0.0,4.276666119016055,0.0,-4.736198448394496,0.0,-1.3708244393477589,0.0,6.1070228877422545,0.0,-7.140453043101158,0.0,7.140453043101158,0.0
2025-09-27 03:00:00,-2.2690479860907935,0.0,0.9381724757479253,0.0,-0.9642824928075617,0.0,8.454253391642363,0.0,-5.8944028342648505,0.0,-0.21706450523782816,0.0,-0.7172447321390054,0.0,2.5520459526256287,0.0,4.276666119016055,0.0,-4.736198448394496,0.0,-1.3708244393477589,0.0,6.1070228877422545,0.0,-7.140453043101158,0.0
2025-09-27 04:00:00,3.246153655783676,0.0,-2.2690479860907935,0.0,0.9381724757479253,0.0,-0.9642824928075617,0.0,8.454253391642363,0.0,-5.8944028342648505,0.0,-0.21706450523782816,0.0,-0.7172447321390054,0.0,2.5520459526256287,0.0,4.276666119016055,0.0,-4.736198448394496,0.0,-1.3708244393477589,0.0,6.1070228877422545,0.0
2025-09-27 05:00:00,-3.4730038568275976,0.0,3.246153655783676,0.0,-2.2690479860907935,0.0,0.9381724757479253,0.0,-0.9642824928075617,0.0,8.454253391642363,0.0,-5.8944028342648505,0.0,-0.21706450523782816,0.0,-0.7172447321390054,0.0,2.5520459526256287,0.0,4.276666119016055,0.0,-4.736198448394496,0.0,-1.3708244393477589,0.0
2025-09-27 06:00:00,-4.140485718219956,0.0,-3.4730038568275976,0.0,3.246153655783676,0.0,-2.2690479860907935,0.0,0.9381724757479253,0.0,-0.9642824928075617,0.0,8.454253391642363,0.0,-5.8944028342648505,0.0,-0.21706450523782816,0.0,-0.7172447321390054,0.0,2.5520459526256287,0.0,4.276666119016055,0.0,-4.736198448394496,0.0
2025-09-27 07:00:00,-1.791759469228055,0.0,-4.140485718219956,0.0,-3.4730038568275976,0.0,3.246153655783676,0.0,-2.2690479860907935,0.0,0.9381724757479253,0.0,-0.9642824928075617,0.0,8.454253391642363,0.0,-5.8944028342648505,0.0,-0.21706450523782816,0.0,-0.7172447321390054,0.0,2.5520459526256287,0.0,4.276666119016055,0.0
2025-09-27 08:00:00,0.0,0.0,-1.791759469228055,0.0,-4.140485718219956,0.0,-3.4730038568275976,0.0,3.246153655783676,0.0,-2.2690479860907935,0.0,0.9381724757479253,0.0,-0.9642824928075617,0.0,8.454253391642363,0.0,-5.8944028342648505,0.0,-0.21706450523782816,0.0,-0.7172447321390054,0.0,2.5520459526256287,0.0
2025-09-27 09:00:00,3.4011973816621555,0.0,0.0,0.0,-1.791759469228055,0.0,-4.140485718219956,0.0,-3.4730038568275976,0.0,3.246153655783676,0.0,-2.2690479860907935,0.0,0.9381724757479253,0.0,-0.9642824928075617,0.0,8.454253391642363,0.0,-5.8944028342648505,0.0,-0.21706450523782816,0.0,-0.7172447321390054,0.0
2025-09-27 10:00:00,-3.4011973816621555,0.0,3.4011973816621555,0.0,0.0,0.0,-1.791759469228055,0.0,-4.140485718219956,0.0,-3.4730038568275976,0.0,3.246153655783676,0.0,-2.2690479860907935,0.0,0.9381724757479253,0.0,-0.9642824928075617,0.0,8.454253391642363,0.0,-5.8944028342648505,0.0,-0.21706450523782816,0.0
2025-09-27 11:00:00,0.0,0.0,-3.4011973816621555,0.0,3.4011973816621555,0.0,0.0,0.0,-1.791759469228055,0.0,-4.140485718219956,0.0,-3.4730038568275976,0.0,3.246153655783676,0.0,-2.2690479860907935,0.0,0.9381724757479253,0.0,-0.9642824928075617,0.0,8.454253391642363,0.0,-5.8944028342648505,0.0
2025-09-27 12:00:00,0.0,0.0,0.0,0.0,-3.4011973816621555,0.0,3.4011973816621555,0.0,0.0,0.0,-1.791759469228055,0.0,-4.140485718219956,0.0,-3.4730038568275976,0.0,3.246153655783676,0.0,-2.2690479860907935,0.0,0.9381724757479253,0.0,-0.9642824928075617,0.0,8.454253391642363,0.0
2025-09-27 13:00:00,7.664815785285735,0.0,0.0,0.0,0.0,0.0,-3.4011973816621555,0.0,3.4011973816621555,0.0,0.0,0.0,-1.791759469228055,0.0,-4.140485718219956,0.0,-3.4730038568275976,0.0,3.246153655783676,0.0,-2.2690479860907935,0.0,0.9381724757479253,0.0,-0.9642824928075617,0.0
2025-09-27 14:00:00,-7.664815785285735,0.0,7.664815785285735,0.0,0.0,0.0,0.0,0.0,-3.4011973816621555,0.0,3.4011973816621555,0.0,0.0,0.0,-1.791759469228055,0.0,-4.140485718219956,0.0,-3.4730038568275976,0.0,3.246153655783676,0.0,-2.2690479860907935,0.0,0.9381724757479253,0.0
2025-09-27 15:00:00,2.0794415416798357,0.0,-7.664815785285735,0.0,7.664815785285735,0.0,0.0,0.0,0.0,0.0,-3.4011973816621555,0.0,3.4011973816621555,0.0,0.0,0.0,-1.791759469228055,0.0,-4.140485718219956,0.0,-3.4730038568275976,0.0,3.246153655783676,0.0,-2.2690479860907935,0.0
2025-09-27 16:00:00,4.864645666549691,0.0,2.0794415416798357,0.0,-7.664815785285735,0.0,7.664815785285735,0.0,0.0,0.0,0.0,0.0,-3.4011973816621555,0.0,3.4011973816621555,0.0,0.0,0.0,-1.791759469228055,0.0,-4.140485718219956,0.0,-3.4730038568275976,0.0,3.246153655783676,0.0
2025-09-27 17:00:00,-1.9604805865211912,0.0,4.864645666549691,0.0,2.0794415416798357,0.0,-7.664815785285735,0.0,7.664815785285735,0.0,0.0,0.0,0.0,0.0,-3.4011973816621555,0.0,3.4011973816621555,0.0,0.0,0.0,-1.791759469228055,0.0,-4.140485718219956,0.0,-3.4730038568275976,0.0
2025-09-27 18:00:00,-1.0917863235977099,0.0,-1.9604805865211912,0.0,4.864645666549691,0.0,2.0794415416798357,0.0,-7.664815785285735,0.0,7.664815785285735,0.0,0.0,0.0,0.0,0.0,-3.4011973816621555,0.0,3.4011973816621555,0.0,0.0,0.0,-1.791759469228055,0.0,-4.140485718219956,0.0
2025-09-27 19:00:00,0.31287232128033926,0.0,-1.0917863235977099,0.0,-1.9604805865211912,0.0,4.864645666549691,0.0,2.0794415416798357,0.0,-7.664815785285735,0.0,7.664815785285735,0.0,0.0,0.0,0.0,0.0,-3.4011973816621555,0.0,3.4011973816621555,0.0,0.0,0.0,-1.791759469228055,0.0
2025-09-27 20:00:00,-4.204692619390966,0.0,0.31287232128033926,0.0,-1.0917863235977099,0.0,-1.9604805865211912,0.0,4.864645666549691,0.0,2.0794415416798357,0.0,-7.664815785285735,0.0,7.664815785285735,0.0,0.0,0.0,0.0,0.0,-3.4011973816621555,0.0,3.4011973816621555,0.0,0.0,0.0
2025-09-27 21:00:00,5.777652323222656,0.0,-4.204692619390966,0.0,0.31287232128033926,0.0,-1.0917863235977099,0.0,-1.9604805865211912,0.0,4.864645666549691,0.0,2.0794415416798357,0.0,-7.664815785285735,0.0,7.664815785285735,0.0,0.0,0.0,0.0,0.0,-3.4011973816621555,0.0,3.4011973816621555,0.0
2025-09-27 22:00:00,-5.777652323222656,0.0,5.777652323222656,0.0,-4.204692619390966,0.0,0.31287232128033926,0.0,-1.0917863235977099,0.0,-1.9604805865211912,0.0,4.864645666549691,0.0,2.0794415416798357,0.0,-7.664815785285735,0.0,7.664815785285735,0.0,0.0,0.0,0.0,0.0,-3.4011973816621555,0.0
2025-09-27 23:00:00,0.0,0.0,-5.777652323222656,0.0,5.777652323222656,0.0,-4.204692619390966,0.0,0.31287232128033926,0.0,-1.0917863235977099,0.0,-1.9604805865211912,0.0,4.864645666549691,0.0,2.0794415416798357,0.0,-7.664815785285735,0.0,7.664815785285735,0.0,0.0,0.0,0.0,0.0
2025-09-28 00:00:00,6.192362489474872,0.0,0.0,0.0,-5.777652323222656,0.0,5.777652323222656,0.0,-4.204692619390966,0.0,0.31287232128033926,0.0,-1.0917863235977099,0.0,-1.9604805865211912,0.0,4.864645666549691,0.0,2.0794415416798357,0.0,-7.664815785285735,0.0,7.664815785285735,0.0,0.0,0.0
2025-09-28 01:00:00,-0.8310703237654469,0.0,6.192362489474872,0.0,0.0,0.0,-5.777652323222656,0.0,5.777652323222656,0.0,-4.204692619390966,0.0,0.31287232128033926,0.0,-1.0917863235977099,0.0,-1.9604805865211912,0.0,4.864645666549691,0.0,2.0794415416798357,0.0,-7.664815785285735,0.0,7.664815785285735,0.0
2025-09-28 02:00:00,-5.3612921657094255,0.0,-0.8310703237654469,0.0,6.192362489474872,0.0,0.0,0.0,-5.777652323222656,0.0,5.777652323222656,0.0,-4.204692619390966,0.0,0.31287232128033926,0.0,-1.0917863235977099,0.0,-1.9604805865211912,0.0,4.864645666549691,0.0,2.0794415416798357,0.0,-7.664815785285735,0.0
2025-09-28 03:00:00,4.290459441148391,0.0,-5.3612921657094255,0.0,-0.8310703237654469,0.0,6.192362489474872,0.0,0.0,0.0,-5.777652323222656,0.0,5.777652323222656,0.0,-4.204692619390966,0.0,0.31287232128033926,0.0,-1.0917863235977099,0.0,-1.9604805865211912,0.0,4.864645666549691,0.0,2.0794415416798357,0.0
2025-09-28 04:00:00,2.015815845799625,0.0,4.290459441148391,0.0,-5.3612921657094255,0.0,-0.8310703237654469,0.0,6.192362489474872,0.0,0.0,0.0,-5.777652323222656,0.0,5.777652323222656,0.0,-4.204692619390966,0.0,0.31287232128033926,0.0,-1.0917863235977099,0.0,-1.9604805865211912,0.0,4.864645666549691,0.0
2025-09-28 05:00:00,-2.4561276852379574,0.0,2.015815845799625,0.0,4.290459441148391,0.0,-5.3612921657094255,0.0,-0.8310703237654469,0.0,6.192362489474872,0.0,0.0,0.0,-5.777652323222656,0.0,5.777652323222656,0.0,-4.204692619390966,0.0,0.31287232128033926,0.0,-1.0917863235977099,0.0,-1.9604805865211912,0.0
2025-09-28 06:00:00,-3.8501476017100584,0.0,-2.4561276852379574,0.0,2.015815845799625,0.0,4.290459441148391,0.0,-5.3612921657094255,0.0,-0.8310703237654469,0.0,6.192362489474872,0.0,0.0,0.0,-5.777652323222656,0.0,5.777652323222656,0.0,-4.204692619390966,0.0,0.31287232128033926,0.0,-1.0917863235977099,0.0
2025-09-28 07:00:00,0.0,0.0,-3.8501476017100584,0.0,-2.4561276852379574,0.0,2.015815845799625,0.0,4.290459441148391,0.0,-5.3612921657094255,0.0,-0.8310703237654469,0.0,6.192362489474872,0.0,0.0,0.0,-5.777652323222656,0.0,5.777652323222656,0.0,-4.204692619390966,0.0,0.31287232128033926,0.0
2025-09-28 08:00:00,0.0,0.0,0.0,0.0,-3.8501476017100584,0.0,-2.4561276852379574,0.0,2.015815845799625,0.0,4.290459441148391,0.0,-5.3612921657094255,0.0,-0.8310703237654469,0.0,6.192362489474872,0.0,0.0,0.0,-5.777652323222656,0.0,5.777652323222656,0.0,-4.204692619390966,0.0
2025-09-28 09:00:00,0.0,0.0,0.0,0.0,0.0,0.0,-3.8501476017100584,0.0,-2.4561276852379574,0.0,2.015815845799625,0.0,4.290459441148391,0.0,-5.3612921657094255,0.0,-0.8310703237654469,0.0,6.192362489474872,0.0,0.0,0.0,-5.777652323222656,0.0,5.777652323222656,0.0
2025-09-28 10:00:00,0.0,0.0,0.0,0.0,0.0,0.0,0.0,0.0,-3.8501476017100584,0.0,-2.4561276852379574,0.0,2.015815845799625,0.0,4.290459441148391,0.0,-5.3612921657094255,0.0,-0.8310703237654469,0.0,6.192362489474872,0.0,0.0,0.0,-5.777652323222656,0.0
2025-09-28 11:00:00,0.0,0.0,0.0,0.0,0.0,0.0,0.0,0.0,0.0,0.0,-3.8501476017100584,0.0,-2.4561276852379574,0.0,2.015815845799625,0.0,4.290459441148391,0.0,-5.3612921657094255,0.0,-0.8310703237654469,0.0,6.192362489474872,0.0,0.0,0.0
2025-09-28 12:00:00,0.0,0.0,0.0,0.0,0.0,0.0,0.0,0.0,0.0,0.0,0.0,0.0,-3.8501476017100584,0.0,-2.4561276852379574,0.0,2.015815845799625,0.0,4.290459441148391,0.0,-5.3612921657094255,0.0,-0.8310703237654469,0.0,6.192362489474872,0.0
2025-09-28 13:00:00,0.6931471805599453,0.0,0.0,0.0,0.0,0.0,0.0,0.0,0.0,0.0,0.0,0.0,0.0,0.0,-3.8501476017100584,0.0,-2.4561276852379574,0.0,2.015815845799625,0.0,4.290459441148391,0.0,-5.3612921657094255,0.0,-0.8310703237654469,0.0
2025-09-28 14:00:00,4.51085950651685,0.0,0.6931471805599453,0.0,0.0,0.0,0.0,0.0,0.0,0.0,0.0,0.0,0.0,0.0,0.0,0.0,-3.8501476017100584,0.0,-2.4561276852379574,0.0,2.015815845799625,0.0,4.290459441148391,0.0,-5.3612921657094255,0.0
2025-09-28 15:00:00,2.635124961197538,0.0,4.51085950651685,0.0,0.6931471805599453,0.0,0.0,0.0,0.0,0.0,0.0,0.0,0.0,0.0,0.0,0.0,0.0,0.0,-3.8501476017100584,0.0,-2.4561276852379574,0.0,2.015815845799625,0.0,4.290459441148391,0.0
2025-09-28 16:00:00,0.13367913584707125,0.0,2.635124961197538,0.0,4.51085950651685,0.0,0.6931471805599453,0.0,0.0,0.0,0.0,0.0,0.0,0.0,0.0,0.0,0.0,0.0,0.0,0.0,-3.8501476017100584,0.0,-2.4561276852379574,0.0,2.015815845799625,0.0
2025-09-28 17:00:00,-1.2807270416147762,0.0,0.13367913584707125,0.0,2.635124961197538,0.0,4.51085950651685,0.0,0.6931471805599453,0.0,0.0,0.0,0.0,0.0,0.0,0.0,0.0,0.0,0.0,0.0,0.0,0.0,-3.8501476017100584,0.0,-2.4561276852379574,0.0
2025-09-28 18:00:00,5.609571772917275,0.0,-1.2807270416147762,0.0,0.13367913584707125,0.0,2.635124961197538,0.0,4.51085950651685,0.0,0.6931471805599453,0.0,0.0,0.0,0.0,0.0,0.0,0.0,0.0,0.0,0.0,0.0,0.0,0.0,-3.8501476017100584,0.0
2025-09-28 19:00:00,-1.1544024936195552,0.0,5.609571772917275,0.0,-1.2807270416147762,0.0,0.13367913584707125,0.0,2.635124961197538,0.0,4.51085950651685,0.0,0.6931471805599453,0.0,0.0,0.0,0.0,0.0,0.0,0.0,0.0,0.0,0.0,0.0,0.0,0.0
2025-09-28 20:00:00,-1.3454660240945593,0.0,-1.1544024936195552,0.0,5.609571772917275,0.0,-1.2807270416147762,0.0,0.13367913584707125,0.0,2.635124961197538,0.0,4.51085950651685,0.0,0.6931471805599453,0.0,0.0,0.0,0.0,0.0,0.0,0.0,0.0,0.0,0.0,0.0
2025-09-28 21:00:00,0.5426936689936497,0.0,-1.3454660240945593,0.0,-1.1544024936195552,0.0,5.609571772917275,0.0,-1.2807270416147762,0.0,0.13367913584707125,0.0,2.635124961197538,0.0,4.51085950651685,0.0,0.6931471805599453,0.0,0.0,0.0,0.0,0.0,0.0,0.0,0.0,0.0
2025-09-28 22:00:00,-1.8754278506151358,0.0,0.5426936689936497,0.0,-1.3454660240945593,0.0,-1.1544024936195552,0.0,5.609571772917275,0.0,-1.2807270416147762,0.0,0.13367913584707125,0.0,2.635124961197538,0.0,4.51085950651685,0.0,0.6931471805599453,0.0,0.0,0.0,0.0,0.0,0.0,0.0
2025-09-28 23:00:00,2.2976621873793714,0.0,-1.8754278506151358,0.0,0.5426936689936497,0.0,-1.3454660240945593,0.0,-1.1544024936195552,0.0,5.609571772917275,0.0,-1.2807270416147762,0.0,0.13367913584707125,0.0,2.635124961197538,0.0,4.51085950651685,0.0,0.6931471805599453,0.0,0.0,0.0,0.0,0.0
2025-09-29 00:00:00,-2.8183297183557743,0.0,2.2976621873793714,0.0,-1.8754278506151358,0.0,0.5426936689936497,0.0,-1.3454660240945593,0.0,-1.1544024936195552,0.0,5.609571772917275,0.0,-1.2807270416147762,0.0,0.13367913584707125,0.0,2.635124961197538,0.0,4.51085950651685,0.0,0.6931471805599453,0.0,0.0,0.0
2025-09-29 01:00:00,-1.5784843022836723,0.0,-2.8183297183557743,0.0,2.2976621873793714,0.0,-1.8754278506151358,0.0,0.5426936689936497,0.0,-1.3454660240945593,0.0,-1.1544024936195552,0.0,5.609571772917275,0.0,-1.2807270416147762,0.0,0.13367913584707125,0.0,2.635124961197538,0.0,4.51085950651685,0.0,0.6931471805599453,0.0
2025-09-29 02:00:00,2.8435345940552583,0.0,-1.5784843022836723,0.0,-2.8183297183557743,0.0,2.2976621873793714,0.0,-1.8754278506151358,0.0,0.5426936689936497,0.0,-1.3454660240945593,0.0,-1.1544024936195552,0.0,5.609571772917275,0.0,-1.2807270416147762,0.0,0.13367913584707125,0.0,2.635124961197538,0.0,4.51085950651685,0.0
2025-09-29 03:00:00,-0.8206724638454244,0.0,2.8435345940552583,0.0,-1.5784843022836723,0.0,-2.8183297183557743,0.0,2.2976621873793714,0.0,-1.8754278506151358,0.0,0.5426936689936497,0.0,-1.3454660240945593,0.0,-1.1544024936195552,0.0,5.609571772917275,0.0,-1.2807270416147762,0.0,0.13367913584707125,0.0,2.635124961197538,0.0
2025-09-29 04:00:00,0.6043840384770807,0.0,-0.8206724638454244,0.0,2.8435345940552583,0.0,-1.5784843022836723,0.0,-2.8183297183557743,0.0,2.2976621873793714,0.0,-1.8754278506151358,0.0,0.5426936689936497,0.0,-1.3454660240945593,0.0,-1.1544024936195552,0.0,5.609571772917275,0.0,-1.2807270416147762,0.0,0.13367913584707125,0.0
2025-09-29 05:00:00,-0.688455234676244,0.0,0.6043840384770807,0.0,-0.8206724638454244,0.0,2.8435345940552583,0.0,-1.5784843022836723,0.0,-2.8183297183557743,0.0,2.2976621873793714,0.0,-1.8754278506151358,0.0,0.5426936689936497,0.0,-1.3454660240945593,0.0,-1.1544024936195552,0.0,5.609571772917275,0.0,-1.2807270416147762,0.0
2025-09-29 06:00:00,2.030886937347155,0.0,-0.688455234676244,0.0,0.6043840384770807,0.0,-0.8206724638454244,0.0,2.8435345940552583,0.0,-1.5784843022836723,0.0,-2.8183297183557743,0.0,2.2976621873793714,0.0,-1.8754278506151358,0.0,0.5426936689936497,0.0,-1.3454660240945593,0.0,-1.1544024936195552,0.0,5.609571772917275,0.0
2025-09-29 07:00:00,-10.339578854186053,0.0,2.030886937347155,0.0,-0.688455234676244,0.0,0.6043840384770807,0.0,-0.8206724638454244,0.0,2.8435345940552583,0.0,-1.5784843022836723,0.0,-2.8183297183557743,0.0,2.2976621873793714,0.0,-1.8754278506151358,0.0,0.5426936689936497,0.0,-1.3454660240945593,0.0,-1.1544024936195552,0.0
2025-09-29 08:00:00,0.0,0.0,-10.339578854186053,0.0,2.030886937347155,0.0,-0.688455234676244,0.0,0.6043840384770807,0.0,-0.8206724638454244,0.0,2.8435345940552583,0.0,-1.5784843022836723,0.0,-2.8183297183557743,0.0,2.2976621873793714,0.0,-1.8754278506151358,0.0,0.5426936689936497,0.0,-1.3454660240945593,0.0
2025-09-29 09:00:00,0.0,0.0,0.0,0.0,-10.339578854186053,0.0,2.030886937347155,0.0,-0.688455234676244,0.0,0.6043840384770807,0.0,-0.8206724638454244,0.0,2.8435345940552583,0.0,-1.5784843022836723,0.0,-2.8183297183557743,0.0,2.2976621873793714,0.0,-1.8754278506151358,0.0,0.5426936689936497,0.0
2025-09-29 10:00:00,8.01102337918644,0.0,0.0,0.0,0.0,0.0,-10.339578854186053,0.0,2.030886937347155,0.0,-0.688455234676244,0.0,0.6043840384770807,0.0,-0.8206724638454244,0.0,2.8435345940552583,0.0,-1.5784843022836723,0.0,-2.8183297183557743,0.0,2.2976621873793714,0.0,-1.8754278506151358,0.0
2025-09-29 11:00:00,-0.49350252858340937,0.0,8.01102337918644,0.0,0.0,0.0,0.0,0.0,-10.339578854186053,0.0,2.030886937347155,0.0,-0.688455234676244,0.0,0.6043840384770807,0.0,-0.8206724638454244,0.0,2.8435345940552583,0.0,-1.5784843022836723,0.0,-2.8183297183557743,0.0,2.2976621873793714,0.0
2025-09-29 12:00:00,-0.7308038999979498,0.0,-0.49350252858340937,0.0,8.01102337918644,0.0,0.0,0.0,0.0,0.0,-10.339578854186053,0.0,2.030886937347155,0.0,-0.688455234676244,0.0,0.6043840384770807,0.0,-0.8206724638454244,0.0,2.8435345940552583,0.0,-1.5784843022836723,0.0,-2.8183297183557743,0.0
2025-09-29 13:00:00,0.36084232058437316,0.0,-0.7308038999979498,0.0,-0.49350252858340937,0.0,8.01102337918644,0.0,0.0,0.0,0.0,0.0,-10.339578854186053,0.0,2.030886937347155,0.0,-0.688455234676244,0.0,0.6043840384770807,0.0,-0.8206724638454244,0.0,2.8435345940552583,0.0,-1.5784843022836723,0.0
2025-09-29 14:00:00,2.2124933740150556,0.0,0.36084232058437316,0.0,-0.7308038999979498,0.0,-0.49350252858340937,0.0,8.01102337918644,0.0,0.0,0.0,0.0,0.0,-10.339578854186053,0.0,2.030886937347155,0.0,-0.688455234676244,0.0,0.6043840384770807,0.0,-0.8206724638454244,0.0,2.8435345940552583,0.0
2025-09-29 15:00:00,-1.1825368213584344,0.0,2.2124933740150556,0.0,0.36084232058437316,0.0,-0.7308038999979498,0.0,-0.49350252858340937,0.0,8.01102337918644,0.0,0.0,0.0,0.0,0.0,-10.339578854186053,0.0,2.030886937347155,0.0,-0.688455234676244,0.0,0.6043840384770807,0.0,-0.8206724638454244,0.0
2025-09-29 16:00:00,0.607564812693763,0.0,-1.1825368213584344,0.0,2.2124933740150556,0.0,0.36084232058437316,0.0,-0.7308038999979498,0.0,-0.49350252858340937,0.0,8.01102337918644,0.0,0.0,0.0,0.0,0.0,-10.339578854186053,0.0,2.030886937347155,0.0,-0.688455234676244,0.0,0.6043840384770807,0.0
2025-09-29 17:00:00,0.29446744518632073,0.0,0.607564812693763,0.0,-1.1825368213584344,0.0,2.2124933740150556,0.0,0.36084232058437316,0.0,-0.7308038999979498,0.0,-0.49350252858340937,0.0,8.01102337918644,0.0,0.0,0.0,0.0,0.0,-10.339578854186053,0.0,2.030886937347155,0.0,-0.688455234676244,0.0
2025-09-29 18:00:00,0.6014831832758958,0.0,0.29446744518632073,0.0,0.607564812693763,0.0,-1.1825368213584344,0.0,2.2124933740150556,0.0,0.36084232058437316,0.0,-0.7308038999979498,0.0,-0.49350252858340937,0.0,8.01102337918644,0.0,0.0,0.0,0.0,0.0,-10.339578854186053,0.0,2.030886937347155,0.0
2025-09-29 19:00:00,-1.3703703590948297,0.0,0.6014831832758958,0.0,0.29446744518632073,0.0,0.607564812693763,0.0,-1.1825368213584344,0.0,2.2124933740150556,0.0,0.36084232058437316,0.0,-0.7308038999979498,0.0,-0.49350252858340937,0.0,8.01102337918644,0.0,0.0,0.0,0.0,0.0,-10.339578854186053,0.0
2025-09-29 20:00:00,-4.151777822547554,0.0,-1.3703703590948297,0.0,0.6014831832758958,0.0,0.29446744518632073,0.0,0.607564812693763,0.0,-1.1825368213584344,0.0,2.2124933740150556,0.0,0.36084232058437316,0.0,-0.7308038999979498,0.0,-0.49350252858340937,0.0,8.01102337918644,0.0,0.0,0.0,0.0,0.0
2025-09-29 21:00:00,3.615552426943286,0.0,-4.151777822547554,0.0,-1.3703703590948297,0.0,0.6014831832758958,0.0,0.29446744518632073,0.0,0.607564812693763,0.0,-1.1825368213584344,0.0,2.2124933740150556,0.0,0.36084232058437316,0.0,-0.7308038999979498,0.0,-0.49350252858340937,0.0,8.01102337918644,0.0,0.0,0.0
2025-09-29 22:00:00,2.7204709912857616,0.0,3.615552426943286,0.0,-4.151777822547554,0.0,-1.3703703590948297,0.0,0.6014831832758958,0.0,0.29446744518632073,0.0,0.607564812693763,0.0,-1.1825368213584344,0.0,2.2124933740150556,0.0,0.36084232058437316,0.0,-0.7308038999979498,0.0,-0.49350252858340937,0.0,8.01102337918644,0.0
2025-09-29 23:00:00,-1.6127924573798982,0.0,2.7204709912857616,0.0,3.615552426943286,0.0,-4.151777822547554,0.0,-1.3703703590948297,0.0,0.6014831832758958,0.0,0.29446744518632073,0.0,0.607564812693763,0.0,-1.1825368213584344,0.0,2.2124933740150556,0.0,0.36084232058437316,0.0,-0.7308038999979498,0.0,-0.49350252858340937,0.0
2025-09-30 00:00:00,-4.754979659163729,0.0,-1.6127924573798982,0.0,2.7204709912857616,0.0,3.615552426943286,0.0,-4.151777822547554,0.0,-1.3703703590948297,0.0,0.6014831832758958,0.0,0.29446744518632073,0.0,0.607564812693763,0.0,-1.1825368213584344,0.0,2.2124933740150556,0.0,0.36084232058437316,0.0,-0.7308038999979498,0.0
2025-09-30 01:00:00,3.0259172498923883,0.0,-4.754979659163729,0.0,-1.6127924573798982,0.0,2.7204709912857616,0.0,3.615552426943286,0.0,-4.151777822547554,0.0,-1.3703703590948297,0.0,0.6014831832758958,0.0,0.29446744518632073,0.0,0.607564812693763,0.0,-1.1825368213584344,0.0,2.2124933740150556,0.0,0.36084232058437316,0.0
2025-09-30 02:00:00,0.4498488272672754,0.0,3.0259172498923883,0.0,-4.754979659163729,0.0,-1.6127924573798982,0.0,2.7204709912857616,0.0,3.615552426943286,0.0,-4.151777822547554,0.0,-1.3703703590948297,0.0,0.6014831832758958,0.0,0.29446744518632073,0.0,0.607564812693763,0.0,-1.1825368213584344,0.0,2.2124933740150556,0.0
2025-09-30 03:00:00,-0.7062061305820428,0.0,0.4498488272672754,0.0,3.0259172498923883,0.0,-4.754979659163729,0.0,-1.6127924573798982,0.0,2.7204709912857616,0.0,3.615552426943286,0.0,-4.151777822547554,0.0,-1.3703703590948297,0.0,0.6014831832758958,0.0,0.29446744518632073,0.0,0.607564812693763,0.0,-1.1825368213584344,0.0
2025-09-30 04:00:00,1.9623849862588179,0.0,-0.7062061305820428,0.0,0.4498488272672754,0.0,3.0259172498923883,0.0,-4.754979659163729,0.0,-1.6127924573798982,0.0,2.7204709912857616,0.0,3.615552426943286,0.0,-4.151777822547554,0.0,-1.3703703590948297,0.0,0.6014831832758958,0.0,0.29446744518632073,0.0,0.607564812693763,0.0
2025-09-30 05:00:00,-2.5937781051438202,0.0,1.9623849862588179,0.0,-0.7062061305820428,0.0,0.4498488272672754,0.0,3.0259172498923883,0.0,-4.754979659163729,0.0,-1.6127924573798982,0.0,2.7204709912857616,0.0,3.615552426943286,0.0,-4.151777822547554,0.0,-1.3703703590948297,0.0,0.6014831832758958,0.0,0.29446744518632073,0.0
2025-09-30 06:00:00,-1.0235541976780675,0.0,-2.5937781051438202,0.0,1.9623849862588179,0.0,-0.7062061305820428,0.0,0.4498488272672754,0.0,3.0259172498923883,0.0,-4.754979659163729,0.0,-1.6127924573798982,0.0,2.7204709912857616,0.0,3.615552426943286,0.0,-4.151777822547554,0.0,-1.3703703590948297,0.0,0.6014831832758958,0.0
2025-09-30 07:00:00,1.7052289770757758,0.0,-1.0235541976780675,0.0,-2.5937781051438202,0.0,1.9623849862588179,0.0,-0.7062061305820428,0.0,0.4498488272672754,0.0,3.0259172498923883,0.0,-4.754979659163729,0.0,-1.6127924573798982,0.0,2.7204709912857616,0.0,3.615552426943286,0.0,-4.151777822547554,0.0,-1.3703703590948297,0.0
2025-09-30 08:00:00,-6.946975992135418,0.0,1.7052289770757758,0.0,-1.0235541976780675,0.0,-2.5937781051438202,0.0,1.9623849862588179,0.0,-0.7062061305820428,0.0,0.4498488272672754,0.0,3.0259172498923883,0.0,-4.754979659163729,0.0,-1.6127924573798982,0.0,2.7204709912857616,0.0,3.615552426943286,0.0,-4.151777822547554,0.0
2025-09-30 09:00:00,6.434546518787453,0.0,-6.946975992135418,0.0,1.7052289770757758,0.0,-1.0235541976780675,0.0,-2.5937781051438202,0.0,1.9623849862588179,0.0,-0.7062061305820428,0.0,0.4498488272672754,0.0,3.0259172498923883,0.0,-4.754979659163729,0.0,-1.6127924573798982,0.0,2.7204709912857616,0.0,3.615552426943286,0.0
2025-09-30 10:00:00,-6.434546518787453,0.0,6.434546518787453,0.0,-6.946975992135418,0.0,1.7052289770757758,0.0,-1.0235541976780675,0.0,-2.5937781051438202,0.0,1.9623849862588179,0.0,-0.7062061305820428,0.0,0.4498488272672754,0.0,3.0259172498923883,0.0,-4.754979659163729,0.0,-1.6127924573798982,0.0,2.7204709912857616,0.0
2025-09-30 11:00:00,6.721425700790643,0.0,-6.434546518787453,0.0,6.434546518787453,0.0,-6.946975992135418,0.0,1.7052289770757758,0.0,-1.0235541976780675,0.0,-2.5937781051438202,0.0,1.9623849862588179,0.0,-0.7062061305820428,0.0,0.4498488272672754,0.0,3.0259172498923883,0.0,-4.754979659163729,0.0,-1.6127924573798982,0.0
2025-09-30 12:00:00,0.20416949631982462,0.0,6.721425700790643,0.0,-6.434546518787453,0.0,6.434546518787453,0.0,-6.946975992135418,0.0,1.7052289770757758,0.0,-1.0235541976780675,0.0,-2.5937781051438202,0.0,1.9623849862588179,0.0,-0.7062061305820428,0.0,0.4498488272672754,0.0,3.0259172498923883,0.0,-4.754979659163729,0.0
2025-09-30 13:00:00,0.5027379970803381,0.0,0.20416949631982462,0.0,6.721425700790643,0.0,-6.434546518787453,0.0,6.434546518787453,0.0,-6.946975992135418,0.0,1.7052289770757758,0.0,-1.0235541976780675,0.0,-2.5937781051438202,0.0,1.9623849862588179,0.0,-0.7062061305820428,0.0,0.4498488272672754,0.0,3.0259172498923883,0.0
2025-09-30 14:00:00,3.052385509307925,0.0,0.5027379970803381,0.0,0.20416949631982462,0.0,6.721425700790643,0.0,-6.434546518787453,0.0,6.434546518787453,0.0,-6.946975992135418,0.0,1.7052289770757758,0.0,-1.0235541976780675,0.0,-2.5937781051438202,0.0,1.9623849862588179,0.0,-0.7062061305820428,0.0,0.4498488272672754,0.0
2025-09-30 15:00:00,-4.119416225925735,0.0,3.052385509307925,0.0,0.5027379970803381,0.0,0.20416949631982462,0.0,6.721425700790643,0.0,-6.434546518787453,0.0,6.434546518787453,0.0,-6.946975992135418,0.0,1.7052289770757758,0.0,-1.0235541976780675,0.0,-2.5937781051438202,0.0,1.9623849862588179,0.0,-0.7062061305820428,0.0
2025-09-30 16:00:00,0.5494483103889403,0.0,-4.119416225925735,0.0,3.052385509307925,0.0,0.5027379970803381,0.0,0.20416949631982462,0.0,6.721425700790643,0.0,-6.434546518787453,0.0,6.434546518787453,0.0,-6.946975992135418,0.0,1.7052289770757758,0.0,-1.0235541976780675,0.0,-2.5937781051438202,0.0,1.9623849862588179,0.0
2025-09-30 17:00:00,-0.5774711598222453,0.0,0.5494483103889403,0.0,-4.119416225925735,0.0,3.052385509307925,0.0,0.5027379970803381,0.0,0.20416949631982462,0.0,6.721425700790643,0.0,-6.434546518787453,0.0,6.434546518787453,0.0,-6.946975992135418,0.0,1.7052289770757758,0.0,-1.0235541976780675,0.0,-2.5937781051438202,0.0
2025-09-30 18:00:00,0.378460766916489,0.0,-0.5774711598222453,0.0,0.5494483103889403,0.0,-4.119416225925735,0.0,3.052385509307925,0.0,0.5027379970803381,0.0,0.20416949631982462,0.0,6.721425700790643,0.0,-6.434546518787453,0.0,6.434546518787453,0.0,-6.946975992135418,0.0,1.7052289770757758,0.0,-1.0235541976780675,0.0
2025-09-30 19:00:00,0.7596226931309173,0.0,0.378460766916489,0.0,-0.5774711598222453,0.0,0.5494483103889403,0.0,-4.119416225925735,0.0,3.052385509307925,0.0,0.5027379970803381,0.0,0.20416949631982462,0.0,6.721425700790643,0.0,-6.434546518787453,0.0,6.434546518787453,0.0,-6.946975992135418,0.0,1.7052289770757758,0.0
2025-09-30 20:00:00,-1.5578600825488271,0.0,0.7596226931309173,0.0,0.378460766916489,0.0,-0.5774711598222453,0.0,0.5494483103889403,0.0,-4.119416225925735,0.0,3.052385509307925,0.0,0.5027379970803381,0.0,0.20416949631982462,0.0,6.721425700790643,0.0,-6.434546518787453,0.0,6.434546518787453,0.0,-6.946975992135418,0.0
2025-09-30 21:00:00,2.3418058061473266,0.0,-1.5578600825488271,0.0,0.7596226931309173,0.0,0.378460766916489,0.0,-0.5774711598222453,0.0,0.5494483103889403,0.0,-4.119416225925735,0.0,3.052385509307925,0.0,0.5027379970803381,0.0,0.20416949631982462,0.0,6.721425700790643,0.0,-6.434546518787453,0.0,6.434546518787453,0.0
2025-09-30 22:00:00,-1.8567138772503888,0.0,2.3418058061473266,0.0,-1.5578600825488271,0.0,0.7596226931309173,0.0,0.378460766916489,0.0,-0.5774711598222453,0.0,0.5494483103889403,0.0,-4.119416225925735,0.0,3.052385509307925,0.0,0.5027379970803381,0.0,0.20416949631982462,0.0,6.721425700790643,0.0,-6.434546518787453,0.0
2025-09-30 23:00:00,2.140164034795591,0.0,-1.8567138772503888,0.0,2.3418058061473266,0.0,-1.5578600825488271,0.0,0.7596226931309173,0.0,0.378460766916489,0.0,-0.5774711598222453,0.0,0.5494483103889403,0.0,-4.119416225925735,0.0,3.052385509307925,0.0,0.5027379970803381,0.0,0.20416949631982462,0.0,6.721425700790643,0.0
2025-10-01 00:00:00,-0.6373816155381826,0.0,2.140164034795591,0.0,-1.8567138772503888,0.0,2.3418058061473266,0.0,-1.5578600825488271,0.0,0.7596226931309173,0.0,0.378460766916489,0.0,-0.5774711598222453,0.0,0.5494483103889403,0.0,-4.119416225925735,0.0,3.052385509307925,0.0,0.5027379970803381,0.0,0.20416949631982462,0.0
2025-10-01 01:00:00,-0.7343394768803959,0.0,-0.6373816155381826,0.0,2.140164034795591,0.0,-1.8567138772503888,0.0,2.3418058061473266,0.0,-1.5578600825488271,0.0,0.7596226931309173,0.0,0.378460766916489,0.0,-0.5774711598222453,0.0,0.5494483103889403,0.0,-4.119416225925735,0.0,3.052385509307925,0.0,0.5027379970803381,0.0
2025-10-01 02:00:00,-0.4312578626698933,0.0,-0.7343394768803959,0.0,-0.6373816155381826,0.0,2.140164034795591,0.0,-1.8567138772503888,0.0,2.3418058061473266,0.0,-1.5578600825488271,0.0,0.7596226931309173,0.0,0.378460766916489,0.0,-0.5774711598222453,0.0,0.5494483103889403,0.0,-4.119416225925735,0.0,3.052385509307925,0.0
2025-10-01 03:00:00,1.157045512008791,0.0,-0.4312578626698933,0.0,-0.7343394768803959,0.0,-0.6373816155381826,0.0,2.140164034795591,0.0,-1.8567138772503888,0.0,2.3418058061473266,0.0,-1.5578600825488271,0.0,0.7596226931309173,0.0,0.378460766916489,0.0,-0.5774711598222453,0.0,0.5494483103889403,0.0,-4.119416225925735,0.0
2025-10-01 04:00:00,-0.6190392084062228,0.0,1.157045512008791,0.0,-0.4312578626698933,0.0,-0.7343394768803959,0.0,-0.6373816155381826,0.0,2.140164034795591,0.0,-1.8567138772503888,0.0,2.3418058061473266,0.0,-1.5578600825488271,0.0,0.7596226931309173,0.0,0.378460766916489,0.0,-0.5774711598222453,0.0,0.5494483103889403,0.0
2025-10-01 05:00:00,-0.478080542671381,0.0,-0.6190392084062228,0.0,1.157045512008791,0.0,-0.4312578626698933,0.0,-0.7343394768803959,0.0,-0.6373816155381826,0.0,2.140164034795591,0.0,-1.8567138772503888,0.0,2.3418058061473266,0.0,-1.5578600825488271,0.0,0.7596226931309173,0.0,0.378460766916489,0.0,-0.5774711598222453,0.0
2025-10-01 06:00:00,1.5149551307337115,0.0,-0.478080542671381,0.0,-0.6190392084062228,0.0,1.157045512008791,0.0,-0.4312578626698933,0.0,-0.7343394768803959,0.0,-0.6373816155381826,0.0,2.140164034795591,0.0,-1.8567138772503888,0.0,2.3418058061473266,0.0,-1.5578600825488271,0.0,0.7596226931309173,0.0,0.378460766916489,0.0
2025-10-01 07:00:00,-3.5315374127956956,0.0,1.5149551307337115,0.0,-0.478080542671381,0.0,-0.6190392084062228,0.0,1.157045512008791,0.0,-0.4312578626698933,0.0,-0.7343394768803959,0.0,-0.6373816155381826,0.0,2.140164034795591,0.0,-1.8567138772503888,0.0,2.3418058061473266,0.0,-1.5578600825488271,0.0,0.7596226931309173,0.0
2025-10-01 08:00:00,1.9228368728910104,0.0,-3.5315374127956956,0.0,1.5149551307337115,0.0,-0.478080542671381,0.0,-0.6190392084062228,0.0,1.157045512008791,0.0,-0.4312578626698933,0.0,-0.7343394768803959,0.0,-0.6373816155381826,0.0,2.140164034795591,0.0,-1.8567138772503888,0.0,2.3418058061473266,0.0,-1.5578600825488271,0.0
2025-10-01 09:00:00,-6.70196036600254,0.0,1.9228368728910104,0.0,-3.5315374127956956,0.0,1.5149551307337115,0.0,-0.478080542671381,0.0,-0.6190392084062228,0.0,1.157045512008791,0.0,-0.4312578626698933,0.0,-0.7343394768803959,0.0,-0.6373816155381826,0.0,2.140164034795591,0.0,-1.8567138772503888,0.0,2.3418058061473266,0.0
2025-10-01 10:00:00,0.0,0.0,-6.70196036600254,0.0,1.9228368728910104,0.0,-3.5315374127956956,0.0,1.5149551307337115,0.0,-0.478080542671381,0.0,-0.6190392084062228,0.0,1.157045512008791,0.0,-0.4312578626698933,0.0,-0.7343394768803959,0.0,-0.6373816155381826,0.0,2.140164034795591,0.0,-1.8567138772503888,0.0
2025-10-01 11:00:00,6.893656354602635,0.0,0.0,0.0,-6.70196036600254,0.0,1.9228368728910104,0.0,-3.5315374127956956,0.0,1.5149551307337115,0.0,-0.478080542671381,0.0,-0.6190392084062228,0.0,1.157045512008791,0.0,-0.4312578626698933,0.0,-0.7343394768803959,0.0,-0.6373816155381826,0.0,2.140164034795591,0.0
2025-10-01 12:00:00,-2.833213344056216,0.0,6.893656354602635,0.0,0.0,0.0,-6.70196036600254,0.0,1.9228368728910104,0.0,-3.5315374127956956,0.0,1.5149551307337115,0.0,-0.478080542671381,0.0,-0.6190392084062228,0.0,1.157045512008791,0.0,-0.4312578626698933,0.0,-0.7343394768803959,0.0,-0.6373816155381826,0.0
2025-10-01 13:00:00,4.487861175894872,0.0,-2.833213344056216,0.0,6.893656354602635,0.0,0.0,0.0,-6.70196036600254,0.0,1.9228368728910104,0.0,-3.5315374127956956,0.0,1.5149551307337115,0.0,-0.478080542671381,0.0,-0.6190392084062228,0.0,1.157045512008791,0.0,-0.4312578626698933,0.0,-0.7343394768803959,0.0
2025-10-01 14:00:00,-3.6356493007052384,0.0,4.487861175894872,0.0,-2.833213344056216,0.0,6.893656354602635,0.0,0.0,0.0,-6.70196036600254,0.0,1.9228368728910104,0.0,-3.5315374127956956,0.0,1.5149551307337115,0.0,-0.478080542671381,0.0,-0.6190392084062228,0.0,1.157045512008791,0.0,-0.4312578626698933,0.0
2025-10-01 15:00:00,2.983525722879439,0.0,-3.6356493007052384,0.0,4.487861175894872,0.0,-2.833213344056216,0.0,6.893656354602635,0.0,0.0,0.0,-6.70196036600254,0.0,1.9228368728910104,0.0,-3.5315374127956956,0.0,1.5149551307337115,0.0,-0.478080542671381,0.0,-0.6190392084062228,0.0,1.157045512008791,0.0
2025-10-01 16:00:00,-2.015647622214791,0.0,2.983525722879439,0.0,-3.6356493007052384,0.0,4.487861175894872,0.0,-2.833213344056216,0.0,6.893656354602635,0.0,0.0,0.0,-6.70196036600254,0.0,1.9228368728910104,0.0,-3.5315374127956956,0.0,1.5149551307337115,0.0,-0.478080542671381,0.0,-0.6190392084062228,0.0
2025-10-01 17:00:00,1.2112091286944526,0.0,-2.015647622214791,0.0,2.983525722879439,0.0,-3.6356493007052384,0.0,4.487861175894872,0.0,-2.833213344056216,0.0,6.893656354602635,0.0,0.0,0.0,-6.70196036600254,0.0,1.9228368728910104,0.0,-3.5315374127956956,0.0,1.5149551307337115,0.0,-0.478080542671381,0.0
2025-10-01 18:00:00,-0.03815638790147613,0.0,1.2112091286944526,0.0,-2.015647622214791,0.0,2.983525722879439,0.0,-3.6356493007052384,0.0,4.487861175894872,0.0,-2.833213344056216,0.0,6.893656354602635,0.0,0.0,0.0,-6.70196036600254,0.0,1.9228368728910104,0.0,-3.5315374127956956,0.0,1.5149551307337115,0.0
2025-10-01 19:00:00,-2.8639309851672516,0.0,-0.03815638790147613,0.0,1.2112091286944526,0.0,-2.015647622214791,0.0,2.983525722879439,0.0,-3.6356493007052384,0.0,4.487861175894872,0.0,-2.833213344056216,0.0,6.893656354602635,0.0,0.0,0.0,-6.70196036600254,0.0,1.9228368728910104,0.0,-3.5315374127956956,0.0
2025-10-01 20:00:00,1.8386237782042727,0.0,-2.8639309851672516,0.0,-0.03815638790147613,0.0,1.2112091286944526,0.0,-2.015647622214791,0.0,2.983525722879439,0.0,-3.6356493007052384,0.0,4.487861175894872,0.0,-2.833213344056216,0.0,6.893656354602635,0.0,0.0,0.0,-6.70196036600254,0.0,1.9228368728910104,0.0
2025-10-01 21:00:00,1.8245492920510467,0.0,1.8386237782042727,0.0,-2.8639309851672516,0.0,-0.03815638790147613,0.0,1.2112091286944526,0.0,-2.015647622214791,0.0,2.983525722879439,0.0,-3.6356493007052384,0.0,4.487861175894872,0.0,-2.833213344056216,0.0,6.893656354602635,0.0,0.0,0.0,-6.70196036600254,0.0
2025-10-01 22:00:00,-7.8528278122817445,0.0,1.8245492920510467,0.0,1.8386237782042727,0.0,-2.8639309851672516,0.0,-0.03815638790147613,0.0,1.2112091286944526,0.0,-2.015647622214791,0.0,2.983525722879439,0.0,-3.6356493007052384,0.0,4.487861175894872,0.0,-2.833213344056216,0.0,6.893656354602635,0.0,0.0,0.0
2025-10-01 23:00:00,5.062595033026967,0.0,-7.8528278122817445,0.0,1.8245492920510467,0.0,1.8386237782042727,0.0,-2.8639309851672516,0.0,-0.03815638790147613,0.0,1.2112091286944526,0.0,-2.015647622214791,0.0,2.983525722879439,0.0,-3.6356493007052384,0.0,4.487861175894872,0.0,-2.833213344056216,0.0,6.893656354602635,0.0
2025-10-02 00:00:00,0.5505330733611036,0.0,5.062595033026967,0.0,-7.8528278122817445,0.0,1.8245492920510467,0.0,1.8386237782042727,0.0,-2.8639309851672516,0.0,-0.03815638790147613,0.0,1.2112091286944526,0.0,-2.015647622214791,0.0,2.983525722879439,0.0,-3.6356493007052384,0.0,4.487861175894872,0.0,-2.833213344056216,0.0
2025-10-02 01:00:00,1.4007873684224572,0.0,0.5505330733611036,0.0,5.062595033026967,0.0,-7.8528278122817445,0.0,1.8245492920510467,0.0,1.8386237782042727,0.0,-2.8639309851672516,0.0,-0.03815638790147613,0.0,1.2112091286944526,0.0,-2.015647622214791,0.0,2.983525722879439,0.0,-3.6356493007052384,0.0,4.487861175894872,0.0
2025-10-02 02:00:00,-0.9135965227904634,0.0,1.4007873684224572,0.0,0.5505330733611036,0.0,5.062595033026967,0.0,-7.8528278122817445,0.0,1.8245492920510467,0.0,1.8386237782042727,0.0,-2.8639309851672516,0.0,-0.03815638790147613,0.0,1.2112091286944526,0.0,-2.015647622214791,0.0,2.983525722879439,0.0,-3.6356493007052384,0.0
2025-10-02 03:00:00,2.1379536726129658,0.0,-0.9135965227904634,0.0,1.4007873684224572,0.0,0.5505330733611036,0.0,5.062595033026967,0.0,-7.8528278122817445,0.0,1.8245492920510467,0.0,1.8386237782042727,0.0,-2.8639309851672516,0.0,-0.03815638790147613,0.0,1.2112091286944526,0.0,-2.015647622214791,0.0,2.983525722879439,0.0
2025-10-02 04:00:00,1.4840526988289895,0.0,2.1379536726129658,0.0,-0.9135965227904634,0.0,1.4007873684224572,0.0,0.5505330733611036,0.0,5.062595033026967,0.0,-7.8528278122817445,0.0,1.8245492920510467,0.0,1.8386237782042727,0.0,-2.8639309851672516,0.0,-0.03815638790147613,0.0,1.2112091286944526,0.0,-2.015647622214791,0.0
2025-10-02 05:00:00,-0.5567731342759714,0.0,1.4840526988289895,0.0,2.1379536726129658,0.0,-0.9135965227904634,0.0,1.4007873684224572,0.0,0.5505330733611036,0.0,5.062595033026967,0.0,-7.8528278122817445,0.0,1.8245492920510467,0.0,1.8386237782042727,0.0,-2.8639309851672516,0.0,-0.03815638790147613,0.0,1.2112091286944526,0.0
2025-10-02 06:00:00,-1.3617088856472757,0.0,-0.5567731342759714,0.0,1.4840526988289895,0.0,2.1379536726129658,0.0,-0.9135965227904634,0.0,1.4007873684224572,0.0,0.5505330733611036,0.0,5.062595033026967,0.0,-7.8528278122817445,0.0,1.8245492920510467,0.0,1.8386237782042727,0.0,-2.8639309851672516,0.0,-0.03815638790147613,0.0
2025-10-02 07:00:00,1.0087024666334647,0.0,-1.3617088856472757,0.0,-0.5567731342759714,0.0,1.4840526988289895,0.0,2.1379536726129658,0.0,-0.9135965227904634,0.0,1.4007873684224572,0.0,0.5505330733611036,0.0,5.062595033026967,0.0,-7.8528278122817445,0.0,1.8245492920510467,0.0,1.8386237782042727,0.0,-2.8639309851672516,0.0
2025-10-02 08:00:00,-8.812545770172237,0.0,1.0087024666334647,0.0,-1.3617088856472757,0.0,-0.5567731342759714,0.0,1.4840526988289895,0.0,2.1379536726129658,0.0,-0.9135965227904634,0.0,1.4007873684224572,0.0,0.5505330733611036,0.0,5.062595033026967,0.0,-7.8528278122817445,0.0,1.8245492920510467,0.0,1.8386237782042727,0.0
2025-10-02 09:00:00,0.0,0.0,-8.812545770172237,0.0,1.0087024666334647,0.0,-1.3617088856472757,0.0,-0.5567731342759714,0.0,1.4840526988289895,0.0,2.1379536726129658,0.0,-0.9135965227904634,0.0,1.4007873684224572,0.0,0.5505330733611036,0.0,5.062595033026967,0.0,-7.8528278122817445,0.0,1.8245492920510467,0.0
2025-10-02 10:00:00,8.747034264178168,0.0,0.0,0.0,-8.812545770172237,0.0,1.0087024666334647,0.0,-1.3617088856472757,0.0,-0.5567731342759714,0.0,1.4840526988289895,0.0,2.1379536726129658,0.0,-0.9135965227904634,0.0,1.4007873684224572,0.0,0.5505330733611036,0.0,5.062595033026967,0.0,-7.8528278122817445,0.0
2025-10-02 11:00:00,-0.9633936679569155,0.0,8.747034264178168,0.0,0.0,0.0,-8.812545770172237,0.0,1.0087024666334647,0.0,-1.3617088856472757,0.0,-0.5567731342759714,0.0,1.4840526988289895,0.0,2.1379536726129658,0.0,-0.9135965227904634,0.0,1.4007873684224572,0.0,0.5505330733611036,0.0,5.062595033026967,0.0
2025-10-02 12:00:00,1.0430940019996582,0.0,-0.9633936679569155,0.0,8.747034264178168,0.0,0.0,0.0,-8.812545770172237,0.0,1.0087024666334647,0.0,-1.3617088856472757,0.0,-0.5567731342759714,0.0,1.4840526988289895,0.0,2.1379536726129658,0.0,-0.9135965227904634,0.0,1.4007873684224572,0.0,0.5505330733611036,0.0
2025-10-02 13:00:00,-1.6070925580901756,0.0,1.0430940019996582,0.0,-0.9633936679569155,0.0,8.747034264178168,0.0,0.0,0.0,-8.812545770172237,0.0,1.0087024666334647,0.0,-1.3617088856472757,0.0,-0.5567731342759714,0.0,1.4840526988289895,0.0,2.1379536726129658,0.0,-0.9135965227904634,0.0,1.4007873684224572,0.0
2025-10-02 14:00:00,1.0367057327872802,0.0,-1.6070925580901756,0.0,1.0430940019996582,0.0,-0.9633936679569155,0.0,8.747034264178168,0.0,0.0,0.0,-8.812545770172237,0.0,1.0087024666334647,0.0,-1.3617088856472757,0.0,-0.5567731342759714,0.0,1.4840526988289895,0.0,2.1379536726129658,0.0,-0.9135965227904634,0.0
2025-10-02 15:00:00,-1.5361276177827206,0.0,1.0367057327872802,0.0,-1.6070925580901756,0.0,1.0430940019996582,0.0,-0.9633936679569155,0.0,8.747034264178168,0.0,0.0,0.0,-8.812545770172237,0.0,1.0087024666334647,0.0,-1.3617088856472757,0.0,-0.5567731342759714,0.0,1.4840526988289895,0.0,2.1379536726129658,0.0
2025-10-02 16:00:00,1.0239164724926955,0.0,-1.5361276177827206,0.0,1.0367057327872802,0.0,-1.6070925580901756,0.0,1.0430940019996582,0.0,-0.9633936679569155,0.0,8.747034264178168,0.0,0.0,0.0,-8.812545770172237,0.0,1.0087024666334647,0.0,-1.3617088856472757,0.0,-0.5567731342759714,0.0,1.4840526988289895,0.0
2025-10-02 17:00:00,-0.6277424835345258,0.0,1.0239164724926955,0.0,-1.5361276177827206,0.0,1.0367057327872802,0.0,-1.6070925580901756,0.0,1.0430940019996582,0.0,-0.9633936679569155,0.0,8.747034264178168,0.0,0.0,0.0,-8.812545770172237,0.0,1.0087024666334647,0.0,-1.3617088856472757,0.0,-0.5567731342759714,0.0
2025-10-02 18:00:00,-1.2556079206275994,0.0,-0.6277424835345258,0.0,1.0239164724926955,0.0,-1.5361276177827206,0.0,1.0367057327872802,0.0,-1.6070925580901756,0.0,1.0430940019996582,0.0,-0.9633936679569155,0.0,8.747034264178168,0.0,0.0,0.0,-8.812545770172237,0.0,1.0087024666334647,0.0,-1.3617088856472757,0.0
2025-10-02 19:00:00,1.133146751757324,0.0,-1.2556079206275994,0.0,-0.6277424835345258,0.0,1.0239164724926955,0.0,-1.5361276177827206,0.0,1.0367057327872802,0.0,-1.6070925580901756,0.0,1.0430940019996582,0.0,-0.9633936679569155,0.0,8.747034264178168,0.0,0.0,0.0,-8.812545770172237,0.0,1.0087024666334647,0.0
2025-10-02 20:00:00,-1.4066843168229397,0.0,1.133146751757324,0.0,-1.2556079206275994,0.0,-0.6277424835345258,0.0,1.0239164724926955,0.0,-1.5361276177827206,0.0,1.0367057327872802,0.0,-1.6070925580901756,0.0,1.0430940019996582,0.0,-0.9633936679569155,0.0,8.747034264178168,0.0,0.0,0.0,-8.812545770172237,0.0
2025-10-02 21:00:00,0.5374347324939555,0.0,-1.4066843168229397,0.0,1.133146751757324,0.0,-1.2556079206275994,0.0,-0.6277424835345258,0.0,1.0239164724926955,0.0,-1.5361276177827206,0.0,1.0367057327872802,0.0,-1.6070925580901756,0.0,1.0430940019996582,0.0,-0.9633936679569155,0.0,8.747034264178168,0.0,0.0,0.0
2025-10-02 22:00:00,1.7500557342776055,0.0,0.5374347324939555,0.0,-1.4066843168229397,0.0,1.133146751757324,0.0,-1.2556079206275994,0.0,-0.6277424835345258,0.0,1.0239164724926955,0.0,-1.5361276177827206,0.0,1.0367057327872802,0.0,-1.6070925580901756,0.0,1.0430940019996582,0.0,-0.9633936679569155,0.0,8.747034264178168,0.0
2025-10-02 23:00:00,-1.4612801680044534,0.0,1.7500557342776055,0.0,0.5374347324939555,0.0,-1.4066843168229397,0.0,1.133146751757324,0.0,-1.2556079206275994,0.0,-0.6277424835345258,0.0,1.0239164724926955,0.0,-1.5361276177827206,0.0,1.0367057327872802,0.0,-1.6070925580901756,0.0,1.0430940019996582,0.0,-0.9633936679569155,0.0
2025-10-03 00:00:00,1.8865727546122173,0.0,-1.4612801680044534,0.0,1.7500557342776055,0.0,0.5374347324939555,0.0,-1.4066843168229397,0.0,1.133146751757324,0.0,-1.2556079206275994,0.0,-0.6277424835345258,0.0,1.0239164724926955,0.0,-1.5361276177827206,0.0,1.0367057327872802,0.0,-1.6070925580901756,0.0,1.0430940019996582,0.0
2025-10-03 01:00:00,2.713601365238336,0.0,1.8865727546122173,0.0,-1.4612801680044534,0.0,1.7500557342776055,0.0,0.5374347324939555,0.0,-1.4066843168229397,0.0,1.133146751757324,0.0,-1.2556079206275994,0.0,-0.6277424835345258,0.0,1.0239164724926955,0.0,-1.5361276177827206,0.0,1.0367057327872802,0.0,-1.6070925580901756,0.0
2025-10-03 02:00:00,-5.761359648971281,0.0,2.713601365238336,0.0,1.8865727546122173,0.0,-1.4612801680044534,0.0,1.7500557342776055,0.0,0.5374347324939555,0.0,-1.4066843168229397,0.0,1.133146751757324,0.0,-1.2556079206275994,0.0,-0.6277424835345258,0.0,1.0239164724926955,0.0,-1.5361276177827206,0.0,1.0367057327872802,0.0
2025-10-03 03:00:00,4.548904505664929,0.0,-5.761359648971281,0.0,2.713601365238336,0.0,1.8865727546122173,0.0,-1.4612801680044534,0.0,1.7500557342776055,0.0,0.5374347324939555,0.0,-1.4066843168229397,0.0,1.133146751757324,0.0,-1.2556079206275994,0.0,-0.6277424835345258,0.0,1.0239164724926955,0.0,-1.5361276177827206,0.0
2025-10-03 04:00:00,-2.866780723783001,0.0,4.548904505664929,0.0,-5.761359648971281,0.0,2.713601365238336,0.0,1.8865727546122173,0.0,-1.4612801680044534,0.0,1.7500557342776055,0.0,0.5374347324939555,0.0,-1.4066843168229397,0.0,1.133146751757324,0.0,-1.2556079206275994,0.0,-0.6277424835345258,0.0,1.0239164724926955,0.0
2025-10-03 05:00:00,-4.8549556682487225,0.0,-2.866780723783001,0.0,4.548904505664929,0.0,-5.761359648971281,0.0,2.713601365238336,0.0,1.8865727546122173,0.0,-1.4612801680044534,0.0,1.7500557342776055,0.0,0.5374347324939555,0.0,-1.4066843168229397,0.0,1.133146751757324,0.0,-1.2556079206275994,0.0,-0.6277424835345258,0.0
2025-10-03 06:00:00,4.715145039196663,0.0,-4.8549556682487225,0.0,-2.866780723783001,0.0,4.548904505664929,0.0,-5.761359648971281,0.0,2.713601365238336,0.0,1.8865727546122173,0.0,-1.4612801680044534,0.0,1.7500557342776055,0.0,0.5374347324939555,0.0,-1.4066843168229397,0.0,1.133146751757324,0.0,-1.2556079206275994,0.0
2025-10-03 07:00:00,-6.794586580876499,0.0,4.715145039196663,0.0,-4.8549556682487225,0.0,-2.866780723783001,0.0,4.548904505664929,0.0,-5.761359648971281,0.0,2.713601365238336,0.0,1.8865727546122173,0.0,-1.4612801680044534,0.0,1.7500557342776055,0.0,0.5374347324939555,0.0,-1.4066843168229397,0.0,1.133146751757324,0.0
2025-10-03 08:00:00,0.0,0.0,-6.794586580876499,0.0,4.715145039196663,0.0,-4.8549556682487225,0.0,-2.866780723783001,0.0,4.548904505664929,0.0,-5.761359648971281,0.0,2.713601365238336,0.0,1.8865727546122173,0.0,-1.4612801680044534,0.0,1.7500557342776055,0.0,0.5374347324939555,0.0,-1.4066843168229397,0.0
2025-10-03 09:00:00,0.0,0.0,0.0,0.0,-6.794586580876499,0.0,4.715145039196663,0.0,-4.8549556682487225,0.0,-2.866780723783001,0.0,4.548904505664929,0.0,-5.761359648971281,0.0,2.713601365238336,0.0,1.8865727546122173,0.0,-1.4612801680044534,0.0,1.7500557342776055,0.0,0.5374347324939555,0.0
2025-10-03 10:00:00,3.1354942159291497,0.0,0.0,0.0,0.0,0.0,-6.794586580876499,0.0,4.715145039196663,0.0,-4.8549556682487225,0.0,-2.866780723783001,0.0,4.548904505664929,0.0,-5.761359648971281,0.0,2.713601365238336,0.0,1.8865727546122173,0.0,-1.4612801680044534,0.0,1.7500557342776055,0.0
2025-10-03 11:00:00,-3.1354942159291497,0.0,3.1354942159291497,0.0,0.0,0.0,0.0,0.0,-6.794586580876499,0.0,4.715145039196663,0.0,-4.8549556682487225,0.0,-2.866780723783001,0.0,4.548904505664929,0.0,-5.761359648971281,0.0,2.713601365238336,0.0,1.8865727546122173,0.0,-1.4612801680044534,0.0
2025-10-03 12:00:00,10.433909900048675,0.0,-3.1354942159291497,0.0,3.1354942159291497,0.0,0.0,0.0,0.0,0.0,-6.794586580876499,0.0,4.715145039196663,0.0,-4.8549556682487225,0.0,-2.866780723783001,0.0,4.548904505664929,0.0,-5.761359648971281,0.0,2.713601365238336,0.0,1.8865727546122173,0.0
2025-10-03 13:00:00,-1.0173686974885943,0.0,10.433909900048675,0.0,-3.1354942159291497,0.0,3.1354942159291497,0.0,0.0,0.0,0.0,0.0,-6.794586580876499,0.0,4.715145039196663,0.0,-4.8549556682487225,0.0,-2.866780723783001,0.0,4.548904505664929,0.0,-5.761359648971281,0.0,2.713601365238336,0.0
2025-10-03 14:00:00,-1.636656087489559,0.0,-1.0173686974885943,0.0,10.433909900048675,0.0,-3.1354942159291497,0.0,3.1354942159291497,0.0,0.0,0.0,0.0,0.0,-6.794586580876499,0.0,4.715145039196663,0.0,-4.8549556682487225,0.0,-2.866780723783001,0.0,4.548904505664929,0.0,-5.761359648971281,0.0
2025-10-03 15:00:00,1.0893724077267652,0.0,-1.636656087489559,0.0,-1.0173686974885943,0.0,10.433909900048675,0.0,-3.1354942159291497,0.0,3.1354942159291497,0.0,0.0,0.0,0.0,0.0,-6.794586580876499,0.0,4.715145039196663,0.0,-4.8549556682487225,0.0,-2.866780723783001,0.0,4.548904505664929,0.0
2025-10-03 16:00:00,1.6217110923937934,0.0,1.0893724077267652,0.0,-1.636656087489559,0.0,-1.0173686974885943,0.0,10.433909900048675,0.0,-3.1354942159291497,0.0,3.1354942159291497,0.0,0.0,0.0,0.0,0.0,-6.794586580876499,0.0,4.715145039196663,0.0,-4.8549556682487225,0.0,-2.866780723783001,0.0
2025-10-03 17:00:00,-0.5331822892475735,0.0,1.6217110923937934,0.0,1.0893724077267652,0.0,-1.636656087489559,0.0,-1.0173686974885943,0.0,10.433909900048675,0.0,-3.1354942159291497,0.0,3.1354942159291497,0.0,0.0,0.0,0.0,0.0,-6.794586580876499,0.0,4.715145039196663,0.0,-4.8549556682487225,0.0
2025-10-03 18:00:00,0.39731810072192886,0.0,-0.5331822892475735,0.0,1.6217110923937934,0.0,1.0893724077267652,0.0,-1.636656087489559,0.0,-1.0173686974885943,0.0,10.433909900048675,0.0,-3.1354942159291497,0.0,3.1354942159291497,0.0,0.0,0.0,0.0,0.0,-6.794586580876499,0.0,4.715145039196663,0.0
2025-10-03 19:00:00,-0.5543696817041379,0.0,0.39731810072192886,0.0,-0.5331822892475735,0.0,1.6217110923937934,0.0,1.0893724077267652,0.0,-1.636656087489559,0.0,-1.0173686974885943,0.0,10.433909900048675,0.0,-3.1354942159291497,0.0,3.1354942159291497,0.0,0.0,0.0,0.0,0.0,-6.794586580876499,0.0
2025-10-03 20:00:00,-3.4394322673883027,0.0,-0.5543696817041379,0.0,0.39731810072192886,0.0,-0.5331822892475735,0.0,1.6217110923937934,0.0,1.0893724077267652,0.0,-1.636656087489559,0.0,-1.0173686974885943,0.0,10.433909900048675,0.0,-3.1354942159291497,0.0,3.1354942159291497,0.0,0.0,0.0,0.0,0.0
2025-10-03 21:00:00,3.492049005469336,0.0,-3.4394322673883027,0.0,-0.5543696817041379,0.0,0.39731810072192886,0.0,-0.5331822892475735,0.0,1.6217110923937934,0.0,1.0893724077267652,0.0,-1.636656087489559,0.0,-1.0173686974885943,0.0,10.433909900048675,0.0,-3.1354942159291497,0.0,3.1354942159291497,0.0,0.0,0.0
2025-10-03 22:00:00,0.33704284147782637,0.0,3.492049005469336,0.0,-3.4394322673883027,0.0,-0.5543696817041379,0.0,0.39731810072192886,0.0,-0.5331822892475735,0.0,1.6217110923937934,0.0,1.0893724077267652,0.0,-1.636656087489559,0.0,-1.0173686974885943,0.0,10.433909900048675,0.0,-3.1354942159291497,0.0,3.1354942159291497,0.0
2025-10-03 23:00:00,-4.824418309498307,0.0,0.33704284147782637,0.0,3.492049005469336,0.0,-3.4394322673883027,0.0,-0.5543696817041379,0.0,0.39731810072192886,0.0,-0.5331822892475735,0.0,1.6217110923937934,0.0,1.0893724077267652,0.0,-1.636656087489559,0.0,-1.0173686974885943,0.0,10.433909900048675,0.0,-3.1354942159291497,0.0
2025-10-04 00:00:00,0.6931471805599454,0.0,-4.824418309498307,0.0,0.33704284147782637,0.0,3.492049005469336,0.0,-3.4394322673883027,0.0,-0.5543696817041379,0.0,0.39731810072192886,0.0,-0.5331822892475735,0.0,1.6217110923937934,0.0,1.0893724077267652,0.0,-1.636656087489559,0.0,-1.0173686974885943,0.0,10.433909900048675,0.0
2025-10-04 01:00:00,1.2063065276721563,0.0,0.6931471805599454,0.0,-4.824418309498307,0.0,0.33704284147782637,0.0,3.492049005469336,0.0,-3.4394322673883027,0.0,-0.5543696817041379,0.0,0.39731810072192886,0.0,-0.5331822892475735,0.0,1.6217110923937934,0.0,1.0893724077267652,0.0,-1.636656087489559,0.0,-1.0173686974885943,0.0
2025-10-04 02:00:00,-0.3768572636885894,0.0,1.2063065276721563,0.0,0.6931471805599454,0.0,-4.824418309498307,0.0,0.33704284147782637,0.0,3.492049005469336,0.0,-3.4394322673883027,0.0,-0.5543696817041379,0.0,0.39731810072192886,0.0,-0.5331822892475735,0.0,1.6217110923937934,0.0,1.0893724077267652,0.0,-1.636656087489559,0.0
2025-10-04 03:00:00,-0.6385972173058807,0.0,-0.3768572636885894,0.0,1.2063065276721563,0.0,0.6931471805599454,0.0,-4.824418309498307,0.0,0.33704284147782637,0.0,3.492049005469336,0.0,-3.4394322673883027,0.0,-0.5543696817041379,0.0,0.39731810072192886,0.0,-0.5331822892475735,0.0,1.6217110923937934,0.0,1.0893724077267652,0.0
2025-10-04 04:00:00,-1.5404450409471488,0.0,-0.6385972173058807,0.0,-0.3768572636885894,0.0,1.2063065276721563,0.0,0.6931471805599454,0.0,-4.824418309498307,0.0,0.33704284147782637,0.0,3.492049005469336,0.0,-3.4394322673883027,0.0,-0.5543696817041379,0.0,0.39731810072192886,0.0,-0.5331822892475735,0.0,1.6217110923937934,0.0
2025-10-04 05:00:00,2.7759614067184204,0.0,-1.5404450409471488,0.0,-0.6385972173058807,0.0,-0.3768572636885894,0.0,1.2063065276721563,0.0,0.6931471805599454,0.0,-4.824418309498307,0.0,0.33704284147782637,0.0,3.492049005469336,0.0,-3.4394322673883027,0.0,-0.5543696817041379,0.0,0.39731810072192886,0.0,-0.5331822892475735,0.0
2025-10-04 06:00:00,-1.956062520519331,0.0,2.7759614067184204,0.0,-1.5404450409471488,0.0,-0.6385972173058807,0.0,-0.3768572636885894,0.0,1.2063065276721563,0.0,0.6931471805599454,0.0,-4.824418309498307,0.0,0.33704284147782637,0.0,3.492049005469336,0.0,-3.4394322673883027,0.0,-0.5543696817041379,0.0,0.39731810072192886,0.0
2025-10-04 07:00:00,-2.639057329615259,0.0,-1.956062520519331,0.0,2.7759614067184204,0.0,-1.5404450409471488,0.0,-0.6385972173058807,0.0,-0.3768572636885894,0.0,1.2063065276721563,0.0,0.6931471805599454,0.0,-4.824418309498307,0.0,0.33704284147782637,0.0,3.492049005469336,0.0,-3.4394322673883027,0.0,-0.5543696817041379,0.0
2025-10-04 08:00:00,4.934074172981455,0.0,-2.639057329615259,0.0,-1.956062520519331,0.0,2.7759614067184204,0.0,-1.5404450409471488,0.0,-0.6385972173058807,0.0,-0.3768572636885894,0.0,1.2063065276721563,0.0,0.6931471805599454,0.0,-4.824418309498307,0.0,0.33704284147782637,0.0,3.492049005469336,0.0,-3.4394322673883027,0.0
2025-10-04 09:00:00,-2.4172741594175005,0.0,4.934074172981455,0.0,-2.639057329615259,0.0,-1.956062520519331,0.0,2.7759614067184204,0.0,-1.5404450409471488,0.0,-0.6385972173058807,0.0,-0.3768572636885894,0.0,1.2063065276721563,0.0,0.6931471805599454,0.0,-4.824418309498307,0.0,0.33704284147782637,0.0,3.492049005469336,0.0
2025-10-04 10:00:00,-0.7343429369982131,0.0,-2.4172741594175005,0.0,4.934074172981455,0.0,-2.639057329615259,0.0,-1.956062520519331,0.0,2.7759614067184204,0.0,-1.5404450409471488,0.0,-0.6385972173058807,0.0,-0.3768572636885894,0.0,1.2063065276721563,0.0,0.6931471805599454,0.0,-4.824418309498307,0.0,0.33704284147782637,0.0
2025-10-04 11:00:00,2.7725887222397816,0.0,-0.7343429369982131,0.0,-2.4172741594175005,0.0,4.934074172981455,0.0,-2.639057329615259,0.0,-1.956062520519331,0.0,2.7759614067184204,0.0,-1.5404450409471488,0.0,-0.6385972173058807,0.0,-0.3768572636885894,0.0,1.2063065276721563,0.0,0.6931471805599454,0.0,-4.824418309498307,0.0
2025-10-04 12:00:00,-7.445417556701687,0.0,2.7725887222397816,0.0,-0.7343429369982131,0.0,-2.4172741594175005,0.0,4.934074172981455,0.0,-2.639057329615259,0.0,-1.956062520519331,0.0,2.7759614067184204,0.0,-1.5404450409471488,0.0,-0.6385972173058807,0.0,-0.3768572636885894,0.0,1.2063065276721563,0.0,0.6931471805599454,0.0
2025-10-04 13:00:00,0.6931471805599453,0.0,-7.445417556701687,0.0,2.7725887222397816,0.0,-0.7343429369982131,0.0,-2.4172741594175005,0.0,4.934074172981455,0.0,-2.639057329615259,0.0,-1.956062520519331,0.0,2.7759614067184204,0.0,-1.5404450409471488,0.0,-0.6385972173058807,0.0,-0.3768572636885894,0.0,1.2063065276721563,0.0
2025-10-04 14:00:00,7.660820949753326,0.0,0.6931471805599453,0.0,-7.445417556701687,0.0,2.7725887222397816,0.0,-0.7343429369982131,0.0,-2.4172741594175005,0.0,4.934074172981455,0.0,-2.639057329615259,0.0,-1.956062520519331,0.0,2.7759614067184204,0.0,-1.5404450409471488,0.0,-0.6385972173058807,0.0,-0.3768572636885894,0.0
2025-10-04 15:00:00,-4.919980925828125,0.0,7.660820949753326,0.0,0.6931471805599453,0.0,-7.445417556701687,0.0,2.7725887222397816,0.0,-0.7343429369982131,0.0,-2.4172741594175005,0.0,4.934074172981455,0.0,-2.639057329615259,0.0,-1.956062520519331,0.0,2.7759614067184204,0.0,-1.5404450409471488,0.0,-0.6385972173058807,0.0
2025-10-04 16:00:00,4.492976340377832,0.0,-4.919980925828125,0.0,7.660820949753326,0.0,0.6931471805599453,0.0,-7.445417556701687,0.0,2.7725887222397816,0.0,-0.7343429369982131,0.0,-2.4172741594175005,0.0,4.934074172981455,0.0,-2.639057329615259,0.0,-1.956062520519331,0.0,2.7759614067184204,0.0,-1.5404450409471488,0.0
2025-10-04 17:00:00,0.44196162988415644,0.0,4.492976340377832,0.0,-4.919980925828125,0.0,7.660820949753326,0.0,0.6931471805599453,0.0,-7.445417556701687,0.0,2.7725887222397816,0.0,-0.7343429369982131,0.0,-2.4172741594175005,0.0,4.934074172981455,0.0,-2.639057329615259,0.0,-1.956062520519331,0.0,2.7759614067184204,0.0
2025-10-04 18:00:00,-1.8676355042067456,0.0,0.44196162988415644,0.0,4.492976340377832,0.0,-4.919980925828125,0.0,7.660820949753326,0.0,0.6931471805599453,0.0,-7.445417556701687,0.0,2.7725887222397816,0.0,-0.7343429369982131,0.0,-2.4172741594175005,0.0,4.934074172981455,0.0,-2.639057329615259,0.0,-1.956062520519331,0.0
2025-10-04 19:00:00,0.5269117615176153,0.0,-1.8676355042067456,0.0,0.44196162988415644,0.0,4.492976340377832,0.0,-4.919980925828125,0.0,7.660820949753326,0.0,0.6931471805599453,0.0,-7.445417556701687,0.0,2.7725887222397816,0.0,-0.7343429369982131,0.0,-2.4172741594175005,0.0,4.934074172981455,0.0,-2.639057329615259,0.0
2025-10-04 20:00:00,-7.028201432058005,0.0,0.5269117615176153,0.0,-1.8676355042067456,0.0,0.44196162988415644,0.0,4.492976340377832,0.0,-4.919980925828125,0.0,7.660820949753326,0.0,0.6931471805599453,0.0,-7.445417556701687,0.0,2.7725887222397816,0.0,-0.7343429369982131,0.0,-2.4172741594175005,0.0,4.934074172981455,0.0
2025-10-04 21:00:00,2.4849066497880004,0.0,-7.028201432058005,0.0,0.5269117615176153,0.0,-1.8676355042067456,0.0,0.44196162988415644,0.0,4.492976340377832,0.0,-4.919980925828125,0.0,7.660820949753326,0.0,0.6931471805599453,0.0,-7.445417556701687,0.0,2.7725887222397816,0.0,-0.7343429369982131,0.0,-2.4172741594175005,0.0
2025-10-04 22:00:00,4.751432692966343,0.0,2.4849066497880004,0.0,-7.028201432058005,0.0,0.5269117615176153,0.0,-1.8676355042067456,0.0,0.44196162988415644,0.0,4.492976340377832,0.0,-4.919980925828125,0.0,7.660820949753326,0.0,0.6931471805599453,0.0,-7.445417556701687,0.0,2.7725887222397816,0.0,-0.7343429369982131,0.0
2025-10-04 23:00:00,-3.9041348325791403,0.0,4.751432692966343,0.0,2.4849066497880004,0.0,-7.028201432058005,0.0,0.5269117615176153,0.0,-1.8676355042067456,0.0,0.44196162988415644,0.0,4.492976340377832,0.0,-4.919980925828125,0.0,7.660820949753326,0.0,0.6931471805599453,0.0,-7.445417556701687,0.0,2.7725887222397816,0.0
2025-10-05 00:00:00,5.53240085790058,0.0,-3.9041348325791403,0.0,4.751432692966343,0.0,2.4849066497880004,0.0,-7.028201432058005,0.0,0.5269117615176153,0.0,-1.8676355042067456,0.0,0.44196162988415644,0.0,4.492976340377832,0.0,-4.919980925828125,0.0,7.660820949753326,0.0,0.6931471805599453,0.0,-7.445417556701687,0.0
2025-10-05 01:00:00,2.4092122922922883,0.0,5.53240085790058,0.0,-3.9041348325791403,0.0,4.751432692966343,0.0,2.4849066497880004,0.0,-7.028201432058005,0.0,0.5269117615176153,0.0,-1.8676355042067456,0.0,0.44196162988415644,0.0,4.492976340377832,0.0,-4.919980925828125,0.0,7.660820949753326,0.0,0.6931471805599453,0.0
2025-10-05 02:00:00,-8.440604316311855,0.0,2.4092122922922883,0.0,5.53240085790058,0.0,-3.9041348325791403,0.0,4.751432692966343,0.0,2.4849066497880004,0.0,-7.028201432058005,0.0,0.5269117615176153,0.0,-1.8676355042067456,0.0,0.44196162988415644,0.0,4.492976340377832,0.0,-4.919980925828125,0.0,7.660820949753326,0.0
2025-10-05 03:00:00,8.088868789161989,0.0,-8.440604316311855,0.0,2.4092122922922883,0.0,5.53240085790058,0.0,-3.9041348325791403,0.0,4.751432692966343,0.0,2.4849066497880004,0.0,-7.028201432058005,0.0,0.5269117615176153,0.0,-1.8676355042067456,0.0,0.44196162988415644,0.0,4.492976340377832,0.0,-4.919980925828125,0.0
2025-10-05 04:00:00,-0.5459070563071844,0.0,8.088868789161989,0.0,-8.440604316311855,0.0,2.4092122922922883,0.0,5.53240085790058,0.0,-3.9041348325791403,0.0,4.751432692966343,0.0,2.4849066497880004,0.0,-7.028201432058005,0.0,0.5269117615176153,0.0,-1.8676355042067456,0.0,0.44196162988415644,0.0,4.492976340377832,0.0
2025-10-05 05:00:00,-0.4688449166574422,0.0,-0.5459070563071844,0.0,8.088868789161989,0.0,-8.440604316311855,0.0,2.4092122922922883,0.0,5.53240085790058,0.0,-3.9041348325791403,0.0,4.751432692966343,0.0,2.4849066497880004,0.0,-7.028201432058005,0.0,0.5269117615176153,0.0,-1.8676355042067456,0.0,0.44196162988415644,0.0
2025-10-05 06:00:00,-1.7951022019038554,0.0,-0.4688449166574422,0.0,-0.5459070563071844,0.0,8.088868789161989,0.0,-8.440604316311855,0.0,2.4092122922922883,0.0,5.53240085790058,0.0,-3.9041348325791403,0.0,4.751432692966343,0.0,2.4849066497880004,0.0,-7.028201432058005,0.0,0.5269117615176153,0.0,-1.8676355042067456,0.0
2025-10-05 07:00:00,-3.878121453752464,0.0,-1.7951022019038554,0.0,-0.4688449166574422,0.0,-0.5459070563071844,0.0,8.088868789161989,0.0,-8.440604316311855,0.0,2.4092122922922883,0.0,5.53240085790058,0.0,-3.9041348325791403,0.0,4.751432692966343,0.0,2.4849066497880004,0.0,-7.028201432058005,0.0,0.5269117615176153,0.0
2025-10-05 08:00:00,-2.847812143477369,0.0,-3.878121453752464,0.0,-1.7951022019038554,0.0,-0.4688449166574422,0.0,-0.5459070563071844,0.0,8.088868789161989,0.0,-8.440604316311855,0.0,2.4092122922922883,0.0,5.53240085790058,0.0,-3.9041348325791403,0.0,4.751432692966343,0.0,2.4849066497880004,0.0,-7.028201432058005,0.0
2025-10-05 09:00:00,2.756840365271642,0.0,-2.847812143477369,0.0,-3.878121453752464,0.0,-1.7951022019038554,0.0,-0.4688449166574422,0.0,-0.5459070563071844,0.0,8.088868789161989,0.0,-8.440604316311855,0.0,2.4092122922922883,0.0,5.53240085790058,0.0,-3.9041348325791403,0.0,4.751432692966343,0.0,2.4849066497880004,0.0
2025-10-05 10:00:00,3.174741472234963,0.0,2.756840365271642,0.0,-2.847812143477369,0.0,-3.878121453752464,0.0,-1.7951022019038554,0.0,-0.4688449166574422,0.0,-0.5459070563071844,0.0,8.088868789161989,0.0,-8.440604316311855,0.0,2.4092122922922883,0.0,5.53240085790058,0.0,-3.9041348325791403,0.0,4.751432692966343,0.0
2025-10-05 11:00:00,-0.12419038023138373,0.0,3.174741472234963,0.0,2.756840365271642,0.0,-2.847812143477369,0.0,-3.878121453752464,0.0,-1.7951022019038554,0.0,-0.4688449166574422,0.0,-0.5459070563071844,0.0,8.088868789161989,0.0,-8.440604316311855,0.0,2.4092122922922883,0.0,5.53240085790058,0.0,-3.9041348325791403,0.0
2025-10-05 12:00:00,-7.193685818395112,0.0,-0.12419038023138373,0.0,3.174741472234963,0.0,2.756840365271642,0.0,-2.847812143477369,0.0,-3.878121453752464,0.0,-1.7951022019038554,0.0,-0.4688449166574422,0.0,-0.5459070563071844,0.0,8.088868789161989,0.0,-8.440604316311855,0.0,2.4092122922922883,0.0,5.53240085790058,0.0
2025-10-05 13:00:00,7.20414929203594,0.0,-7.193685818395112,0.0,-0.12419038023138373,0.0,3.174741472234963,0.0,2.756840365271642,0.0,-2.847812143477369,0.0,-3.878121453752464,0.0,-1.7951022019038554,0.0,-0.4688449166574422,0.0,-0.5459070563071844,0.0,8.088868789161989,0.0,-8.440604316311855,0.0,2.4092122922922883,0.0
2025-10-05 14:00:00,-0.285454073015468,0.0,7.20414929203594,0.0,-7.193685818395112,0.0,-0.12419038023138373,0.0,3.174741472234963,0.0,2.756840365271642,0.0,-2.847812143477369,0.0,-3.878121453752464,0.0,-1.7951022019038554,0.0,-0.4688449166574422,0.0,-0.5459070563071844,0.0,8.088868789161989,0.0,-8.440604316311855,0.0
2025-10-05 15:00:00,3.789950367137295,0.0,-0.285454073015468,0.0,7.20414929203594,0.0,-7.193685818395112,0.0,-0.12419038023138373,0.0,3.174741472234963,0.0,2.756840365271642,0.0,-2.847812143477369,0.0,-3.878121453752464,0.0,-1.7951022019038554,0.0,-0.4688449166574422,0.0,-0.5459070563071844,0.0,8.088868789161989,0.0
2025-10-05 16:00:00,-2.7434472955455904,0.0,3.789950367137295,0.0,-0.285454073015468,0.0,7.20414929203594,0.0,-7.193685818395112,0.0,-0.12419038023138373,0.0,3.174741472234963,0.0,2.756840365271642,0.0,-2.847812143477369,0.0,-3.878121453752464,0.0,-1.7951022019038554,0.0,-0.4688449166574422,0.0,-0.5459070563071844,0.0
2025-10-05 17:00:00,0.01619329096789368,0.0,-2.7434472955455904,0.0,3.789950367137295,0.0,-0.285454073015468,0.0,7.20414929203594,0.0,-7.193685818395112,0.0,-0.12419038023138373,0.0,3.174741472234963,0.0,2.756840365271642,0.0,-2.847812143477369,0.0,-3.878121453752464,0.0,-1.7951022019038554,0.0,-0.4688449166574422,0.0
2025-10-05 18:00:00,-3.74728507698281,0.0,0.01619329096789368,0.0,-2.7434472955455904,0.0,3.789950367137295,0.0,-0.285454073015468,0.0,7.20414929203594,0.0,-7.193685818395112,0.0,-0.12419038023138373,0.0,3.174741472234963,0.0,2.756840365271642,0.0,-2.847812143477369,0.0,-3.878121453752464,0.0,-1.7951022019038554,0.0
2025-10-05 19:00:00,2.425187415086378,0.0,-3.74728507698281,0.0,0.01619329096789368,0.0,-2.7434472955455904,0.0,3.789950367137295,0.0,-0.285454073015468,0.0,7.20414929203594,0.0,-7.193685818395112,0.0,-0.12419038023138373,0.0,3.174741472234963,0.0,2.756840365271642,0.0,-2.847812143477369,0.0,-3.878121453752464,0.0
2025-10-05 20:00:00,1.1100846898303462,0.0,2.425187415086378,0.0,-3.74728507698281,0.0,0.01619329096789368,0.0,-2.7434472955455904,0.0,3.789950367137295,0.0,-0.285454073015468,0.0,7.20414929203594,0.0,-7.193685818395112,0.0,-0.12419038023138373,0.0,3.174741472234963,0.0,2.756840365271642,0.0,-2.847812143477369,0.0
2025-10-05 21:00:00,-2.8865766869276133,0.0,1.1100846898303462,0.0,2.425187415086378,0.0,-3.74728507698281,0.0,0.01619329096789368,0.0,-2.7434472955455904,0.0,3.789950367137295,0.0,-0.285454073015468,0.0,7.20414929203594,0.0,-7.193685818395112,0.0,-0.12419038023138373,0.0,3.174741472234963,0.0,2.756840365271642,0.0
2025-10-05 22:00:00,2.2911563971704236,0.0,-2.8865766869276133,0.0,1.1100846898303462,0.0,2.425187415086378,0.0,-3.74728507698281,0.0,0.01619329096789368,0.0,-2.7434472955455904,0.0,3.789950367137295,0.0,-0.285454073015468,0.0,7.20414929203594,0.0,-7.193685818395112,0.0,-0.12419038023138373,0.0,3.174741472234963,0.0
2025-10-05 23:00:00,0.23335939071262324,0.0,2.2911563971704236,0.0,-2.8865766869276133,0.0,1.1100846898303462,0.0,2.425187415086378,0.0,-3.74728507698281,0.0,0.01619329096789368,0.0,-2.7434472955455904,0.0,3.789950367137295,0.0,-0.285454073015468,0.0,7.20414929203594,0.0,-7.193685818395112,0.0,-0.12419038023138373,0.0
2025-10-06 00:00:00,-0.4935803598097328,0.0,0.23335939071262324,0.0,2.2911563971704236,0.0,-2.8865766869276133,0.0,1.1100846898303462,0.0,2.425187415086378,0.0,-3.74728507698281,0.0,0.01619329096789368,0.0,-2.7434472955455904,0.0,3.789950367137295,0.0,-0.285454073015468,0.0,7.20414929203594,0.0,-7.193685818395112,0.0
2025-10-06 01:00:00,0.08659710961554534,0.0,-0.4935803598097328,0.0,0.23335939071262324,0.0,2.2911563971704236,0.0,-2.8865766869276133,0.0,1.1100846898303462,0.0,2.425187415086378,0.0,-3.74728507698281,0.0,0.01619329096789368,0.0,-2.7434472955455904,0.0,3.789950367137295,0.0,-0.285454073015468,0.0,7.20414929203594,0.0
2025-10-06 02:00:00,-0.3736167110262052,0.0,0.08659710961554534,0.0,-0.4935803598097328,0.0,0.23335939071262324,0.0,2.2911563971704236,0.0,-2.8865766869276133,0.0,1.1100846898303462,0.0,2.425187415086378,0.0,-3.74728507698281,0.0,0.01619329096789368,0.0,-2.7434472955455904,0.0,3.789950367137295,0.0,-0.285454073015468,0.0
2025-10-06 03:00:00,2.3920988551684044,0.0,-0.3736167110262052,0.0,0.08659710961554534,0.0,-0.4935803598097328,0.0,0.23335939071262324,0.0,2.2911563971704236,0.0,-2.8865766869276133,0.0,1.1100846898303462,0.0,2.425187415086378,0.0,-3.74728507698281,0.0,0.01619329096789368,0.0,-2.7434472955455904,0.0,3.789950367137295,0.0
2025-10-06 04:00:00,-4.151282153961847,0.0,2.3920988551684044,0.0,-0.3736167110262052,0.0,0.08659710961554534,0.0,-0.4935803598097328,0.0,0.23335939071262324,0.0,2.2911563971704236,0.0,-2.8865766869276133,0.0,1.1100846898303462,0.0,2.425187415086378,0.0,-3.74728507698281,0.0,0.01619329096789368,0.0,-2.7434472955455904,0.0
2025-10-06 05:00:00,-2.3025850929940455,0.0,-4.151282153961847,0.0,2.3920988551684044,0.0,-0.3736167110262052,0.0,0.08659710961554534,0.0,-0.4935803598097328,0.0,0.23335939071262324,0.0,2.2911563971704236,0.0,-2.8865766869276133,0.0,1.1100846898303462,0.0,2.425187415086378,0.0,-3.74728507698281,0.0,0.01619329096789368,0.0
2025-10-06 06:00:00,-2.5649493574615367,0.0,-2.3025850929940455,0.0,-4.151282153961847,0.0,2.3920988551684044,0.0,-0.3736167110262052,0.0,0.08659710961554534,0.0,-0.4935803598097328,0.0,0.23335939071262324,0.0,2.2911563971704236,0.0,-2.8865766869276133,0.0,1.1100846898303462,0.0,2.425187415086378,0.0,-3.74728507698281,0.0
2025-10-06 07:00:00,0.0,0.0,-2.5649493574615367,0.0,-2.3025850929940455,0.0,-4.151282153961847,0.0,2.3920988551684044,0.0,-0.3736167110262052,0.0,0.08659710961554534,0.0,-0.4935803598097328,0.0,0.23335939071262324,0.0,2.2911563971704236,0.0,-2.8865766869276133,0.0,1.1100846898303462,0.0,2.425187415086378,0.0
2025-10-06 08:00:00,2.4849066497880004,0.0,0.0,0.0,-2.5649493574615367,0.0,-2.3025850929940455,0.0,-4.151282153961847,0.0,2.3920988551684044,0.0,-0.3736167110262052,0.0,0.08659710961554534,0.0,-0.4935803598097328,0.0,0.23335939071262324,0.0,2.2911563971704236,0.0,-2.8865766869276133,0.0,1.1100846898303462,0.0
2025-10-06 09:00:00,-2.4849066497880004,0.0,2.4849066497880004,0.0,0.0,0.0,-2.5649493574615367,0.0,-2.3025850929940455,0.0,-4.151282153961847,0.0,2.3920988551684044,0.0,-0.3736167110262052,0.0,0.08659710961554534,0.0,-0.4935803598097328,0.0,0.23335939071262324,0.0,2.2911563971704236,0.0,-2.8865766869276133,0.0
2025-10-06 10:00:00,3.4657359027997265,0.0,-2.4849066497880004,0.0,2.4849066497880004,0.0,0.0,0.0,-2.5649493574615367,0.0,-2.3025850929940455,0.0,-4.151282153961847,0.0,2.3920988551684044,0.0,-0.3736167110262052,0.0,0.08659710961554534,0.0,-0.4935803598097328,0.0,0.23335939071262324,0.0,2.2911563971704236,0.0
2025-10-06 11:00:00,-3.4657359027997265,0.0,3.4657359027997265,0.0,-2.4849066497880004,0.0,2.4849066497880004,0.0,0.0,0.0,-2.5649493574615367,0.0,-2.3025850929940455,0.0,-4.151282153961847,0.0,2.3920988551684044,0.0,-0.3736167110262052,0.0,0.08659710961554534,0.0,-0.4935803598097328,0.0,0.23335939071262324,0.0
2025-10-06 12:00:00,6.129050210060545,0.0,-3.4657359027997265,0.0,3.4657359027997265,0.0,-2.4849066497880004,0.0,2.4849066497880004,0.0,0.0,0.0,-2.5649493574615367,0.0,-2.3025850929940455,0.0,-4.151282153961847,0.0,2.3920988551684044,0.0,-0.3736167110262052,0.0,0.08659710961554534,0.0,-0.4935803598097328,0.0
2025-10-06 13:00:00,-6.129050210060545,0.0,6.129050210060545,0.0,-3.4657359027997265,0.0,3.4657359027997265,0.0,-2.4849066497880004,0.0,2.4849066497880004,0.0,0.0,0.0,-2.5649493574615367,0.0,-2.3025850929940455,0.0,-4.151282153961847,0.0,2.3920988551684044,0.0,-0.3736167110262052,0.0,0.08659710961554534,0.0
2025-10-06 14:00:00,8.65259782842244,0.0,-6.129050210060545,0.0,6.129050210060545,0.0,-3.4657359027997265,0.0,3.4657359027997265,0.0,-2.4849066497880004,0.0,2.4849066497880004,0.0,0.0,0.0,-2.5649493574615367,0.0,-2.3025850929940455,0.0,-4.151282153961847,0.0,2.3920988551684044,0.0,-0.3736167110262052,0.0
2025-10-06 15:00:00,-1.37327899300782,0.0,8.65259782842244,0.0,-6.129050210060545,0.0,6.129050210060545,0.0,-3.4657359027997265,0.0,3.4657359027997265,0.0,-2.4849066497880004,0.0,2.4849066497880004,0.0,0.0,0.0,-2.5649493574615367,0.0,-2.3025850929940455,0.0,-4.151282153961847,0.0,2.3920988551684044,0.0
2025-10-06 16:00:00,-0.4377033589370285,0.0,-1.37327899300782,0.0,8.65259782842244,0.0,-6.129050210060545,0.0,6.129050210060545,0.0,-3.4657359027997265,0.0,3.4657359027997265,0.0,-2.4849066497880004,0.0,2.4849066497880004,0.0,0.0,0.0,-2.5649493574615367,0.0,-2.3025850929940455,0.0,-4.151282153961847,0.0
2025-10-06 17:00:00,3.0644188303251125,0.0,-0.4377033589370285,0.0,-1.37327899300782,0.0,8.65259782842244,0.0,-6.129050210060545,0.0,6.129050210060545,0.0,-3.4657359027997265,0.0,3.4657359027997265,0.0,-2.4849066497880004,0.0,2.4849066497880004,0.0,0.0,0.0,-2.5649493574615367,0.0,-2.3025850929940455,0.0
2025-10-06 18:00:00,-1.578066448497216,0.0,3.0644188303251125,0.0,-0.4377033589370285,0.0,-1.37327899300782,0.0,8.65259782842244,0.0,-6.129050210060545,0.0,6.129050210060545,0.0,-3.4657359027997265,0.0,3.4657359027997265,0.0,-2.4849066497880004,0.0,2.4849066497880004,0.0,0.0,0.0,-2.5649493574615367,0.0
2025-10-06 19:00:00,-2.6580869353249685,0.0,-1.578066448497216,0.0,3.0644188303251125,0.0,-0.4377033589370285,0.0,-1.37327899300782,0.0,8.65259782842244,0.0,-6.129050210060545,0.0,6.129050210060545,0.0,-3.4657359027997265,0.0,3.4657359027997265,0.0,-2.4849066497880004,0.0,2.4849066497880004,0.0,0.0,0.0
2025-10-06 20:00:00,1.7940556814884054,0.0,-2.6580869353249685,0.0,-1.578066448497216,0.0,3.0644188303251125,0.0,-0.4377033589370285,0.0,-1.37327899300782,0.0,8.65259782842244,0.0,-6.129050210060545,0.0,6.129050210060545,0.0,-3.4657359027997265,0.0,3.4657359027997265,0.0,-2.4849066497880004,0.0,2.4849066497880004,0.0
2025-10-06 21:00:00,-0.843863397938569,0.0,1.7940556814884054,0.0,-2.6580869353249685,0.0,-1.578066448497216,0.0,3.0644188303251125,0.0,-0.4377033589370285,0.0,-1.37327899300782,0.0,8.65259782842244,0.0,-6.129050210060545,0.0,6.129050210060545,0.0,-3.4657359027997265,0.0,3.4657359027997265,0.0,-2.4849066497880004,0.0
2025-10-06 22:00:00,0.9878048667481512,0.0,-0.843863397938569,0.0,1.7940556814884054,0.0,-2.6580869353249685,0.0,-1.578066448497216,0.0,3.0644188303251125,0.0,-0.4377033589370285,0.0,-1.37327899300782,0.0,8.65259782842244,0.0,-6.129050210060545,0.0,6.129050210060545,0.0,-3.4657359027997265,0.0,3.4657359027997265,0.0
2025-10-06 23:00:00,-0.021581766125787105,0.0,0.9878048667481512,0.0,-0.843863397938569,0.0,1.7940556814884054,0.0,-2.6580869353249685,0.0,-1.578066448497216,0.0,3.0644188303251125,0.0,-0.4377033589370285,0.0,-1.37327899300782,0.0,8.65259782842244,0.0,-6.129050210060545,0.0,6.129050210060545,0.0,-3.4657359027997265,0.0
2025-10-07 00:00:00,-1.4927265371075844,0.0,-0.021581766125787105,0.0,0.9878048667481512,0.0,-0.843863397938569,0.0,1.7940556814884054,0.0,-2.6580869353249685,0.0,-1.578066448497216,0.0,3.0644188303251125,0.0,-0.4377033589370285,0.0,-1.37327899300782,0.0,8.65259782842244,0.0,-6.129050210060545,0.0,6.129050210060545,0.0
2025-10-07 01:00:00,2.5948840308056322,0.0,-1.4927265371075844,0.0,-0.021581766125787105,0.0,0.9878048667481512,0.0,-0.843863397938569,0.0,1.7940556814884054,0.0,-2.6580869353249685,0.0,-1.578066448497216,0.0,3.0644188303251125,0.0,-0.4377033589370285,0.0,-1.37327899300782,0.0,8.65259782842244,0.0,-6.129050210060545,0.0
2025-10-07 02:00:00,-1.0198926928348708,0.0,2.5948840308056322,0.0,-1.4927265371075844,0.0,-0.021581766125787105,0.0,0.9878048667481512,0.0,-0.843863397938569,0.0,1.7940556814884054,0.0,-2.6580869353249685,0.0,-1.578066448497216,0.0,3.0644188303251125,0.0,-0.4377033589370285,0.0,-1.37327899300782,0.0,8.65259782842244,0.0
2025-10-07 03:00:00,-6.569948819347787,0.0,-1.0198926928348708,0.0,2.5948840308056322,0.0,-1.4927265371075844,0.0,-0.021581766125787105,0.0,0.9878048667481512,0.0,-0.843863397938569,0.0,1.7940556814884054,0.0,-2.6580869353249685,0.0,-1.578066448497216,0.0,3.0644188303251125,0.0,-0.4377033589370285,0.0,-1.37327899300782,0.0
2025-10-07 04:00:00,8.326597498170038,0.0,-6.569948819347787,0.0,-1.0198926928348708,0.0,2.5948840308056322,0.0,-1.4927265371075844,0.0,-0.021581766125787105,0.0,0.9878048667481512,0.0,-0.843863397938569,0.0,1.7940556814884054,0.0,-2.6580869353249685,0.0,-1.578066448497216,0.0,3.0644188303251125,0.0,-0.4377033589370285,0.0
2025-10-07 05:00:00,-8.732062606278202,0.0,8.326597498170038,0.0,-6.569948819347787,0.0,-1.0198926928348708,0.0,2.5948840308056322,0.0,-1.4927265371075844,0.0,-0.021581766125787105,0.0,0.9878048667481512,0.0,-0.843863397938569,0.0,1.7940556814884054,0.0,-2.6580869353249685,0.0,-1.578066448497216,0.0,3.0644188303251125,0.0
2025-10-07 06:00:00,6.638567789166521,0.0,-8.732062606278202,0.0,8.326597498170038,0.0,-6.569948819347787,0.0,-1.0198926928348708,0.0,2.5948840308056322,0.0,-1.4927265371075844,0.0,-0.021581766125787105,0.0,0.9878048667481512,0.0,-0.843863397938569,0.0,1.7940556814884054,0.0,-2.6580869353249685,0.0,-1.578066448497216,0.0
2025-10-07 07:00:00,-2.2754691643781584,0.0,6.638567789166521,0.0,-8.732062606278202,0.0,8.326597498170038,0.0,-6.569948819347787,0.0,-1.0198926928348708,0.0,2.5948840308056322,0.0,-1.4927265371075844,0.0,-0.021581766125787105,0.0,0.9878048667481512,0.0,-0.843863397938569,0.0,1.7940556814884054,0.0,-2.6580869353249685,0.0
2025-10-07 08:00:00,-5.056245805348308,0.0,-2.2754691643781584,0.0,6.638567789166521,0.0,-8.732062606278202,0.0,8.326597498170038,0.0,-6.569948819347787,0.0,-1.0198926928348708,0.0,2.5948840308056322,0.0,-1.4927265371075844,0.0,-0.021581766125787105,0.0,0.9878048667481512,0.0,-0.843863397938569,0.0,1.7940556814884054,0.0
2025-10-07 09:00:00,6.703188113240863,0.0,-5.056245805348308,0.0,-2.2754691643781584,0.0,6.638567789166521,0.0,-8.732062606278202,0.0,8.326597498170038,0.0,-6.569948819347787,0.0,-1.0198926928348708,0.0,2.5948840308056322,0.0,-1.4927265371075844,0.0,-0.021581766125787105,0.0,0.9878048667481512,0.0,-0.843863397938569,0.0
2025-10-07 10:00:00,2.5199697624459336,0.0,6.703188113240863,0.0,-5.056245805348308,0.0,-2.2754691643781584,0.0,6.638567789166521,0.0,-8.732062606278202,0.0,8.326597498170038,0.0,-6.569948819347787,0.0,-1.0198926928348708,0.0,2.5948840308056322,0.0,-1.4927265371075844,0.0,-0.021581766125787105,0.0,0.9878048667481512,0.0
2025-10-07 11:00:00,-1.0913330906796013,0.0,2.5199697624459336,0.0,6.703188113240863,0.0,-5.056245805348308,0.0,-2.2754691643781584,0.0,6.638567789166521,0.0,-8.732062606278202,0.0,8.326597498170038,0.0,-6.569948819347787,0.0,-1.0198926928348708,0.0,2.5948840308056322,0.0,-1.4927265371075844,0.0,-0.021581766125787105,0.0
2025-10-07 12:00:00,-4.520906872362971,0.0,-1.0913330906796013,0.0,2.5199697624459336,0.0,6.703188113240863,0.0,-5.056245805348308,0.0,-2.2754691643781584,0.0,6.638567789166521,0.0,-8.732062606278202,0.0,8.326597498170038,0.0,-6.569948819347787,0.0,-1.0198926928348708,0.0,2.5948840308056322,0.0,-1.4927265371075844,0.0
2025-10-07 13:00:00,2.048564303115397,0.0,-4.520906872362971,0.0,-1.0913330906796013,0.0,2.5199697624459336,0.0,6.703188113240863,0.0,-5.056245805348308,0.0,-2.2754691643781584,0.0,6.638567789166521,0.0,-8.732062606278202,0.0,8.326597498170038,0.0,-6.569948819347787,0.0,-1.0198926928348708,0.0,2.5948840308056322,0.0
2025-10-07 14:00:00,3.4397031068503994,0.0,2.048564303115397,0.0,-4.520906872362971,0.0,-1.0913330906796013,0.0,2.5199697624459336,0.0,6.703188113240863,0.0,-5.056245805348308,0.0,-2.2754691643781584,0.0,6.638567789166521,0.0,-8.732062606278202,0.0,8.326597498170038,0.0,-6.569948819347787,0.0,-1.0198926928348708,0.0
2025-10-07 15:00:00,0.6256539184984486,0.0,3.4397031068503994,0.0,2.048564303115397,0.0,-4.520906872362971,0.0,-1.0913330906796013,0.0,2.5199697624459336,0.0,6.703188113240863,0.0,-5.056245805348308,0.0,-2.2754691643781584,0.0,6.638567789166521,0.0,-8.732062606278202,0.0,8.326597498170038,0.0,-6.569948819347787,0.0
2025-10-07 16:00:00,-2.535671502688147,0.0,0.6256539184984486,0.0,3.4397031068503994,0.0,2.048564303115397,0.0,-4.520906872362971,0.0,-1.0913330906796013,0.0,2.5199697624459336,0.0,6.703188113240863,0.0,-5.056245805348308,0.0,-2.2754691643781584,0.0,6.638567789166521,0.0,-8.732062606278202,0.0,8.326597498170038,0.0
2025-10-07 17:00:00,-2.205561116711986,0.0,-2.535671502688147,0.0,0.6256539184984486,0.0,3.4397031068503994,0.0,2.048564303115397,0.0,-4.520906872362971,0.0,-1.0913330906796013,0.0,2.5199697624459336,0.0,6.703188113240863,0.0,-5.056245805348308,0.0,-2.2754691643781584,0.0,6.638567789166521,0.0,-8.732062606278202,0.0
2025-10-07 18:00:00,0.6331644759582353,0.0,-2.205561116711986,0.0,-2.535671502688147,0.0,0.6256539184984486,0.0,3.4397031068503994,0.0,2.048564303115397,0.0,-4.520906872362971,0.0,-1.0913330906796013,0.0,2.5199697624459336,0.0,6.703188113240863,0.0,-5.056245805348308,0.0,-2.2754691643781584,0.0,6.638567789166521,0.0
2025-10-07 19:00:00,1.22484437881102,0.0,0.6331644759582353,0.0,-2.205561116711986,0.0,-2.535671502688147,0.0,0.6256539184984486,0.0,3.4397031068503994,0.0,2.048564303115397,0.0,-4.520906872362971,0.0,-1.0913330906796013,0.0,2.5199697624459336,0.0,6.703188113240863,0.0,-5.056245805348308,0.0,-2.2754691643781584,0.0
2025-10-07 20:00:00,0.8779585127819898,0.0,1.22484437881102,0.0,0.6331644759582353,0.0,-2.205561116711986,0.0,-2.535671502688147,0.0,0.6256539184984486,0.0,3.4397031068503994,0.0,2.048564303115397,0.0,-4.520906872362971,0.0,-1.0913330906796013,0.0,2.5199697624459336,0.0,6.703188113240863,0.0,-5.056245805348308,0.0
2025-10-07 21:00:00,-3.2769227327692647,0.0,0.8779585127819898,0.0,1.22484437881102,0.0,0.6331644759582353,0.0,-2.205561116711986,0.0,-2.535671502688147,0.0,0.6256539184984486,0.0,3.4397031068503994,0.0,2.048564303115397,0.0,-4.520906872362971,0.0,-1.0913330906796013,0.0,2.5199697624459336,0.0,6.703188113240863,0.0
2025-10-07 22:00:00,0.2301775779715891,0.0,-3.2769227327692647,0.0,0.8779585127819898,0.0,1.22484437881102,0.0,0.6331644759582353,0.0,-2.205561116711986,0.0,-2.535671502688147,0.0,0.6256539184984486,0.0,3.4397031068503994,0.0,2.048564303115397,0.0,-4.520906872362971,0.0,-1.0913330906796013,0.0,2.5199697624459336,0.0
2025-10-07 23:00:00,5.863046892788604,0.0,0.2301775779715891,0.0,-3.2769227327692647,0.0,0.8779585127819898,0.0,1.22484437881102,0.0,0.6331644759582353,0.0,-2.205561116711986,0.0,-2.535671502688147,0.0,0.6256539184984486,0.0,3.4397031068503994,0.0,2.048564303115397,0.0,-4.520906872362971,0.0,-1.0913330906796013,0.0
2025-10-08 00:00:00,-1.7416570435710206,0.0,5.863046892788604,0.0,0.2301775779715891,0.0,-3.2769227327692647,0.0,0.8779585127819898,0.0,1.22484437881102,0.0,0.6331644759582353,0.0,-2.205561116711986,0.0,-2.535671502688147,0.0,0.6256539184984486,0.0,3.4397031068503994,0.0,2.048564303115397,0.0,-4.520906872362971,0.0
2025-10-08 01:00:00,-2.753963972402075,0.0,-1.7416570435710206,0.0,5.863046892788604,0.0,0.2301775779715891,0.0,-3.2769227327692647,0.0,0.8779585127819898,0.0,1.22484437881102,0.0,0.6331644759582353,0.0,-2.205561116711986,0.0,-2.535671502688147,0.0,0.6256539184984486,0.0,3.4397031068503994,0.0,2.048564303115397,0.0
2025-10-08 02:00:00,-0.17946848781154845,0.0,-2.753963972402075,0.0,-1.7416570435710206,0.0,5.863046892788604,0.0,0.2301775779715891,0.0,-3.2769227327692647,0.0,0.8779585127819898,0.0,1.22484437881102,0.0,0.6331644759582353,0.0,-2.205561116711986,0.0,-2.535671502688147,0.0,0.6256539184984486,0.0,3.4397031068503994,0.0
2025-10-08 03:00:00,1.2922654114716146,0.0,-0.17946848781154845,0.0,-2.753963972402075,0.0,-1.7416570435710206,0.0,5.863046892788604,0.0,0.2301775779715891,0.0,-3.2769227327692647,0.0,0.8779585127819898,0.0,1.22484437881102,0.0,0.6331644759582353,0.0,-2.205561116711986,0.0,-2.535671502688147,0.0,0.6256539184984486,0.0
2025-10-08 04:00:00,-2.9941685515778085,0.0,1.2922654114716146,0.0,-0.17946848781154845,0.0,-2.753963972402075,0.0,-1.7416570435710206,0.0,5.863046892788604,0.0,0.2301775779715891,0.0,-3.2769227327692647,0.0,0.8779585127819898,0.0,1.22484437881102,0.0,0.6331644759582353,0.0,-2.205561116711986,0.0,-2.535671502688147,0.0
2025-10-08 05:00:00,2.4105983370546245,0.0,-2.9941685515778085,0.0,1.2922654114716146,0.0,-0.17946848781154845,0.0,-2.753963972402075,0.0,-1.7416570435710206,0.0,5.863046892788604,0.0,0.2301775779715891,0.0,-3.2769227327692647,0.0,0.8779585127819898,0.0,1.22484437881102,0.0,0.6331644759582353,0.0,-2.205561116711986,0.0
2025-10-08 06:00:00,-6.569481420414296,0.0,2.4105983370546245,0.0,-2.9941685515778085,0.0,1.2922654114716146,0.0,-0.17946848781154845,0.0,-2.753963972402075,0.0,-1.7416570435710206,0.0,5.863046892788604,0.0,0.2301775779715891,0.0,-3.2769227327692647,0.0,0.8779585127819898,0.0,1.22484437881102,0.0,0.6331644759582353,0.0
2025-10-08 07:00:00,5.942799375126701,0.0,-6.569481420414296,0.0,2.4105983370546245,0.0,-2.9941685515778085,0.0,1.2922654114716146,0.0,-0.17946848781154845,0.0,-2.753963972402075,0.0,-1.7416570435710206,0.0,5.863046892788604,0.0,0.2301775779715891,0.0,-3.2769227327692647,0.0,0.8779585127819898,0.0,1.22484437881102,0.0
2025-10-08 08:00:00,-3.5449041023283305,0.0,5.942799375126701,0.0,-6.569481420414296,0.0,2.4105983370546245,0.0,-2.9941685515778085,0.0,1.2922654114716146,0.0,-0.17946848781154845,0.0,-2.753963972402075,0.0,-1.7416570435710206,0.0,5.863046892788604,0.0,0.2301775779715891,0.0,-3.2769227327692647,0.0,0.8779585127819898,0.0
2025-10-08 09:00:00,4.189654742026425,0.0,-3.5449041023283305,0.0,5.942799375126701,0.0,-6.569481420414296,0.0,2.4105983370546245,0.0,-2.9941685515778085,0.0,1.2922654114716146,0.0,-0.17946848781154845,0.0,-2.753963972402075,0.0,-1.7416570435710206,0.0,5.863046892788604,0.0,0.2301775779715891,0.0,-3.2769227327692647,0.0
2025-10-08 10:00:00,-6.587550014824796,0.0,4.189654742026425,0.0,-3.5449041023283305,0.0,5.942799375126701,0.0,-6.569481420414296,0.0,2.4105983370546245,0.0,-2.9941685515778085,0.0,1.2922654114716146,0.0,-0.17946848781154845,0.0,-2.753963972402075,0.0,-1.7416570435710206,0.0,5.863046892788604,0.0,0.2301775779715891,0.0
2025-10-08 11:00:00,0.0,0.0,-6.587550014824796,0.0,4.189654742026425,0.0,-3.5449041023283305,0.0,5.942799375126701,0.0,-6.569481420414296,0.0,2.4105983370546245,0.0,-2.9941685515778085,0.0,1.2922654114716146,0.0,-0.17946848781154845,0.0,-2.753963972402075,0.0,-1.7416570435710206,0.0,5.863046892788604,0.0
2025-10-08 12:00:00,6.587550014824796,0.0,0.0,0.0,-6.587550014824796,0.0,4.189654742026425,0.0,-3.5449041023283305,0.0,5.942799375126701,0.0,-6.569481420414296,0.0,2.4105983370546245,0.0,-2.9941685515778085,0.0,1.2922654114716146,0.0,-0.17946848781154845,0.0,-2.753963972402075,0.0,-1.7416570435710206,0.0
2025-10-08 13:00:00,-6.587550014824796,0.0,6.587550014824796,0.0,0.0,0.0,-6.587550014824796,0.0,4.189654742026425,0.0,-3.5449041023283305,0.0,5.942799375126701,0.0,-6.569481420414296,0.0,2.4105983370546245,0.0,-2.9941685515778085,0.0,1.2922654114716146,0.0,-0.17946848781154845,0.0,-2.753963972402075,0.0
2025-10-08 14:00:00,8.175829008714597,0.0,-6.587550014824796,0.0,6.587550014824796,0.0,0.0,0.0,-6.587550014824796,0.0,4.189654742026425,0.0,-3.5449041023283305,0.0,5.942799375126701,0.0,-6.569481420414296,0.0,2.4105983370546245,0.0,-2.9941685515778085,0.0,1.2922654114716146,0.0,-0.17946848781154845,0.0
2025-10-08 15:00:00,1.9893687482845568,0.0,8.175829008714597,0.0,-6.587550014824796,0.0,6.587550014824796,0.0,0.0,0.0,-6.587550014824796,0.0,4.189654742026425,0.0,-3.5449041023283305,0.0,5.942799375126701,0.0,-6.569481420414296,0.0,2.4105983370546245,0.0,-2.9941685515778085,0.0,1.2922654114716146,0.0
2025-10-08 16:00:00,-5.18846401457858,0.0,1.9893687482845568,0.0,8.175829008714597,0.0,-6.587550014824796,0.0,6.587550014824796,0.0,0.0,0.0,-6.587550014824796,0.0,4.189654742026425,0.0,-3.5449041023283305,0.0,5.942799375126701,0.0,-6.569481420414296,0.0,2.4105983370546245,0.0,-2.9941685515778085,0.0
2025-10-08 17:00:00,2.8907548262785543,0.0,-5.18846401457858,0.0,1.9893687482845568,0.0,8.175829008714597,0.0,-6.587550014824796,0.0,6.587550014824796,0.0,0.0,0.0,-6.587550014824796,0.0,4.189654742026425,0.0,-3.5449041023283305,0.0,5.942799375126701,0.0,-6.569481420414296,0.0,2.4105983370546245,0.0
2025-10-08 18:00:00,-1.0573461185839923,0.0,2.8907548262785543,0.0,-5.18846401457858,0.0,1.9893687482845568,0.0,8.175829008714597,0.0,-6.587550014824796,0.0,6.587550014824796,0.0,0.0,0.0,-6.587550014824796,0.0,4.189654742026425,0.0,-3.5449041023283305,0.0,5.942799375126701,0.0,-6.569481420414296,0.0
2025-10-08 19:00:00,0.6311779396024813,0.0,-1.0573461185839923,0.0,2.8907548262785543,0.0,-5.18846401457858,0.0,1.9893687482845568,0.0,8.175829008714597,0.0,-6.587550014824796,0.0,6.587550014824796,0.0,0.0,0.0,-6.587550014824796,0.0,4.189654742026425,0.0,-3.5449041023283305,0.0,5.942799375126701,0.0
2025-10-08 20:00:00,-0.7418200495559395,0.0,0.6311779396024813,0.0,-1.0573461185839923,0.0,2.8907548262785543,0.0,-5.18846401457858,0.0,1.9893687482845568,0.0,8.175829008714597,0.0,-6.587550014824796,0.0,6.587550014824796,0.0,0.0,0.0,-6.587550014824796,0.0,4.189654742026425,0.0,-3.5449041023283305,0.0
2025-10-08 21:00:00,-0.25378052077609947,0.0,-0.7418200495559395,0.0,0.6311779396024813,0.0,-1.0573461185839923,0.0,2.8907548262785543,0.0,-5.18846401457858,0.0,1.9893687482845568,0.0,8.175829008714597,0.0,-6.587550014824796,0.0,6.587550014824796,0.0,0.0,0.0,-6.587550014824796,0.0,4.189654742026425,0.0
2025-10-08 22:00:00,-1.4152818979931432,0.0,-0.25378052077609947,0.0,-0.7418200495559395,0.0,0.6311779396024813,0.0,-1.0573461185839923,0.0,2.8907548262785543,0.0,-5.18846401457858,0.0,1.9893687482845568,0.0,8.175829008714597,0.0,-6.587550014824796,0.0,6.587550014824796,0.0,0.0,0.0,-6.587550014824796,0.0
2025-10-08 23:00:00,0.4950150177393482,0.0,-1.4152818979931432,0.0,-0.25378052077609947,0.0,-0.7418200495559395,0.0,0.6311779396024813,0.0,-1.0573461185839923,0.0,2.8907548262785543,0.0,-5.18846401457858,0.0,1.9893687482845568,0.0,8.175829008714597,0.0,-6.587550014824796,0.0,6.587550014824796,0.0,0.0,0.0
2025-10-09 00:00:00,0.6014162449824019,0.0,0.4950150177393482,0.0,-1.4152818979931432,0.0,-0.25378052077609947,0.0,-0.7418200495559395,0.0,0.6311779396024813,0.0,-1.0573461185839923,0.0,2.8907548262785543,0.0,-5.18846401457858,0.0,1.9893687482845568,0.0,8.175829008714597,0.0,-6.587550014824796,0.0,6.587550014824796,0.0
2025-10-09 01:00:00,2.01926032591122,0.0,0.6014162449824019,0.0,0.4950150177393482,0.0,-1.4152818979931432,0.0,-0.25378052077609947,0.0,-0.7418200495559395,0.0,0.6311779396024813,0.0,-1.0573461185839923,0.0,2.8907548262785543,0.0,-5.18846401457858,0.0,1.9893687482845568,0.0,8.175829008714597,0.0,-6.587550014824796,0.0
2025-10-09 02:00:00,-8.146129510025405,0.0,2.01926032591122,0.0,0.6014162449824019,0.0,0.4950150177393482,0.0,-1.4152818979931432,0.0,-0.25378052077609947,0.0,-0.7418200495559395,0.0,0.6311779396024813,0.0,-1.0573461185839923,0.0,2.8907548262785543,0.0,-5.18846401457858,0.0,1.9893687482845568,0.0,8.175829008714597,0.0
2025-10-09 03:00:00,8.71915396346254,0.0,-8.146129510025405,0.0,2.01926032591122,0.0,0.6014162449824019,0.0,0.4950150177393482,0.0,-1.4152818979931432,0.0,-0.25378052077609947,0.0,-0.7418200495559395,0.0,0.6311779396024813,0.0,-1.0573461185839923,0.0,2.8907548262785543,0.0,-5.18846401457858,0.0,1.9893687482845568,0.0
2025-10-09 04:00:00,-3.035574196123859,0.0,8.71915396346254,0.0,-8.146129510025405,0.0,2.01926032591122,0.0,0.6014162449824019,0.0,0.4950150177393482,0.0,-1.4152818979931432,0.0,-0.25378052077609947,0.0,-0.7418200495559395,0.0,0.6311779396024813,0.0,-1.0573461185839923,0.0,2.8907548262785543,0.0,-5.18846401457858,0.0
2025-10-09 05:00:00,-5.683579767338681,0.0,-3.035574196123859,0.0,8.71915396346254,0.0,-8.146129510025405,0.0,2.01926032591122,0.0,0.6014162449824019,0.0,0.4950150177393482,0.0,-1.4152818979931432,0.0,-0.25378052077609947,0.0,-0.7418200495559395,0.0,0.6311779396024813,0.0,-1.0573461185839923,0.0,2.8907548262785543,0.0
2025-10-09 06:00:00,8.097730573664219,0.0,-5.683579767338681,0.0,-3.035574196123859,0.0,8.71915396346254,0.0,-8.146129510025405,0.0,2.01926032591122,0.0,0.6014162449824019,0.0,0.4950150177393482,0.0,-1.4152818979931432,0.0,-0.25378052077609947,0.0,-0.7418200495559395,0.0,0.6311779396024813,0.0,-1.0573461185839923,0.0
2025-10-09 07:00:00,-8.097730573664219,0.0,8.097730573664219,0.0,-5.683579767338681,0.0,-3.035574196123859,0.0,8.71915396346254,0.0,-8.146129510025405,0.0,2.01926032591122,0.0,0.6014162449824019,0.0,0.4950150177393482,0.0,-1.4152818979931432,0.0,-0.25378052077609947,0.0,-0.7418200495559395,0.0,0.6311779396024813,0.0
2025-10-09 08:00:00,0.0,0.0,-8.097730573664219,0.0,8.097730573664219,0.0,-5.683579767338681,0.0,-3.035574196123859,0.0,8.71915396346254,0.0,-8.146129510025405,0.0,2.01926032591122,0.0,0.6014162449824019,0.0,0.4950150177393482,0.0,-1.4152818979931432,0.0,-0.25378052077609947,0.0,-0.7418200495559395,0.0
2025-10-09 09:00:00,0.0,0.0,0.0,0.0,-8.097730573664219,0.0,8.097730573664219,0.0,-5.683579767338681,0.0,-3.035574196123859,0.0,8.71915396346254,0.0,-8.146129510025405,0.0,2.01926032591122,0.0,0.6014162449824019,0.0,0.4950150177393482,0.0,-1.4152818979931432,0.0,-0.25378052077609947,0.0
2025-10-09 10:00:00,0.0,0.0,0.0,0.0,0.0,0.0,-8.097730573664219,0.0,8.097730573664219,0.0,-5.683579767338681,0.0,-3.035574196123859,0.0,8.71915396346254,0.0,-8.146129510025405,0.0,2.01926032591122,0.0,0.6014162449824019,0.0,0.4950150177393482,0.0,-1.4152818979931432,0.0
2025-10-09 11:00:00,0.0,0.0,0.0,0.0,0.0,0.0,0.0,0.0,-8.097730573664219,0.0,8.097730573664219,0.0,-5.683579767338681,0.0,-3.035574196123859,0.0,8.71915396346254,0.0,-8.146129510025405,0.0,2.01926032591122,0.0,0.6014162449824019,0.0,0.4950150177393482,0.0
2025-10-09 12:00:00,0.0,0.0,0.0,0.0,0.0,0.0,0.0,0.0,0.0,0.0,-8.097730573664219,0.0,8.097730573664219,0.0,-5.683579767338681,0.0,-3.035574196123859,0.0,8.71915396346254,0.0,-8.146129510025405,0.0,2.01926032591122,0.0,0.6014162449824019,0.0
2025-10-09 13:00:00,5.204006687076795,0.0,0.0,0.0,0.0,0.0,0.0,0.0,0.0,0.0,0.0,0.0,-8.097730573664219,0.0,8.097730573664219,0.0,-5.683579767338681,0.0,-3.035574196123859,0.0,8.71915396346254,0.0,-8.146129510025405,0.0,2.01926032591122,0.0
2025-10-09 14:00:00,1.5644865245718345,0.0,5.204006687076795,0.0,0.0,0.0,0.0,0.0,0.0,0.0,0.0,0.0,0.0,0.0,-8.097730573664219,0.0,8.097730573664219,0.0,-5.683579767338681,0.0,-3.035574196123859,0.0,8.71915396346254,0.0,-8.146129510025405,0.0
2025-10-09 15:00:00,2.111535905819813,0.0,1.5644865245718345,0.0,5.204006687076795,0.0,0.0,0.0,0.0,0.0,0.0,0.0,0.0,0.0,0.0,0.0,-8.097730573664219,0.0,8.097730573664219,0.0,-5.683579767338681,0.0,-3.035574196123859,0.0,8.71915396346254,0.0
2025-10-09 16:00:00,0.4764009603796353,0.0,2.111535905819813,0.0,1.5644865245718345,0.0,5.204006687076795,0.0,0.0,0.0,0.0,0.0,0.0,0.0,0.0,0.0,0.0,0.0,-8.097730573664219,0.0,8.097730573664219,0.0,-5.683579767338681,0.0,-3.035574196123859,0.0
2025-10-09 17:00:00,-9.356430077848078,0.0,0.4764009603796353,0.0,2.111535905819813,0.0,1.5644865245718345,0.0,5.204006687076795,0.0,0.0,0.0,0.0,0.0,0.0,0.0,0.0,0.0,0.0,0.0,-8.097730573664219,0.0,8.097730573664219,0.0,-5.683579767338681,0.0
2025-10-09 18:00:00,7.686162303492906,0.0,-9.356430077848078,0.0,0.4764009603796353,0.0,2.111535905819813,0.0,1.5644865245718345,0.0,5.204006687076795,0.0,0.0,0.0,0.0,0.0,0.0,0.0,0.0,0.0,0.0,0.0,-8.097730573664219,0.0,8.097730573664219,0.0
2025-10-09 19:00:00,2.347388133341391,0.0,7.686162303492906,0.0,-9.356430077848078,0.0,0.4764009603796353,0.0,2.111535905819813,0.0,1.5644865245718345,0.0,5.204006687076795,0.0,0.0,0.0,0.0,0.0,0.0,0.0,0.0,0.0,0.0,0.0,-8.097730573664219,0.0
2025-10-09 20:00:00,-0.38579419551812144,0.0,2.347388133341391,0.0,7.686162303492906,0.0,-9.356430077848078,0.0,0.4764009603796353,0.0,2.111535905819813,0.0,1.5644865245718345,0.0,5.204006687076795,0.0,0.0,0.0,0.0,0.0,0.0,0.0,0.0,0.0,0.0,0.0
2025-10-09 21:00:00,-1.5802935743061184,0.0,-0.38579419551812144,0.0,2.347388133341391,0.0,7.686162303492906,0.0,-9.356430077848078,0.0,0.4764009603796353,0.0,2.111535905819813,0.0,1.5644865245718345,0.0,5.204006687076795,0.0,0.0,0.0,0.0,0.0,0.0,0.0,0.0,0.0
2025-10-09 22:00:00,0.00905266054227205,0.0,-1.5802935743061184,0.0,-0.38579419551812144,0.0,2.347388133341391,0.0,7.686162303492906,0.0,-9.356430077848078,0.0,0.4764009603796353,0.0,2.111535905819813,0.0,1.5644865245718345,0.0,5.204006687076795,0.0,0.0,0.0,0.0,0.0,0.0,0.0
2025-10-09 23:00:00,0.7388546734083317,0.0,0.00905266054227205,0.0,-1.5802935743061184,0.0,-0.38579419551812144,0.0,2.347388133341391,0.0,7.686162303492906,0.0,-9.356430077848078,0.0,0.4764009603796353,0.0,2.111535905819813,0.0,1.5644865245718345,0.0,5.204006687076795,0.0,0.0,0.0,0.0,0.0
2025-10-10 00:00:00,-0.12439158377275561,0.0,0.7388546734083317,0.0,0.00905266054227205,0.0,-1.5802935743061184,0.0,-0.38579419551812144,0.0,2.347388133341391,0.0,7.686162303492906,0.0,-9.356430077848078,0.0,0.4764009603796353,0.0,2.111535905819813,0.0,1.5644865245718345,0.0,5.204006687076795,0.0,0.0,0.0
2025-10-10 01:00:00,0.8573330675332258,0.0,-0.12439158377275561,0.0,0.7388546734083317,0.0,0.00905266054227205,0.0,-1.5802935743061184,0.0,-0.38579419551812144,0.0,2.347388133341391,0.0,7.686162303492906,0.0,-9.356430077848078,0.0,0.4764009603796353,0.0,2.111535905819813,0.0,1.5644865245718345,0.0,5.204006687076795,0.0
2025-10-10 02:00:00,-0.47619923202839054,0.0,0.8573330675332258,0.0,-0.12439158377275561,0.0,0.7388546734083317,0.0,0.00905266054227205,0.0,-1.5802935743061184,0.0,-0.38579419551812144,0.0,2.347388133341391,0.0,7.686162303492906,0.0,-9.356430077848078,0.0,0.4764009603796353,0.0,2.111535905819813,0.0,1.5644865245718345,0.0
2025-10-10 03:00:00,-0.6300737348772625,0.0,-0.47619923202839054,0.0,0.8573330675332258,0.0,-0.12439158377275561,0.0,0.7388546734083317,0.0,0.00905266054227205,0.0,-1.5802935743061184,0.0,-0.38579419551812144,0.0,2.347388133341391,0.0,7.686162303492906,0.0,-9.356430077848078,0.0,0.4764009603796353,0.0,2.111535905819813,0.0
2025-10-10 04:00:00,0.5697289567807005,0.0,-0.6300737348772625,0.0,-0.47619923202839054,0.0,0.8573330675332258,0.0,-0.12439158377275561,0.0,0.7388546734083317,0.0,0.00905266054227205,0.0,-1.5802935743061184,0.0,-0.38579419551812144,0.0,2.347388133341391,0.0,7.686162303492906,0.0,-9.356430077848078,0.0,0.4764009603796353,0.0
2025-10-10 05:00:00,-4.792259769420071,0.0,0.5697289567807005,0.0,-0.6300737348772625,0.0,-0.47619923202839054,0.0,0.8573330675332258,0.0,-0.12439158377275561,0.0,0.7388546734083317,0.0,0.00905266054227205,0.0,-1.5802935743061184,0.0,-0.38579419551812144,0.0,2.347388133341391,0.0,7.686162303492906,0.0,-9.356430077848078,0.0
2025-10-10 06:00:00,1.7466390339475852,0.0,-4.792259769420071,0.0,0.5697289567807005,0.0,-0.6300737348772625,0.0,-0.47619923202839054,0.0,0.8573330675332258,0.0,-0.12439158377275561,0.0,0.7388546734083317,0.0,0.00905266054227205,0.0,-1.5802935743061184,0.0,-0.38579419551812144,0.0,2.347388133341391,0.0,7.686162303492906,0.0
2025-10-10 07:00:00,1.645200978279929,0.0,1.7466390339475852,0.0,-4.792259769420071,0.0,0.5697289567807005,0.0,-0.6300737348772625,0.0,-0.47619923202839054,0.0,0.8573330675332258,0.0,-0.12439158377275561,0.0,0.7388546734083317,0.0,0.00905266054227205,0.0,-1.5802935743061184,0.0,-0.38579419551812144,0.0,2.347388133341391,0.0
2025-10-10 08:00:00,-7.611347717403621,0.0,1.645200978279929,0.0,1.7466390339475852,0.0,-4.792259769420071,0.0,0.5697289567807005,0.0,-0.6300737348772625,0.0,-0.47619923202839054,0.0,0.8573330675332258,0.0,-0.12439158377275561,0.0,0.7388546734083317,0.0,0.00905266054227205,0.0,-1.5802935743061184,0.0,-0.38579419551812144,0.0
2025-10-10 09:00:00,4.219507705176107,0.0,-7.611347717403621,0.0,1.645200978279929,0.0,1.7466390339475852,0.0,-4.792259769420071,0.0,0.5697289567807005,0.0,-0.6300737348772625,0.0,-0.47619923202839054,0.0,0.8573330675332258,0.0,-0.12439158377275561,0.0,0.7388546734083317,0.0,0.00905266054227205,0.0,-1.5802935743061184,0.0
2025-10-10 10:00:00,-4.219507705176107,0.0,4.219507705176107,0.0,-7.611347717403621,0.0,1.645200978279929,0.0,1.7466390339475852,0.0,-4.792259769420071,0.0,0.5697289567807005,0.0,-0.6300737348772625,0.0,-0.47619923202839054,0.0,0.8573330675332258,0.0,-0.12439158377275561,0.0,0.7388546734083317,0.0,0.00905266054227205,0.0
2025-10-10 11:00:00,5.820082930352362,0.0,-4.219507705176107,0.0,4.219507705176107,0.0,-7.611347717403621,0.0,1.645200978279929,0.0,1.7466390339475852,0.0,-4.792259769420071,0.0,0.5697289567807005,0.0,-0.6300737348772625,0.0,-0.47619923202839054,0.0,0.8573330675332258,0.0,-0.12439158377275561,0.0,0.7388546734083317,0.0
2025-10-10 12:00:00,-4.028323461124307,0.0,5.820082930352362,0.0,-4.219507705176107,0.0,4.219507705176107,0.0,-7.611347717403621,0.0,1.645200978279929,0.0,1.7466390339475852,0.0,-4.792259769420071,0.0,0.5697289567807005,0.0,-0.6300737348772625,0.0,-0.47619923202839054,0.0,0.8573330675332258,0.0,-0.12439158377275561,0.0
2025-10-10 13:00:00,6.587779556889387,0.0,-4.028323461124307,0.0,5.820082930352362,0.0,-4.219507705176107,0.0,4.219507705176107,0.0,-7.611347717403621,0.0,1.645200978279929,0.0,1.7466390339475852,0.0,-4.792259769420071,0.0,0.5697289567807005,0.0,-0.6300737348772625,0.0,-0.47619923202839054,0.0,0.8573330675332258,0.0
2025-10-10 14:00:00,0.43672118261713955,0.0,6.587779556889387,0.0,-4.028323461124307,0.0,5.820082930352362,0.0,-4.219507705176107,0.0,4.219507705176107,0.0,-7.611347717403621,0.0,1.645200978279929,0.0,1.7466390339475852,0.0,-4.792259769420071,0.0,0.5697289567807005,0.0,-0.6300737348772625,0.0,-0.47619923202839054,0.0
2025-10-10 15:00:00,-2.7712548946985693,0.0,0.43672118261713955,0.0,6.587779556889387,0.0,-4.028323461124307,0.0,5.820082930352362,0.0,-4.219507705176107,0.0,4.219507705176107,0.0,-7.611347717403621,0.0,1.645200978279929,0.0,1.7466390339475852,0.0,-4.792259769420071,0.0,0.5697289567807005,0.0,-0.6300737348772625,0.0
2025-10-10 16:00:00,3.9563799767765753,0.0,-2.7712548946985693,0.0,0.43672118261713955,0.0,6.587779556889387,0.0,-4.028323461124307,0.0,5.820082930352362,0.0,-4.219507705176107,0.0,4.219507705176107,0.0,-7.611347717403621,0.0,1.645200978279929,0.0,1.7466390339475852,0.0,-4.792259769420071,0.0,0.5697289567807005,0.0
2025-10-10 17:00:00,-2.7607355965571214,0.0,3.9563799767765753,0.0,-2.7712548946985693,0.0,0.43672118261713955,0.0,6.587779556889387,0.0,-4.028323461124307,0.0,5.820082930352362,0.0,-4.219507705176107,0.0,4.219507705176107,0.0,-7.611347717403621,0.0,1.645200978279929,0.0,1.7466390339475852,0.0,-4.792259769420071,0.0
2025-10-10 18:00:00,2.6166892022546824,0.0,-2.7607355965571214,0.0,3.9563799767765753,0.0,-2.7712548946985693,0.0,0.43672118261713955,0.0,6.587779556889387,0.0,-4.028323461124307,0.0,5.820082930352362,0.0,-4.219507705176107,0.0,4.219507705176107,0.0,-7.611347717403621,0.0,1.645200978279929,0.0,1.7466390339475852,0.0
2025-10-10 19:00:00,-1.131019945547905,0.0,2.6166892022546824,0.0,-2.7607355965571214,0.0,3.9563799767765753,0.0,-2.7712548946985693,0.0,0.43672118261713955,0.0,6.587779556889387,0.0,-4.028323461124307,0.0,5.820082930352362,0.0,-4.219507705176107,0.0,4.219507705176107,0.0,-7.611347717403621,0.0,1.645200978279929,0.0
2025-10-10 20:00:00,0.7202786114735318,0.0,-1.131019945547905,0.0,2.6166892022546824,0.0,-2.7607355965571214,0.0,3.9563799767765753,0.0,-2.7712548946985693,0.0,0.43672118261713955,0.0,6.587779556889387,0.0,-4.028323461124307,0.0,5.820082930352362,0.0,-4.219507705176107,0.0,4.219507705176107,0.0,-7.611347717403621,0.0
2025-10-10 21:00:00,-1.2313206034991424,0.0,0.7202786114735318,0.0,-1.131019945547905,0.0,2.6166892022546824,0.0,-2.7607355965571214,0.0,3.9563799767765753,0.0,-2.7712548946985693,0.0,0.43672118261713955,0.0,6.587779556889387,0.0,-4.028323461124307,0.0,5.820082930352362,0.0,-4.219507705176107,0.0,4.219507705176107,0.0
2025-10-10 22:00:00,0.4280201092753302,0.0,-1.2313206034991424,0.0,0.7202786114735318,0.0,-1.131019945547905,0.0,2.6166892022546824,0.0,-2.7607355965571214,0.0,3.9563799767765753,0.0,-2.7712548946985693,0.0,0.43672118261713955,0.0,6.587779556889387,0.0,-4.028323461124307,0.0,5.820082930352362,0.0,-4.219507705176107,0.0
2025-10-10 23:00:00,0.31717069270798603,0.0,0.4280201092753302,0.0,-1.2313206034991424,0.0,0.7202786114735318,0.0,-1.131019945547905,0.0,2.6166892022546824,0.0,-2.7607355965571214,0.0,3.9563799767765753,0.0,-2.7712548946985693,0.0,0.43672118261713955,0.0,6.587779556889387,0.0,-4.028323461124307,0.0,5.820082930352362,0.0
2025-10-11 00:00:00,0.16202452048303861,0.0,0.31717069270798603,0.0,0.4280201092753302,0.0,-1.2313206034991424,0.0,0.7202786114735318,0.0,-1.131019945547905,0.0,2.6166892022546824,0.0,-2.7607355965571214,0.0,3.9563799767765753,0.0,-2.7712548946985693,0.0,0.43672118261713955,0.0,6.587779556889387,0.0,-4.028323461124307,0.0
2025-10-11 01:00:00,0.7979998699489652,0.0,0.16202452048303861,0.0,0.31717069270798603,0.0,0.4280201092753302,0.0,-1.2313206034991424,0.0,0.7202786114735318,0.0,-1.131019945547905,0.0,2.6166892022546824,0.0,-2.7607355965571214,0.0,3.9563799767765753,0.0,-2.7712548946985693,0.0,0.43672118261713955,0.0,6.587779556889387,0.0
2025-10-11 02:00:00,-2.7193212680702743,0.0,0.7979998699489652,0.0,0.16202452048303861,0.0,0.31717069270798603,0.0,0.4280201092753302,0.0,-1.2313206034991424,0.0,0.7202786114735318,0.0,-1.131019945547905,0.0,2.6166892022546824,0.0,-2.7607355965571214,0.0,3.9563799767765753,0.0,-2.7712548946985693,0.0,0.43672118261713955,0.0
2025-10-11 03:00:00,0.435581229154101,0.0,-2.7193212680702743,0.0,0.7979998699489652,0.0,0.16202452048303861,0.0,0.31717069270798603,0.0,0.4280201092753302,0.0,-1.2313206034991424,0.0,0.7202786114735318,0.0,-1.131019945547905,0.0,2.6166892022546824,0.0,-2.7607355965571214,0.0,3.9563799767765753,0.0,-2.7712548946985693,0.0
2025-10-11 04:00:00,-0.985180238846052,0.0,0.435581229154101,0.0,-2.7193212680702743,0.0,0.7979998699489652,0.0,0.16202452048303861,0.0,0.31717069270798603,0.0,0.4280201092753302,0.0,-1.2313206034991424,0.0,0.7202786114735318,0.0,-1.131019945547905,0.0,2.6166892022546824,0.0,-2.7607355965571214,0.0,3.9563799767765753,0.0
2025-10-11 05:00:00,2.1824737675780703,0.0,-0.985180238846052,0.0,0.435581229154101,0.0,-2.7193212680702743,0.0,0.7979998699489652,0.0,0.16202452048303861,0.0,0.31717069270798603,0.0,0.4280201092753302,0.0,-1.2313206034991424,0.0,0.7202786114735318,0.0,-1.131019945547905,0.0,2.6166892022546824,0.0,-2.7607355965571214,0.0
2025-10-11 06:00:00,-6.349138991379798,0.0,2.1824737675780703,0.0,-0.985180238846052,0.0,0.435581229154101,0.0,-2.7193212680702743,0.0,0.7979998699489652,0.0,0.16202452048303861,0.0,0.31717069270798603,0.0,0.4280201092753302,0.0,-1.2313206034991424,0.0,0.7202786114735318,0.0,-1.131019945547905,0.0,2.6166892022546824,0.0
2025-10-11 07:00:00,2.9873640238834747,0.0,-6.349138991379798,0.0,2.1824737675780703,0.0,-0.985180238846052,0.0,0.435581229154101,0.0,-2.7193212680702743,0.0,0.7979998699489652,0.0,0.16202452048303861,0.0,0.31717069270798603,0.0,0.4280201092753302,0.0,-1.2313206034991424,0.0,0.7202786114735318,0.0,-1.131019945547905,0.0
2025-10-11 08:00:00,-5.472270673671475,0.0,2.9873640238834747,0.0,-6.349138991379798,0.0,2.1824737675780703,0.0,-0.985180238846052,0.0,0.435581229154101,0.0,-2.7193212680702743,0.0,0.7979998699489652,0.0,0.16202452048303861,0.0,0.31717069270798603,0.0,0.4280201092753302,0.0,-1.2313206034991424,0.0,0.7202786114735318,0.0
2025-10-11 09:00:00,0.0,0.0,-5.472270673671475,0.0,2.9873640238834747,0.0,-6.349138991379798,0.0,2.1824737675780703,0.0,-0.985180238846052,0.0,0.435581229154101,0.0,-2.7193212680702743,0.0,0.7979998699489652,0.0,0.16202452048303861,0.0,0.31717069270798603,0.0,0.4280201092753302,0.0,-1.2313206034991424,0.0
2025-10-11 10:00:00,1.3862943611198906,0.0,0.0,0.0,-5.472270673671475,0.0,2.9873640238834747,0.0,-6.349138991379798,0.0,2.1824737675780703,0.0,-0.985180238846052,0.0,0.435581229154101,0.0,-2.7193212680702743,0.0,0.7979998699489652,0.0,0.16202452048303861,0.0,0.31717069270798603,0.0,0.4280201092753302,0.0
2025-10-11 11:00:00,-1.3862943611198906,0.0,1.3862943611198906,0.0,0.0,0.0,-5.472270673671475,0.0,2.9873640238834747,0.0,-6.349138991379798,0.0,2.1824737675780703,0.0,-0.985180238846052,0.0,0.435581229154101,0.0,-2.7193212680702743,0.0,0.7979998699489652,0.0,0.16202452048303861,0.0,0.31717069270798603,0.0
2025-10-11 12:00:00,6.608000625296087,0.0,-1.3862943611198906,0.0,1.3862943611198906,0.0,0.0,0.0,-5.472270673671475,0.0,2.9873640238834747,0.0,-6.349138991379798,0.0,2.1824737675780703,0.0,-0.985180238846052,0.0,0.435581229154101,0.0,-2.7193212680702743,0.0,0.7979998699489652,0.0,0.16202452048303861,0.0
2025-10-11 13:00:00,2.452330479353388,0.0,6.608000625296087,0.0,-1.3862943611198906,0.0,1.3862943611198906,0.0,0.0,0.0,-5.472270673671475,0.0,2.9873640238834747,0.0,-6.349138991379798,0.0,2.1824737675780703,0.0,-0.985180238846052,0.0,0.435581229154101,0.0,-2.7193212680702743,0.0,0.7979998699489652,0.0
2025-10-11 14:00:00,-4.455160918661383,0.0,2.452330479353388,0.0,6.608000625296087,0.0,-1.3862943611198906,0.0,1.3862943611198906,0.0,0.0,0.0,-5.472270673671475,0.0,2.9873640238834747,0.0,-6.349138991379798,0.0,2.1824737675780703,0.0,-0.985180238846052,0.0,0.435581229154101,0.0,-2.7193212680702743,0.0
2025-10-11 15:00:00,0.4762341789963713,0.0,-4.455160918661383,0.0,2.452330479353388,0.0,6.608000625296087,0.0,-1.3862943611198906,0.0,1.3862943611198906,0.0,0.0,0.0,-5.472270673671475,0.0,2.9873640238834747,0.0,-6.349138991379798,0.0,2.1824737675780703,0.0,-0.985180238846052,0.0,0.435581229154101,0.0
2025-10-11 16:00:00,2.1720660177000646,0.0,0.4762341789963713,0.0,-4.455160918661383,0.0,2.452330479353388,0.0,6.608000625296087,0.0,-1.3862943611198906,0.0,1.3862943611198906,0.0,0.0,0.0,-5.472270673671475,0.0,2.9873640238834747,0.0,-6.349138991379798,0.0,2.1824737675780703,0.0,-0.985180238846052,0.0
2025-10-11 17:00:00,1.6964139030934664,0.0,2.1720660177000646,0.0,0.4762341789963713,0.0,-4.455160918661383,0.0,2.452330479353388,0.0,6.608000625296087,0.0,-1.3862943611198906,0.0,1.3862943611198906,0.0,0.0,0.0,-5.472270673671475,0.0,2.9873640238834747,0.0,-6.349138991379798,0.0,2.1824737675780703,0.0
2025-10-11 18:00:00,-0.7882238337217125,0.0,1.6964139030934664,0.0,2.1720660177000646,0.0,0.4762341789963713,0.0,-4.455160918661383,0.0,2.452330479353388,0.0,6.608000625296087,0.0,-1.3862943611198906,0.0,1.3862943611198906,0.0,0.0,0.0,-5.472270673671475,0.0,2.9873640238834747,0.0,-6.349138991379798,0.0
2025-10-11 19:00:00,-2.3964693492714373,0.0,-0.7882238337217125,0.0,1.6964139030934664,0.0,2.1720660177000646,0.0,0.4762341789963713,0.0,-4.455160918661383,0.0,2.452330479353388,0.0,6.608000625296087,0.0,-1.3862943611198906,0.0,1.3862943611198906,0.0,0.0,0.0,-5.472270673671475,0.0,2.9873640238834747,0.0
2025-10-11 20:00:00,2.184606113377008,0.0,-2.3964693492714373,0.0,-0.7882238337217125,0.0,1.6964139030934664,0.0,2.1720660177000646,0.0,0.4762341789963713,0.0,-4.455160918661383,0.0,2.452330479353388,0.0,6.608000625296087,0.0,-1.3862943611198906,0.0,1.3862943611198906,0.0,0.0,0.0,-5.472270673671475,0.0
2025-10-11 21:00:00,-1.215205556188904,0.0,2.184606113377008,0.0,-2.3964693492714373,0.0,-0.7882238337217125,0.0,1.6964139030934664,0.0,2.1720660177000646,0.0,0.4762341789963713,0.0,-4.455160918661383,0.0,2.452330479353388,0.0,6.608000625296087,0.0,-1.3862943611198906,0.0,1.3862943611198906,0.0,0.0,0.0
2025-10-11 22:00:00,1.1807565092901298,0.0,-1.215205556188904,0.0,2.184606113377008,0.0,-2.3964693492714373,0.0,-0.7882238337217125,0.0,1.6964139030934664,0.0,2.1720660177000646,0.0,0.4762341789963713,0.0,-4.455160918661383,0.0,2.452330479353388,0.0,6.608000625296087,0.0,-1.3862943611198906,0.0,1.3862943611198906,0.0
2025-10-11 23:00:00,0.9001702547034203,0.0,1.1807565092901298,0.0,-1.215205556188904,0.0,2.184606113377008,0.0,-2.3964693492714373,0.0,-0.7882238337217125,0.0,1.6964139030934664,0.0,2.1720660177000646,0.0,0.4762341789963713,0.0,-4.455160918661383,0.0,2.452330479353388,0.0,6.608000625296087,0.0,-1.3862943611198906,0.0
2025-10-12 00:00:00,-1.7971166248972974,0.0,0.9001702547034203,0.0,1.1807565092901298,0.0,-1.215205556188904,0.0,2.184606113377008,0.0,-2.3964693492714373,0.0,-0.7882238337217125,0.0,1.6964139030934664,0.0,2.1720660177000646,0.0,0.4762341789963713,0.0,-4.455160918661383,0.0,2.452330479353388,0.0,6.608000625296087,0.0
2025-10-12 01:00:00,0.018625815617075325,0.0,-1.7971166248972974,0.0,0.9001702547034203,0.0,1.1807565092901298,0.0,-1.215205556188904,0.0,2.184606113377008,0.0,-2.3964693492714373,0.0,-0.7882238337217125,0.0,1.6964139030934664,0.0,2.1720660177000646,0.0,0.4762341789963713,0.0,-4.455160918661383,0.0,2.452330479353388,0.0
2025-10-12 02:00:00,-2.019747777871352,0.0,0.018625815617075325,0.0,-1.7971166248972974,0.0,0.9001702547034203,0.0,1.1807565092901298,0.0,-1.215205556188904,0.0,2.184606113377008,0.0,-2.3964693492714373,0.0,-0.7882238337217125,0.0,1.6964139030934664,0.0,2.1720660177000646,0.0,0.4762341789963713,0.0,-4.455160918661383,0.0
2025-10-12 03:00:00,2.2425397735482617,0.0,-2.019747777871352,0.0,0.018625815617075325,0.0,-1.7971166248972974,0.0,0.9001702547034203,0.0,1.1807565092901298,0.0,-1.215205556188904,0.0,2.184606113377008,0.0,-2.3964693492714373,0.0,-0.7882238337217125,0.0,1.6964139030934664,0.0,2.1720660177000646,0.0,0.4762341789963713,0.0
2025-10-12 04:00:00,-0.6531694241649708,0.0,2.2425397735482617,0.0,-2.019747777871352,0.0,0.018625815617075325,0.0,-1.7971166248972974,0.0,0.9001702547034203,0.0,1.1807565092901298,0.0,-1.215205556188904,0.0,2.184606113377008,0.0,-2.3964693492714373,0.0,-0.7882238337217125,0.0,1.6964139030934664,0.0,2.1720660177000646,0.0
2025-10-12 05:00:00,-3.0231312477421053,0.0,-0.6531694241649708,0.0,2.2425397735482617,0.0,-2.019747777871352,0.0,0.018625815617075325,0.0,-1.7971166248972974,0.0,0.9001702547034203,0.0,1.1807565092901298,0.0,-1.215205556188904,0.0,2.184606113377008,0.0,-2.3964693492714373,0.0,-0.7882238337217125,0.0,1.6964139030934664,0.0
2025-10-12 06:00:00,-3.58351893845611,0.0,-3.0231312477421053,0.0,-0.6531694241649708,0.0,2.2425397735482617,0.0,-2.019747777871352,0.0,0.018625815617075325,0.0,-1.7971166248972974,0.0,0.9001702547034203,0.0,1.1807565092901298,0.0,-1.215205556188904,0.0,2.184606113377008,0.0,-2.3964693492714373,0.0,-0.7882238337217125,0.0
2025-10-12 07:00:00,6.226536669287466,0.0,-3.58351893845611,0.0,-3.0231312477421053,0.0,-0.6531694241649708,0.0,2.2425397735482617,0.0,-2.019747777871352,0.0,0.018625815617075325,0.0,-1.7971166248972974,0.0,0.9001702547034203,0.0,1.1807565092901298,0.0,-1.215205556188904,0.0,2.184606113377008,0.0,-2.3964693492714373,0.0
2025-10-12 08:00:00,-6.226536669287466,0.0,6.226536669287466,0.0,-3.58351893845611,0.0,-3.0231312477421053,0.0,-0.6531694241649708,0.0,2.2425397735482617,0.0,-2.019747777871352,0.0,0.018625815617075325,0.0,-1.7971166248972974,0.0,0.9001702547034203,0.0,1.1807565092901298,0.0,-1.215205556188904,0.0,2.184606113377008,0.0
2025-10-12 09:00:00,9.622118842140939,0.0,-6.226536669287466,0.0,6.226536669287466,0.0,-3.58351893845611,0.0,-3.0231312477421053,0.0,-0.6531694241649708,0.0,2.2425397735482617,0.0,-2.019747777871352,0.0,0.018625815617075325,0.0,-1.7971166248972974,0.0,0.9001702547034203,0.0,1.1807565092901298,0.0,-1.215205556188904,0.0
2025-10-12 10:00:00,-6.095758317524777,0.0,9.622118842140939,0.0,-6.226536669287466,0.0,6.226536669287466,0.0,-3.58351893845611,0.0,-3.0231312477421053,0.0,-0.6531694241649708,0.0,2.2425397735482617,0.0,-2.019747777871352,0.0,0.018625815617075325,0.0,-1.7971166248972974,0.0,0.9001702547034203,0.0,1.1807565092901298,0.0
2025-10-12 11:00:00,-3.5263605246161616,0.0,-6.095758317524777,0.0,9.622118842140939,0.0,-6.226536669287466,0.0,6.226536669287466,0.0,-3.58351893845611,0.0,-3.0231312477421053,0.0,-0.6531694241649708,0.0,2.2425397735482617,0.0,-2.019747777871352,0.0,0.018625815617075325,0.0,-1.7971166248972974,0.0,0.9001702547034203,0.0
2025-10-12 12:00:00,0.0,0.0,-3.5263605246161616,0.0,-6.095758317524777,0.0,9.622118842140939,0.0,-6.226536669287466,0.0,6.226536669287466,0.0,-3.58351893845611,0.0,-3.0231312477421053,0.0,-0.6531694241649708,0.0,2.2425397735482617,0.0,-2.019747777871352,0.0,0.018625815617075325,0.0,-1.7971166248972974,0.0
2025-10-12 13:00:00,0.0,0.0,0.0,0.0,-3.5263605246161616,0.0,-6.095758317524777,0.0,9.622118842140939,0.0,-6.226536669287466,0.0,6.226536669287466,0.0,-3.58351893845611,0.0,-3.0231312477421053,0.0,-0.6531694241649708,0.0,2.2425397735482617,0.0,-2.019747777871352,0.0,0.018625815617075325,0.0
2025-10-12 14:00:00,5.1298987149230735,0.0,0.0,0.0,0.0,0.0,-3.5263605246161616,0.0,-6.095758317524777,0.0,9.622118842140939,0.0,-6.226536669287466,0.0,6.226536669287466,0.0,-3.58351893845611,0.0,-3.0231312477421053,0.0,-0.6531694241649708,0.0,2.2425397735482617,0.0,-2.019747777871352,0.0
2025-10-12 15:00:00,-5.1298987149230735,0.0,5.1298987149230735,0.0,0.0,0.0,0.0,0.0,-3.5263605246161616,0.0,-6.095758317524777,0.0,9.622118842140939,0.0,-6.226536669287466,0.0,6.226536669287466,0.0,-3.58351893845611,0.0,-3.0231312477421053,0.0,-0.6531694241649708,0.0,2.2425397735482617,0.0
2025-10-12 16:00:00,4.90527477843843,0.0,-5.1298987149230735,0.0,5.1298987149230735,0.0,0.0,0.0,0.0,0.0,-3.5263605246161616,0.0,-6.095758317524777,0.0,9.622118842140939,0.0,-6.226536669287466,0.0,6.226536669287466,0.0,-3.58351893845611,0.0,-3.0231312477421053,0.0,-0.6531694241649708,0.0
2025-10-12 17:00:00,2.574589352726597,0.0,4.90527477843843,0.0,-5.1298987149230735,0.0,5.1298987149230735,0.0,0.0,0.0,0.0,0.0,-3.5263605246161616,0.0,-6.095758317524777,0.0,9.622118842140939,0.0,-6.226536669287466,0.0,6.226536669287466,0.0,-3.58351893845611,0.0,-3.0231312477421053,0.0
2025-10-12 18:00:00,-1.539692878444595,0.0,2.574589352726597,0.0,4.90527477843843,0.0,-5.1298987149230735,0.0,5.1298987149230735,0.0,0.0,0.0,0.0,0.0,-3.5263605246161616,0.0,-6.095758317524777,0.0,9.622118842140939,0.0,-6.226536669287466,0.0,6.226536669287466,0.0,-3.58351893845611,0.0
2025-10-12 19:00:00,-3.542275979922061,0.0,-1.539692878444595,0.0,2.574589352726597,0.0,4.90527477843843,0.0,-5.1298987149230735,0.0,5.1298987149230735,0.0,0.0,0.0,0.0,0.0,-3.5263605246161616,0.0,-6.095758317524777,0.0,9.622118842140939,0.0,-6.226536669287466,0.0,6.226536669287466,0.0
2025-10-12 20:00:00,5.2403029714874085,0.0,-3.542275979922061,0.0,-1.539692878444595,0.0,2.574589352726597,0.0,4.90527477843843,0.0,-5.1298987149230735,0.0,5.1298987149230735,0.0,0.0,0.0,0.0,0.0,-3.5263605246161616,0.0,-6.095758317524777,0.0,9.622118842140939,0.0,-6.226536669287466,0.0
2025-10-12 21:00:00,1.314665897295689,0.0,5.2403029714874085,0.0,-3.542275979922061,0.0,-1.539692878444595,0.0,2.574589352726597,0.0,4.90527477843843,0.0,-5.1298987149230735,0.0,5.1298987149230735,0.0,0.0,0.0,0.0,0.0,-3.5263605246161616,0.0,-6.095758317524777,0.0,9.622118842140939,0.0
2025-10-12 22:00:00,-1.1352386985280987,0.0,1.314665897295689,0.0,5.2403029714874085,0.0,-3.542275979922061,0.0,-1.539692878444595,0.0,2.574589352726597,0.0,4.90527477843843,0.0,-5.1298987149230735,0.0,5.1298987149230735,0.0,0.0,0.0,0.0,0.0,-3.5263605246161616,0.0,-6.095758317524777,0.0
2025-10-12 23:00:00,1.7445682675823289,0.0,-1.1352386985280987,0.0,1.314665897295689,0.0,5.2403029714874085,0.0,-3.542275979922061,0.0,-1.539692878444595,0.0,2.574589352726597,0.0,4.90527477843843,0.0,-5.1298987149230735,0.0,5.1298987149230735,0.0,0.0,0.0,0.0,0.0,-3.5263605246161616,0.0
2025-10-13 00:00:00,0.9615208061837457,0.0,1.7445682675823289,0.0,-1.1352386985280987,0.0,1.314665897295689,0.0,5.2403029714874085,0.0,-3.542275979922061,0.0,-1.539692878444595,0.0,2.574589352726597,0.0,4.90527477843843,0.0,-5.1298987149230735,0.0,5.1298987149230735,0.0,0.0,0.0,0.0,0.0
2025-10-13 01:00:00,0.08817821866560926,0.0,0.9615208061837457,0.0,1.7445682675823289,0.0,-1.1352386985280987,0.0,1.314665897295689,0.0,5.2403029714874085,0.0,-3.542275979922061,0.0,-1.539692878444595,0.0,2.574589352726597,0.0,4.90527477843843,0.0,-5.1298987149230735,0.0,5.1298987149230735,0.0,0.0,0.0
2025-10-13 02:00:00,-3.8376688491274393,0.0,0.08817821866560926,0.0,0.9615208061837457,0.0,1.7445682675823289,0.0,-1.1352386985280987,0.0,1.314665897295689,0.0,5.2403029714874085,0.0,-3.542275979922061,0.0,-1.539692878444595,0.0,2.574589352726597,0.0,4.90527477843843,0.0,-5.1298987149230735,0.0,5.1298987149230735,0.0
2025-10-13 03:00:00,-0.0527981855669708,0.0,-3.8376688491274393,0.0,0.08817821866560926,0.0,0.9615208061837457,0.0,1.7445682675823289,0.0,-1.1352386985280987,0.0,1.314665897295689,0.0,5.2403029714874085,0.0,-3.542275979922061,0.0,-1.539692878444595,0.0,2.574589352726597,0.0,4.90527477843843,0.0,-5.1298987149230735,0.0
2025-10-13 04:00:00,2.991264476470487,0.0,-0.0527981855669708,0.0,-3.8376688491274393,0.0,0.08817821866560926,0.0,0.9615208061837457,0.0,1.7445682675823289,0.0,-1.1352386985280987,0.0,1.314665897295689,0.0,5.2403029714874085,0.0,-3.542275979922061,0.0,-1.539692878444595,0.0,2.574589352726597,0.0,4.90527477843843,0.0
2025-10-13 05:00:00,-0.5709498967772042,0.0,2.991264476470487,0.0,-0.0527981855669708,0.0,-3.8376688491274393,0.0,0.08817821866560926,0.0,0.9615208061837457,0.0,1.7445682675823289,0.0,-1.1352386985280987,0.0,1.314665897295689,0.0,5.2403029714874085,0.0,-3.542275979922061,0.0,-1.539692878444595,0.0,2.574589352726597,0.0
2025-10-13 06:00:00,-5.152756233919652,0.0,-0.5709498967772042,0.0,2.991264476470487,0.0,-0.0527981855669708,0.0,-3.8376688491274393,0.0,0.08817821866560926,0.0,0.9615208061837457,0.0,1.7445682675823289,0.0,-1.1352386985280987,0.0,1.314665897295689,0.0,5.2403029714874085,0.0,-3.542275979922061,0.0,-1.539692878444595,0.0
2025-10-13 07:00:00,-3.9889840465642745,0.0,-5.152756233919652,0.0,-0.5709498967772042,0.0,2.991264476470487,0.0,-0.0527981855669708,0.0,-3.8376688491274393,0.0,0.08817821866560926,0.0,0.9615208061837457,0.0,1.7445682675823289,0.0,-1.1352386985280987,0.0,1.314665897295689,0.0,5.2403029714874085,0.0,-3.542275979922061,0.0
2025-10-13 08:00:00,5.834810737062605,0.0,-3.9889840465642745,0.0,-5.152756233919652,0.0,-0.5709498967772042,0.0,2.991264476470487,0.0,-0.0527981855669708,0.0,-3.8376688491274393,0.0,0.08817821866560926,0.0,0.9615208061837457,0.0,1.7445682675823289,0.0,-1.1352386985280987,0.0,1.314665897295689,0.0,5.2403029714874085,0.0
2025-10-13 09:00:00,-5.834810737062605,0.0,5.834810737062605,0.0,-3.9889840465642745,0.0,-5.152756233919652,0.0,-0.5709498967772042,0.0,2.991264476470487,0.0,-0.0527981855669708,0.0,-3.8376688491274393,0.0,0.08817821866560926,0.0,0.9615208061837457,0.0,1.7445682675823289,0.0,-1.1352386985280987,0.0,1.314665897295689,0.0
2025-10-13 10:00:00,0.0,0.0,-5.834810737062605,0.0,5.834810737062605,0.0,-3.9889840465642745,0.0,-5.152756233919652,0.0,-0.5709498967772042,0.0,2.991264476470487,0.0,-0.0527981855669708,0.0,-3.8376688491274393,0.0,0.08817821866560926,0.0,0.9615208061837457,0.0,1.7445682675823289,0.0,-1.1352386985280987,0.0
2025-10-13 11:00:00,8.440528106480752,0.0,0.0,0.0,-5.834810737062605,0.0,5.834810737062605,0.0,-3.9889840465642745,0.0,-5.152756233919652,0.0,-0.5709498967772042,0.0,2.991264476470487,0.0,-0.0527981855669708,0.0,-3.8376688491274393,0.0,0.08817821866560926,0.0,0.9615208061837457,0.0,1.7445682675823289,0.0
2025-10-13 12:00:00,-2.459113895226271,0.0,8.440528106480752,0.0,0.0,0.0,-5.834810737062605,0.0,5.834810737062605,0.0,-3.9889840465642745,0.0,-5.152756233919652,0.0,-0.5709498967772042,0.0,2.991264476470487,0.0,-0.0527981855669708,0.0,-3.8376688491274393,0.0,0.08817821866560926,0.0,0.9615208061837457,0.0
2025-10-13 13:00:00,-0.08701137698963013,0.0,-2.459113895226271,0.0,8.440528106480752,0.0,0.0,0.0,-5.834810737062605,0.0,5.834810737062605,0.0,-3.9889840465642745,0.0,-5.152756233919652,0.0,-0.5709498967772042,0.0,2.991264476470487,0.0,-0.0527981855669708,0.0,-3.8376688491274393,0.0,0.08817821866560926,0.0
2025-10-13 14:00:00,1.4637909184681819,0.0,-0.08701137698963013,0.0,-2.459113895226271,0.0,8.440528106480752,0.0,0.0,0.0,-5.834810737062605,0.0,5.834810737062605,0.0,-3.9889840465642745,0.0,-5.152756233919652,0.0,-0.5709498967772042,0.0,2.991264476470487,0.0,-0.0527981855669708,0.0,-3.8376688491274393,0.0
2025-10-13 15:00:00,-2.666845870503889,0.0,1.4637909184681819,0.0,-0.08701137698963013,0.0,-2.459113895226271,0.0,8.440528106480752,0.0,0.0,0.0,-5.834810737062605,0.0,5.834810737062605,0.0,-3.9889840465642745,0.0,-5.152756233919652,0.0,-0.5709498967772042,0.0,2.991264476470487,0.0,-0.0527981855669708,0.0
2025-10-13 16:00:00,2.8661250193856027,0.0,-2.666845870503889,0.0,1.4637909184681819,0.0,-0.08701137698963013,0.0,-2.459113895226271,0.0,8.440528106480752,0.0,0.0,0.0,-5.834810737062605,0.0,5.834810737062605,0.0,-3.9889840465642745,0.0,-5.152756233919652,0.0,-0.5709498967772042,0.0,2.991264476470487,0.0
2025-10-13 17:00:00,-1.9891283978536496,0.0,2.8661250193856027,0.0,-2.666845870503889,0.0,1.4637909184681819,0.0,-0.08701137698963013,0.0,-2.459113895226271,0.0,8.440528106480752,0.0,0.0,0.0,-5.834810737062605,0.0,5.834810737062605,0.0,-3.9889840465642745,0.0,-5.152756233919652,0.0,-0.5709498967772042,0.0
2025-10-13 18:00:00,3.4807702197158648,0.0,-1.9891283978536496,0.0,2.8661250193856027,0.0,-2.666845870503889,0.0,1.4637909184681819,0.0,-0.08701137698963013,0.0,-2.459113895226271,0.0,8.440528106480752,0.0,0.0,0.0,-5.834810737062605,0.0,5.834810737062605,0.0,-3.9889840465642745,0.0,-5.152756233919652,0.0
2025-10-13 19:00:00,-2.434389123273201,0.0,3.4807702197158648,0.0,-1.9891283978536496,0.0,2.8661250193856027,0.0,-2.666845870503889,0.0,1.4637909184681819,0.0,-0.08701137698963013,0.0,-2.459113895226271,0.0,8.440528106480752,0.0,0.0,0.0,-5.834810737062605,0.0,5.834810737062605,0.0,-3.9889840465642745,0.0
2025-10-13 20:00:00,-1.216562898686008,0.0,-2.434389123273201,0.0,3.4807702197158648,0.0,-1.9891283978536496,0.0,2.8661250193856027,0.0,-2.666845870503889,0.0,1.4637909184681819,0.0,-0.08701137698963013,0.0,-2.459113895226271,0.0,8.440528106480752,0.0,0.0,0.0,-5.834810737062605,0.0,5.834810737062605,0.0
2025-10-13 21:00:00,2.7999265474383632,0.0,-1.216562898686008,0.0,-2.434389123273201,0.0,3.4807702197158648,0.0,-1.9891283978536496,0.0,2.8661250193856027,0.0,-2.666845870503889,0.0,1.4637909184681819,0.0,-0.08701137698963013,0.0,-2.459113895226271,0.0,8.440528106480752,0.0,0.0,0.0,-5.834810737062605,0.0
2025-10-13 22:00:00,0.05721956282948071,0.0,2.7999265474383632,0.0,-1.216562898686008,0.0,-2.434389123273201,0.0,3.4807702197158648,0.0,-1.9891283978536496,0.0,2.8661250193856027,0.0,-2.666845870503889,0.0,1.4637909184681819,0.0,-0.08701137698963013,0.0,-2.459113895226271,0.0,8.440528106480752,0.0,0.0,0.0
2025-10-13 23:00:00,-1.250426822072737,0.0,0.05721956282948071,0.0,2.7999265474383632,0.0,-1.216562898686008,0.0,-2.434389123273201,0.0,3.4807702197158648,0.0,-1.9891283978536496,0.0,2.8661250193856027,0.0,-2.666845870503889,0.0,1.4637909184681819,0.0,-0.08701137698963013,0.0,-2.459113895226271,0.0,8.440528106480752,0.0
2025-10-14 00:00:00,1.2876665242629004,0.0,-1.250426822072737,0.0,0.05721956282948071,0.0,2.7999265474383632,0.0,-1.216562898686008,0.0,-2.434389123273201,0.0,3.4807702197158648,0.0,-1.9891283978536496,0.0,2.8661250193856027,0.0,-2.666845870503889,0.0,1.4637909184681819,0.0,-0.08701137698963013,0.0,-2.459113895226271,0.0
2025-10-14 01:00:00,0.3181350205278157,0.0,1.2876665242629004,0.0,-1.250426822072737,0.0,0.05721956282948071,0.0,2.7999265474383632,0.0,-1.216562898686008,0.0,-2.434389123273201,0.0,3.4807702197158648,0.0,-1.9891283978536496,0.0,2.8661250193856027,0.0,-2.666845870503889,0.0,1.4637909184681819,0.0,-0.08701137698963013,0.0
2025-10-14 02:00:00,-1.8250958894956462,0.0,0.3181350205278157,0.0,1.2876665242629004,0.0,-1.250426822072737,0.0,0.05721956282948071,0.0,2.7999265474383632,0.0,-1.216562898686008,0.0,-2.434389123273201,0.0,3.4807702197158648,0.0,-1.9891283978536496,0.0,2.8661250193856027,0.0,-2.666845870503889,0.0,1.4637909184681819,0.0
2025-10-14 03:00:00,-3.174669732363705,0.0,-1.8250958894956462,0.0,0.3181350205278157,0.0,1.2876665242629004,0.0,-1.250426822072737,0.0,0.05721956282948071,0.0,2.7999265474383632,0.0,-1.216562898686008,0.0,-2.434389123273201,0.0,3.4807702197158648,0.0,-1.9891283978536496,0.0,2.8661250193856027,0.0,-2.666845870503889,0.0
2025-10-14 04:00:00,4.07616224313891,0.0,-3.174669732363705,0.0,-1.8250958894956462,0.0,0.3181350205278157,0.0,1.2876665242629004,0.0,-1.250426822072737,0.0,0.05721956282948071,0.0,2.7999265474383632,0.0,-1.216562898686008,0.0,-2.434389123273201,0.0,3.4807702197158648,0.0,-1.9891283978536496,0.0,2.8661250193856027,0.0
2025-10-14 05:00:00,1.625004200076332,0.0,4.07616224313891,0.0,-3.174669732363705,0.0,-1.8250958894956462,0.0,0.3181350205278157,0.0,1.2876665242629004,0.0,-1.250426822072737,0.0,0.05721956282948071,0.0,2.7999265474383632,0.0,-1.216562898686008,0.0,-2.434389123273201,0.0,3.4807702197158648,0.0,-1.9891283978536496,0.0
2025-10-14 06:00:00,-2.7231578783259476,0.0,1.625004200076332,0.0,4.07616224313891,0.0,-3.174669732363705,0.0,-1.8250958894956462,0.0,0.3181350205278157,0.0,1.2876665242629004,0.0,-1.250426822072737,0.0,0.05721956282948071,0.0,2.7999265474383632,0.0,-1.216562898686008,0.0,-2.434389123273201,0.0,3.4807702197158648,0.0
2025-10-14 07:00:00,-6.588926477533519,0.0,-2.7231578783259476,0.0,1.625004200076332,0.0,4.07616224313891,0.0,-3.174669732363705,0.0,-1.8250958894956462,0.0,0.3181350205278157,0.0,1.2876665242629004,0.0,-1.250426822072737,0.0,0.05721956282948071,0.0,2.7999265474383632,0.0,-1.216562898686008,0.0,-2.434389123273201,0.0
2025-10-14 08:00:00,0.0,0.0,-6.588926477533519,0.0,-2.7231578783259476,0.0,1.625004200076332,0.0,4.07616224313891,0.0,-3.174669732363705,0.0,-1.8250958894956462,0.0,0.3181350205278157,0.0,1.2876665242629004,0.0,-1.250426822072737,0.0,0.05721956282948071,0.0,2.7999265474383632,0.0,-1.216562898686008,0.0
2025-10-14 09:00:00,0.0,0.0,0.0,0.0,-6.588926477533519,0.0,-2.7231578783259476,0.0,1.625004200076332,0.0,4.07616224313891,0.0,-3.174669732363705,0.0,-1.8250958894956462,0.0,0.3181350205278157,0.0,1.2876665242629004,0.0,-1.250426822072737,0.0,0.05721956282948071,0.0,2.7999265474383632,0.0
2025-10-14 10:00:00,3.784189633918261,0.0,0.0,0.0,0.0,0.0,-6.588926477533519,0.0,-2.7231578783259476,0.0,1.625004200076332,0.0,4.07616224313891,0.0,-3.174669732363705,0.0,-1.8250958894956462,0.0,0.3181350205278157,0.0,1.2876665242629004,0.0,-1.250426822072737,0.0,0.05721956282948071,0.0
2025-10-14 11:00:00,-3.784189633918261,0.0,3.784189633918261,0.0,0.0,0.0,0.0,0.0,-6.588926477533519,0.0,-2.7231578783259476,0.0,1.625004200076332,0.0,4.07616224313891,0.0,-3.174669732363705,0.0,-1.8250958894956462,0.0,0.3181350205278157,0.0,1.2876665242629004,0.0,-1.250426822072737,0.0
2025-10-14 12:00:00,6.095824562432225,0.0,-3.784189633918261,0.0,3.784189633918261,0.0,0.0,0.0,0.0,0.0,-6.588926477533519,0.0,-2.7231578783259476,0.0,1.625004200076332,0.0,4.07616224313891,0.0,-3.174669732363705,0.0,-1.8250958894956462,0.0,0.3181350205278157,0.0,1.2876665242629004,0.0
2025-10-14 13:00:00,1.1462577968247372,0.0,6.095824562432225,0.0,-3.784189633918261,0.0,3.784189633918261,0.0,0.0,0.0,0.0,0.0,-6.588926477533519,0.0,-2.7231578783259476,0.0,1.625004200076332,0.0,4.07616224313891,0.0,-3.174669732363705,0.0,-1.8250958894956462,0.0,0.3181350205278157,0.0
2025-10-14 14:00:00,-0.4678584728993478,0.0,1.1462577968247372,0.0,6.095824562432225,0.0,-3.784189633918261,0.0,3.784189633918261,0.0,0.0,0.0,0.0,0.0,-6.588926477533519,0.0,-2.7231578783259476,0.0,1.625004200076332,0.0,4.07616224313891,0.0,-3.174669732363705,0.0,-1.8250958894956462,0.0
2025-10-14 15:00:00,0.33973222320842034,0.0,-0.4678584728993478,0.0,1.1462577968247372,0.0,6.095824562432225,0.0,-3.784189633918261,0.0,3.784189633918261,0.0,0.0,0.0,0.0,0.0,-6.588926477533519,0.0,-2.7231578783259476,0.0,1.625004200076332,0.0,4.07616224313891,0.0,-3.174669732363705,0.0
2025-10-14 16:00:00,-4.022913656207718,0.0,0.33973222320842034,0.0,-0.4678584728993478,0.0,1.1462577968247372,0.0,6.095824562432225,0.0,-3.784189633918261,0.0,3.784189633918261,0.0,0.0,0.0,0.0,0.0,-6.588926477533519,0.0,-2.7231578783259476,0.0,1.625004200076332,0.0,4.07616224313891,0.0
2025-10-14 17:00:00,4.137345998215288,0.0,-4.022913656207718,0.0,0.33973222320842034,0.0,-0.4678584728993478,0.0,1.1462577968247372,0.0,6.095824562432225,0.0,-3.784189633918261,0.0,3.784189633918261,0.0,0.0,0.0,0.0,0.0,-6.588926477533519,0.0,-2.7231578783259476,0.0,1.625004200076332,0.0
2025-10-14 18:00:00,-1.5212781868247287,0.0,4.137345998215288,0.0,-4.022913656207718,0.0,0.33973222320842034,0.0,-0.4678584728993478,0.0,1.1462577968247372,0.0,6.095824562432225,0.0,-3.784189633918261,0.0,3.784189633918261,0.0,0.0,0.0,0.0,0.0,-6.588926477533519,0.0,-2.7231578783259476,0.0
2025-10-14 19:00:00,2.704722411009536,0.0,-1.5212781868247287,0.0,4.137345998215288,0.0,-4.022913656207718,0.0,0.33973222320842034,0.0,-0.4678584728993478,0.0,1.1462577968247372,0.0,6.095824562432225,0.0,-3.784189633918261,0.0,3.784189633918261,0.0,0.0,0.0,0.0,0.0,-6.588926477533519,0.0
2025-10-14 20:00:00,-2.24851787172377,0.0,2.704722411009536,0.0,-1.5212781868247287,0.0,4.137345998215288,0.0,-4.022913656207718,0.0,0.33973222320842034,0.0,-0.4678584728993478,0.0,1.1462577968247372,0.0,6.095824562432225,0.0,-3.784189633918261,0.0,3.784189633918261,0.0,0.0,0.0,0.0,0.0
2025-10-14 21:00:00,0.7759391420068669,0.0,-2.24851787172377,0.0,2.704722411009536,0.0,-1.5212781868247287,0.0,4.137345998215288,0.0,-4.022913656207718,0.0,0.33973222320842034,0.0,-0.4678584728993478,0.0,1.1462577968247372,0.0,6.095824562432225,0.0,-3.784189633918261,0.0,3.784189633918261,0.0,0.0,0.0
2025-10-14 22:00:00,4.800759281604653,0.0,0.7759391420068669,0.0,-2.24851787172377,0.0,2.704722411009536,0.0,-1.5212781868247287,0.0,4.137345998215288,0.0,-4.022913656207718,0.0,0.33973222320842034,0.0,-0.4678584728993478,0.0,1.1462577968247372,0.0,6.095824562432225,0.0,-3.784189633918261,0.0,3.784189633918261,0.0
2025-10-14 23:00:00,-3.7115580635319088,0.0,4.800759281604653,0.0,0.7759391420068669,0.0,-2.24851787172377,0.0,2.704722411009536,0.0,-1.5212781868247287,0.0,4.137345998215288,0.0,-4.022913656207718,0.0,0.33973222320842034,0.0,-0.4678584728993478,0.0,1.1462577968247372,0.0,6.095824562432225,0.0,-3.784189633918261,0.0
2025-10-15 00:00:00,-0.051173177359101985,0.0,-3.7115580635319088,0.0,4.800759281604653,0.0,0.7759391420068669,0.0,-2.24851787172377,0.0,2.704722411009536,0.0,-1.5212781868247287,0.0,4.137345998215288,0.0,-4.022913656207718,0.0,0.33973222320842034,0.0,-0.4678584728993478,0.0,1.1462577968247372,0.0,6.095824562432225,0.0
2025-10-15 01:00:00,-0.9787723445045486,0.0,-0.051173177359101985,0.0,-3.7115580635319088,0.0,4.800759281604653,0.0,0.7759391420068669,0.0,-2.24851787172377,0.0,2.704722411009536,0.0,-1.5212781868247287,0.0,4.137345998215288,0.0,-4.022913656207718,0.0,0.33973222320842034,0.0,-0.4678584728993478,0.0,1.1462577968247372,0.0
2025-10-15 02:00:00,3.318874043871544,0.0,-0.9787723445045486,0.0,-0.051173177359101985,0.0,-3.7115580635319088,0.0,4.800759281604653,0.0,0.7759391420068669,0.0,-2.24851787172377,0.0,2.704722411009536,0.0,-1.5212781868247287,0.0,4.137345998215288,0.0,-4.022913656207718,0.0,0.33973222320842034,0.0,-0.4678584728993478,0.0
2025-10-15 03:00:00,-4.156176364427068,0.0,3.318874043871544,0.0,-0.9787723445045486,0.0,-0.051173177359101985,0.0,-3.7115580635319088,0.0,4.800759281604653,0.0,0.7759391420068669,0.0,-2.24851787172377,0.0,2.704722411009536,0.0,-1.5212781868247287,0.0,4.137345998215288,0.0,-4.022913656207718,0.0,0.33973222320842034,0.0
2025-10-15 04:00:00,0.61643927194004,0.0,-4.156176364427068,0.0,3.318874043871544,0.0,-0.9787723445045486,0.0,-0.051173177359101985,0.0,-3.7115580635319088,0.0,4.800759281604653,0.0,0.7759391420068669,0.0,-2.24851787172377,0.0,2.704722411009536,0.0,-1.5212781868247287,0.0,4.137345998215288,0.0,-4.022913656207718,0.0
2025-10-15 05:00:00,-6.0844994130751715,0.0,0.61643927194004,0.0,-4.156176364427068,0.0,3.318874043871544,0.0,-0.9787723445045486,0.0,-0.051173177359101985,0.0,-3.7115580635319088,0.0,4.800759281604653,0.0,0.7759391420068669,0.0,-2.24851787172377,0.0,2.704722411009536,0.0,-1.5212781868247287,0.0,4.137345998215288,0.0
2025-10-15 06:00:00,9.806232983631897,0.0,-6.0844994130751715,0.0,0.61643927194004,0.0,-4.156176364427068,0.0,3.318874043871544,0.0,-0.9787723445045486,0.0,-0.051173177359101985,0.0,-3.7115580635319088,0.0,4.800759281604653,0.0,0.7759391420068669,0.0,-2.24851787172377,0.0,2.704722411009536,0.0,-1.5212781868247287,0.0
2025-10-15 07:00:00,-10.499380164191843,0.0,9.806232983631897,0.0,-6.0844994130751715,0.0,0.61643927194004,0.0,-4.156176364427068,0.0,3.318874043871544,0.0,-0.9787723445045486,0.0,-0.051173177359101985,0.0,-3.7115580635319088,0.0,4.800759281604653,0.0,0.7759391420068669,0.0,-2.24851787172377,0.0,2.704722411009536,0.0
2025-10-15 08:00:00,0.0,0.0,-10.499380164191843,0.0,9.806232983631897,0.0,-6.0844994130751715,0.0,0.61643927194004,0.0,-4.156176364427068,0.0,3.318874043871544,0.0,-0.9787723445045486,0.0,-0.051173177359101985,0.0,-3.7115580635319088,0.0,4.800759281604653,0.0,0.7759391420068669,0.0,-2.24851787172377,0.0
2025-10-15 09:00:00,7.685243607975833,0.0,0.0,0.0,-10.499380164191843,0.0,9.806232983631897,0.0,-6.0844994130751715,0.0,0.61643927194004,0.0,-4.156176364427068,0.0,3.318874043871544,0.0,-0.9787723445045486,0.0,-0.051173177359101985,0.0,-3.7115580635319088,0.0,4.800759281604653,0.0,0.7759391420068669,0.0
2025-10-15 10:00:00,-7.685243607975833,0.0,7.685243607975833,0.0,0.0,0.0,-10.499380164191843,0.0,9.806232983631897,0.0,-6.0844994130751715,0.0,0.61643927194004,0.0,-4.156176364427068,0.0,3.318874043871544,0.0,-0.9787723445045486,0.0,-0.051173177359101985,0.0,-3.7115580635319088,0.0,4.800759281604653,0.0
2025-10-15 11:00:00,7.260522598089852,0.0,-7.685243607975833,0.0,7.685243607975833,0.0,0.0,0.0,-10.499380164191843,0.0,9.806232983631897,0.0,-6.0844994130751715,0.0,0.61643927194004,0.0,-4.156176364427068,0.0,3.318874043871544,0.0,-0.9787723445045486,0.0,-0.051173177359101985,0.0,-3.7115580635319088,0.0
2025-10-15 12:00:00,-7.260522598089852,0.0,7.260522598089852,0.0,-7.685243607975833,0.0,7.685243607975833,0.0,0.0,0.0,-10.499380164191843,0.0,9.806232983631897,0.0,-6.0844994130751715,0.0,0.61643927194004,0.0,-4.156176364427068,0.0,3.318874043871544,0.0,-0.9787723445045486,0.0,-0.051173177359101985,0.0
2025-10-15 13:00:00,0.0,0.0,-7.260522598089852,0.0,7.260522598089852,0.0,-7.685243607975833,0.0,7.685243607975833,0.0,0.0,0.0,-10.499380164191843,0.0,9.806232983631897,0.0,-6.0844994130751715,0.0,0.61643927194004,0.0,-4.156176364427068,0.0,3.318874043871544,0.0,-0.9787723445045486,0.0
2025-10-15 14:00:00,9.410501846898468,0.0,0.0,0.0,-7.260522598089852,0.0,7.260522598089852,0.0,-7.685243607975833,0.0,7.685243607975833,0.0,0.0,0.0,-10.499380164191843,0.0,9.806232983631897,0.0,-6.0844994130751715,0.0,0.61643927194004,0.0,-4.156176364427068,0.0,3.318874043871544,0.0
2025-10-15 15:00:00,1.7598769695097687,0.0,9.410501846898468,0.0,0.0,0.0,-7.260522598089852,0.0,7.260522598089852,0.0,-7.685243607975833,0.0,7.685243607975833,0.0,0.0,0.0,-10.499380164191843,0.0,9.806232983631897,0.0,-6.0844994130751715,0.0,0.61643927194004,0.0,-4.156176364427068,0.0
2025-10-15 16:00:00,-5.92335474424775,0.0,1.7598769695097687,0.0,9.410501846898468,0.0,0.0,0.0,-7.260522598089852,0.0,7.260522598089852,0.0,-7.685243607975833,0.0,7.685243607975833,0.0,0.0,0.0,-10.499380164191843,0.0,9.806232983631897,0.0,-6.0844994130751715,0.0,0.61643927194004,0.0
2025-10-15 17:00:00,-2.302585092994046,0.0,-5.92335474424775,0.0,1.7598769695097687,0.0,9.410501846898468,0.0,0.0,0.0,-7.260522598089852,0.0,7.260522598089852,0.0,-7.685243607975833,0.0,7.685243607975833,0.0,0.0,0.0,-10.499380164191843,0.0,9.806232983631897,0.0,-6.0844994130751715,0.0
2025-10-15 18:00:00,7.572015536802105,0.0,-2.302585092994046,0.0,-5.92335474424775,0.0,1.7598769695097687,0.0,9.410501846898468,0.0,0.0,0.0,-7.260522598089852,0.0,7.260522598089852,0.0,-7.685243607975833,0.0,7.685243607975833,0.0,0.0,0.0,-10.499380164191843,0.0,9.806232983631897,0.0
2025-10-15 19:00:00,-2.332777933347888,0.0,7.572015536802105,0.0,-2.302585092994046,0.0,-5.92335474424775,0.0,1.7598769695097687,0.0,9.410501846898468,0.0,0.0,0.0,-7.260522598089852,0.0,7.260522598089852,0.0,-7.685243607975833,0.0,7.685243607975833,0.0,0.0,0.0,-10.499380164191843,0.0
2025-10-15 20:00:00,1.601871672050784,0.0,-2.332777933347888,0.0,7.572015536802105,0.0,-2.302585092994046,0.0,-5.92335474424775,0.0,1.7598769695097687,0.0,9.410501846898468,0.0,0.0,0.0,-7.260522598089852,0.0,7.260522598089852,0.0,-7.685243607975833,0.0,7.685243607975833,0.0,0.0,0.0
2025-10-15 21:00:00,-2.451218904370905,0.0,1.601871672050784,0.0,-2.332777933347888,0.0,7.572015536802105,0.0,-2.302585092994046,0.0,-5.92335474424775,0.0,1.7598769695097687,0.0,9.410501846898468,0.0,0.0,0.0,-7.260522598089852,0.0,7.260522598089852,0.0,-7.685243607975833,0.0,7.685243607975833,0.0
2025-10-15 22:00:00,0.26757260957462936,0.0,-2.451218904370905,0.0,1.601871672050784,0.0,-2.332777933347888,0.0,7.572015536802105,0.0,-2.302585092994046,0.0,-5.92335474424775,0.0,1.7598769695097687,0.0,9.410501846898468,0.0,0.0,0.0,-7.260522598089852,0.0,7.260522598089852,0.0,-7.685243607975833,0.0
2025-10-15 23:00:00,-0.17119487732919758,0.0,0.26757260957462936,0.0,-2.451218904370905,0.0,1.601871672050784,0.0,-2.332777933347888,0.0,7.572015536802105,0.0,-2.302585092994046,0.0,-5.92335474424775,0.0,1.7598769695097687,0.0,9.410501846898468,0.0,0.0,0.0,-7.260522598089852,0.0,7.260522598089852,0.0
2025-10-16 00:00:00,-1.8434584241457186,0.0,-0.17119487732919758,0.0,0.26757260957462936,0.0,-2.451218904370905,0.0,1.601871672050784,0.0,-2.332777933347888,0.0,7.572015536802105,0.0,-2.302585092994046,0.0,-5.92335474424775,0.0,1.7598769695097687,0.0,9.410501846898468,0.0,0.0,0.0,-7.260522598089852,0.0
2025-10-16 01:00:00,2.7219358692860487,0.0,-1.8434584241457186,0.0,-0.17119487732919758,0.0,0.26757260957462936,0.0,-2.451218904370905,0.0,1.601871672050784,0.0,-2.332777933347888,0.0,7.572015536802105,0.0,-2.302585092994046,0.0,-5.92335474424775,0.0,1.7598769695097687,0.0,9.410501846898468,0.0,0.0,0.0
2025-10-16 02:00:00,-0.7733540648879309,0.0,2.7219358692860487,0.0,-1.8434584241457186,0.0,-0.17119487732919758,0.0,0.26757260957462936,0.0,-2.451218904370905,0.0,1.601871672050784,0.0,-2.332777933347888,0.0,7.572015536802105,0.0,-2.302585092994046,0.0,-5.92335474424775,0.0,1.7598769695097687,0.0,9.410501846898468,0.0
2025-10-16 03:00:00,1.7055239627069856,0.0,-0.7733540648879309,0.0,2.7219358692860487,0.0,-1.8434584241457186,0.0,-0.17119487732919758,0.0,0.26757260957462936,0.0,-2.451218904370905,0.0,1.601871672050784,0.0,-2.332777933347888,0.0,7.572015536802105,0.0,-2.302585092994046,0.0,-5.92335474424775,0.0,1.7598769695097687,0.0
2025-10-16 04:00:00,1.744886999764427,0.0,1.7055239627069856,0.0,-0.7733540648879309,0.0,2.7219358692860487,0.0,-1.8434584241457186,0.0,-0.17119487732919758,0.0,0.26757260957462936,0.0,-2.451218904370905,0.0,1.601871672050784,0.0,-2.332777933347888,0.0,7.572015536802105,0.0,-2.302585092994046,0.0,-5.92335474424775,0.0
2025-10-16 05:00:00,-3.3470802536106072,0.0,1.744886999764427,0.0,1.7055239627069856,0.0,-0.7733540648879309,0.0,2.7219358692860487,0.0,-1.8434584241457186,0.0,-0.17119487732919758,0.0,0.26757260957462936,0.0,-2.451218904370905,0.0,1.601871672050784,0.0,-2.332777933347888,0.0,7.572015536802105,0.0,-2.302585092994046,0.0
2025-10-16 06:00:00,-0.2409870786887076,0.0,-3.3470802536106072,0.0,1.744886999764427,0.0,1.7055239627069856,0.0,-0.7733540648879309,0.0,2.7219358692860487,0.0,-1.8434584241457186,0.0,-0.17119487732919758,0.0,0.26757260957462936,0.0,-2.451218904370905,0.0,1.601871672050784,0.0,-2.332777933347888,0.0,7.572015536802105,0.0
2025-10-16 07:00:00,-1.6082139220732117,0.0,-0.2409870786887076,0.0,-3.3470802536106072,0.0,1.744886999764427,0.0,1.7055239627069856,0.0,-0.7733540648879309,0.0,2.7219358692860487,0.0,-1.8434584241457186,0.0,-0.17119487732919758,0.0,0.26757260957462936,0.0,-2.451218904370905,0.0,1.601871672050784,0.0,-2.332777933347888,0.0
2025-10-16 08:00:00,-5.7899601708972535,0.0,-1.6082139220732117,0.0,-0.2409870786887076,0.0,-3.3470802536106072,0.0,1.744886999764427,0.0,1.7055239627069856,0.0,-0.7733540648879309,0.0,2.7219358692860487,0.0,-1.8434584241457186,0.0,-0.17119487732919758,0.0,0.26757260957462936,0.0,-2.451218904370905,0.0,1.601871672050784,0.0
2025-10-16 09:00:00,0.0,0.0,-5.7899601708972535,0.0,-1.6082139220732117,0.0,-0.2409870786887076,0.0,-3.3470802536106072,0.0,1.744886999764427,0.0,1.7055239627069856,0.0,-0.7733540648879309,0.0,2.7219358692860487,0.0,-1.8434584241457186,0.0,-0.17119487732919758,0.0,0.26757260957462936,0.0,-2.451218904370905,0.0
2025-10-16 10:00:00,0.6931471805599453,0.0,0.0,0.0,-5.7899601708972535,0.0,-1.6082139220732117,0.0,-0.2409870786887076,0.0,-3.3470802536106072,0.0,1.744886999764427,0.0,1.7055239627069856,0.0,-0.7733540648879309,0.0,2.7219358692860487,0.0,-1.8434584241457186,0.0,-0.17119487732919758,0.0,0.26757260957462936,0.0
2025-10-16 11:00:00,2.862200880929468,0.0,0.6931471805599453,0.0,0.0,0.0,-5.7899601708972535,0.0,-1.6082139220732117,0.0,-0.2409870786887076,0.0,-3.3470802536106072,0.0,1.744886999764427,0.0,1.7055239627069856,0.0,-0.7733540648879309,0.0,2.7219358692860487,0.0,-1.8434584241457186,0.0,-0.17119487732919758,0.0
2025-10-16 12:00:00,3.5187687547079487,0.0,2.862200880929468,0.0,0.6931471805599453,0.0,0.0,0.0,-5.7899601708972535,0.0,-1.6082139220732117,0.0,-0.2409870786887076,0.0,-3.3470802536106072,0.0,1.744886999764427,0.0,1.7055239627069856,0.0,-0.7733540648879309,0.0,2.7219358692860487,0.0,-1.8434584241457186,0.0
2025-10-16 13:00:00,0.7289098274348547,0.0,3.5187687547079487,0.0,2.862200880929468,0.0,0.6931471805599453,0.0,0.0,0.0,-5.7899601708972535,0.0,-1.6082139220732117,0.0,-0.2409870786887076,0.0,-3.3470802536106072,0.0,1.744886999764427,0.0,1.7055239627069856,0.0,-0.7733540648879309,0.0,2.7219358692860487,0.0
2025-10-16 14:00:00,0.8358530660406203,0.0,0.7289098274348547,0.0,3.5187687547079487,0.0,2.862200880929468,0.0,0.6931471805599453,0.0,0.0,0.0,-5.7899601708972535,0.0,-1.6082139220732117,0.0,-0.2409870786887076,0.0,-3.3470802536106072,0.0,1.744886999764427,0.0,1.7055239627069856,0.0,-0.7733540648879309,0.0
2025-10-16 15:00:00,-2.2967582909516855,0.0,0.8358530660406203,0.0,0.7289098274348547,0.0,3.5187687547079487,0.0,2.862200880929468,0.0,0.6931471805599453,0.0,0.0,0.0,-5.7899601708972535,0.0,-1.6082139220732117,0.0,-0.2409870786887076,0.0,-3.3470802536106072,0.0,1.744886999764427,0.0,1.7055239627069856,0.0
2025-10-16 16:00:00,2.375560633444489,0.0,-2.2967582909516855,0.0,0.8358530660406203,0.0,0.7289098274348547,0.0,3.5187687547079487,0.0,2.862200880929468,0.0,0.6931471805599453,0.0,0.0,0.0,-5.7899601708972535,0.0,-1.6082139220732117,0.0,-0.2409870786887076,0.0,-3.3470802536106072,0.0,1.744886999764427,0.0
2025-10-16 17:00:00,-0.3779422861464976,0.0,2.375560633444489,0.0,-2.2967582909516855,0.0,0.8358530660406203,0.0,0.7289098274348547,0.0,3.5187687547079487,0.0,2.862200880929468,0.0,0.6931471805599453,0.0,0.0,0.0,-5.7899601708972535,0.0,-1.6082139220732117,0.0,-0.2409870786887076,0.0,-3.3470802536106072,0.0
2025-10-16 18:00:00,-4.78439170452973,0.0,-0.3779422861464976,0.0,2.375560633444489,0.0,-2.2967582909516855,0.0,0.8358530660406203,0.0,0.7289098274348547,0.0,3.5187687547079487,0.0,2.862200880929468,0.0,0.6931471805599453,0.0,0.0,0.0,-5.7899601708972535,0.0,-1.6082139220732117,0.0,-0.2409870786887076,0.0
2025-10-16 19:00:00,5.181141289512141,0.0,-4.78439170452973,0.0,-0.3779422861464976,0.0,2.375560633444489,0.0,-2.2967582909516855,0.0,0.8358530660406203,0.0,0.7289098274348547,0.0,3.5187687547079487,0.0,2.862200880929468,0.0,0.6931471805599453,0.0,0.0,0.0,-5.7899601708972535,0.0,-1.6082139220732117,0.0
2025-10-16 20:00:00,-0.4474522527230711,0.0,5.181141289512141,0.0,-4.78439170452973,0.0,-0.3779422861464976,0.0,2.375560633444489,0.0,-2.2967582909516855,0.0,0.8358530660406203,0.0,0.7289098274348547,0.0,3.5187687547079487,0.0,2.862200880929468,0.0,0.6931471805599453,0.0,0.0,0.0,-5.7899601708972535,0.0
2025-10-16 21:00:00,-0.0180002324855284,0.0,-0.4474522527230711,0.0,5.181141289512141,0.0,-4.78439170452973,0.0,-0.3779422861464976,0.0,2.375560633444489,0.0,-2.2967582909516855,0.0,0.8358530660406203,0.0,0.7289098274348547,0.0,3.5187687547079487,0.0,2.862200880929468,0.0,0.6931471805599453,0.0,0.0,0.0
2025-10-16 22:00:00,-0.39136695118866527,0.0,-0.0180002324855284,0.0,-0.4474522527230711,0.0,5.181141289512141,0.0,-4.78439170452973,0.0,-0.3779422861464976,0.0,2.375560633444489,0.0,-2.2967582909516855,0.0,0.8358530660406203,0.0,0.7289098274348547,0.0,3.5187687547079487,0.0,2.862200880929468,0.0,0.6931471805599453,0.0
2025-10-16 23:00:00,1.29752723877864,0.0,-0.39136695118866527,0.0,-0.0180002324855284,0.0,-0.4474522527230711,0.0,5.181141289512141,0.0,-4.78439170452973,0.0,-0.3779422861464976,0.0,2.375560633444489,0.0,-2.2967582909516855,0.0,0.8358530660406203,0.0,0.7289098274348547,0.0,3.5187687547079487,0.0,2.862200880929468,0.0
2025-10-17 00:00:00,1.993744916391556,0.0,1.29752723877864,0.0,-0.39136695118866527,0.0,-0.0180002324855284,0.0,-0.4474522527230711,0.0,5.181141289512141,0.0,-4.78439170452973,0.0,-0.3779422861464976,0.0,2.375560633444489,0.0,-2.2967582909516855,0.0,0.8358530660406203,0.0,0.7289098274348547,0.0,3.5187687547079487,0.0
2025-10-17 01:00:00,-3.0527350203687025,0.0,1.993744916391556,0.0,1.29752723877864,0.0,-0.39136695118866527,0.0,-0.0180002324855284,0.0,-0.4474522527230711,0.0,5.181141289512141,0.0,-4.78439170452973,0.0,-0.3779422861464976,0.0,2.375560633444489,0.0,-2.2967582909516855,0.0,0.8358530660406203,0.0,0.7289098274348547,0.0
2025-10-17 02:00:00,0.865859878247262,0.0,-3.0527350203687025,0.0,1.993744916391556,0.0,1.29752723877864,0.0,-0.39136695118866527,0.0,-0.0180002324855284,0.0,-0.4474522527230711,0.0,5.181141289512141,0.0,-4.78439170452973,0.0,-0.3779422861464976,0.0,2.375560633444489,0.0,-2.2967582909516855,0.0,0.8358530660406203,0.0
2025-10-17 03:00:00,1.658329579139691,0.0,0.865859878247262,0.0,-3.0527350203687025,0.0,1.993744916391556,0.0,1.29752723877864,0.0,-0.39136695118866527,0.0,-0.0180002324855284,0.0,-0.4474522527230711,0.0,5.181141289512141,0.0,-4.78439170452973,0.0,-0.3779422861464976,0.0,2.375560633444489,0.0,-2.2967582909516855,0.0
2025-10-17 04:00:00,-1.397364895026623,0.0,1.658329579139691,0.0,0.865859878247262,0.0,-3.0527350203687025,0.0,1.993744916391556,0.0,1.29752723877864,0.0,-0.39136695118866527,0.0,-0.0180002324855284,0.0,-0.4474522527230711,0.0,5.181141289512141,0.0,-4.78439170452973,0.0,-0.3779422861464976,0.0,2.375560633444489,0.0
2025-10-17 05:00:00,-1.8262507290153183,0.0,-1.397364895026623,0.0,1.658329579139691,0.0,0.865859878247262,0.0,-3.0527350203687025,0.0,1.993744916391556,0.0,1.29752723877864,0.0,-0.39136695118866527,0.0,-0.0180002324855284,0.0,-0.4474522527230711,0.0,5.181141289512141,0.0,-4.78439170452973,0.0,-0.3779422861464976,0.0
2025-10-17 06:00:00,1.956226110780622,0.0,-1.8262507290153183,0.0,-1.397364895026623,0.0,1.658329579139691,0.0,0.865859878247262,0.0,-3.0527350203687025,0.0,1.993744916391556,0.0,1.29752723877864,0.0,-0.39136695118866527,0.0,-0.0180002324855284,0.0,-0.4474522527230711,0.0,5.181141289512141,0.0,-4.78439170452973,0.0
2025-10-17 07:00:00,-0.40190909724894475,0.0,1.956226110780622,0.0,-1.8262507290153183,0.0,-1.397364895026623,0.0,1.658329579139691,0.0,0.865859878247262,0.0,-3.0527350203687025,0.0,1.993744916391556,0.0,1.29752723877864,0.0,-0.39136695118866527,0.0,-0.0180002324855284,0.0,-0.4474522527230711,0.0,5.181141289512141,0.0
2025-10-17 08:00:00,-5.837603680353322,0.0,-0.40190909724894475,0.0,1.956226110780622,0.0,-1.8262507290153183,0.0,-1.397364895026623,0.0,1.658329579139691,0.0,0.865859878247262,0.0,-3.0527350203687025,0.0,1.993744916391556,0.0,1.29752723877864,0.0,-0.39136695118866527,0.0,-0.0180002324855284,0.0,-0.4474522527230711,0.0
2025-10-17 09:00:00,1.3971052772241066,0.0,-5.837603680353322,0.0,-0.40190909724894475,0.0,1.956226110780622,0.0,-1.8262507290153183,0.0,-1.397364895026623,0.0,1.658329579139691,0.0,0.865859878247262,0.0,-3.0527350203687025,0.0,1.993744916391556,0.0,1.29752723877864,0.0,-0.39136695118866527,0.0,-0.0180002324855284,0.0
2025-10-17 10:00:00,0.5236463121950514,0.0,1.3971052772241066,0.0,-5.837603680353322,0.0,-0.40190909724894475,0.0,1.956226110780622,0.0,-1.8262507290153183,0.0,-1.397364895026623,0.0,1.658329579139691,0.0,0.865859878247262,0.0,-3.0527350203687025,0.0,1.993744916391556,0.0,1.29752723877864,0.0,-0.39136695118866527,0.0
2025-10-17 11:00:00,0.620507996919974,0.0,0.5236463121950514,0.0,1.3971052772241066,0.0,-5.837603680353322,0.0,-0.40190909724894475,0.0,1.956226110780622,0.0,-1.8262507290153183,0.0,-1.397364895026623,0.0,1.658329579139691,0.0,0.865859878247262,0.0,-3.0527350203687025,0.0,1.993744916391556,0.0,1.29752723877864,0.0
2025-10-17 12:00:00,2.665847878415912,0.0,0.620507996919974,0.0,0.5236463121950514,0.0,1.3971052772241066,0.0,-5.837603680353322,0.0,-0.40190909724894475,0.0,1.956226110780622,0.0,-1.8262507290153183,0.0,-1.397364895026623,0.0,1.658329579139691,0.0,0.865859878247262,0.0,-3.0527350203687025,0.0,1.993744916391556,0.0
2025-10-17 13:00:00,-1.768921513723548,0.0,2.665847878415912,0.0,0.620507996919974,0.0,0.5236463121950514,0.0,1.3971052772241066,0.0,-5.837603680353322,0.0,-0.40190909724894475,0.0,1.956226110780622,0.0,-1.8262507290153183,0.0,-1.397364895026623,0.0,1.658329579139691,0.0,0.865859878247262,0.0,-3.0527350203687025,0.0
2025-10-17 14:00:00,2.4715496849519365,0.0,-1.768921513723548,0.0,2.665847878415912,0.0,0.620507996919974,0.0,0.5236463121950514,0.0,1.3971052772241066,0.0,-5.837603680353322,0.0,-0.40190909724894475,0.0,1.956226110780622,0.0,-1.8262507290153183,0.0,-1.397364895026623,0.0,1.658329579139691,0.0,0.865859878247262,0.0
2025-10-17 15:00:00,0.22101815200189634,0.0,2.4715496849519365,0.0,-1.768921513723548,0.0,2.665847878415912,0.0,0.620507996919974,0.0,0.5236463121950514,0.0,1.3971052772241066,0.0,-5.837603680353322,0.0,-0.40190909724894475,0.0,1.956226110780622,0.0,-1.8262507290153183,0.0,-1.397364895026623,0.0,1.658329579139691,0.0
2025-10-17 16:00:00,-0.6344769077908055,0.0,0.22101815200189634,0.0,2.4715496849519365,0.0,-1.768921513723548,0.0,2.665847878415912,0.0,0.620507996919974,0.0,0.5236463121950514,0.0,1.3971052772241066,0.0,-5.837603680353322,0.0,-0.40190909724894475,0.0,1.956226110780622,0.0,-1.8262507290153183,0.0,-1.397364895026623,0.0
2025-10-17 17:00:00,0.16517279741806412,0.0,-0.6344769077908055,0.0,0.22101815200189634,0.0,2.4715496849519365,0.0,-1.768921513723548,0.0,2.665847878415912,0.0,0.620507996919974,0.0,0.5236463121950514,0.0,1.3971052772241066,0.0,-5.837603680353322,0.0,-0.40190909724894475,0.0,1.956226110780622,0.0,-1.8262507290153183,0.0
2025-10-17 18:00:00,1.0294466086094243,0.0,0.16517279741806412,0.0,-0.6344769077908055,0.0,0.22101815200189634,0.0,2.4715496849519365,0.0,-1.768921513723548,0.0,2.665847878415912,0.0,0.620507996919974,0.0,0.5236463121950514,0.0,1.3971052772241066,0.0,-5.837603680353322,0.0,-0.40190909724894475,0.0,1.956226110780622,0.0
2025-10-17 19:00:00,-1.8692131786916866,0.0,1.0294466086094243,0.0,0.16517279741806412,0.0,-0.6344769077908055,0.0,0.22101815200189634,0.0,2.4715496849519365,0.0,-1.768921513723548,0.0,2.665847878415912,0.0,0.620507996919974,0.0,0.5236463121950514,0.0,1.3971052772241066,0.0,-5.837603680353322,0.0,-0.40190909724894475,0.0
2025-10-17 20:00:00,3.238856939008314,0.0,-1.8692131786916866,0.0,1.0294466086094243,0.0,0.16517279741806412,0.0,-0.6344769077908055,0.0,0.22101815200189634,0.0,2.4715496849519365,0.0,-1.768921513723548,0.0,2.665847878415912,0.0,0.620507996919974,0.0,0.5236463121950514,0.0,1.3971052772241066,0.0,-5.837603680353322,0.0
2025-10-17 21:00:00,-0.7880812693183525,0.0,3.238856939008314,0.0,-1.8692131786916866,0.0,1.0294466086094243,0.0,0.16517279741806412,0.0,-0.6344769077908055,0.0,0.22101815200189634,0.0,2.4715496849519365,0.0,-1.768921513723548,0.0,2.665847878415912,0.0,0.620507996919974,0.0,0.5236463121950514,0.0,1.3971052772241066,0.0
2025-10-17 22:00:00,-1.2963285941124116,0.0,-0.7880812693183525,0.0,3.238856939008314,0.0,-1.8692131786916866,0.0,1.0294466086094243,0.0,0.16517279741806412,0.0,-0.6344769077908055,0.0,0.22101815200189634,0.0,2.4715496849519365,0.0,-1.768921513723548,0.0,2.665847878415912,0.0,0.620507996919974,0.0,0.5236463121950514,0.0
2025-10-17 23:00:00,0.6922085503389184,0.0,-1.2963285941124116,0.0,-0.7880812693183525,0.0,3.238856939008314,0.0,-1.8692131786916866,0.0,1.0294466086094243,0.0,0.16517279741806412,0.0,-0.6344769077908055,0.0,0.22101815200189634,0.0,2.4715496849519365,0.0,-1.768921513723548,0.0,2.665847878415912,0.0,0.620507996919974,0.0
2025-10-18 00:00:00,-2.4999897240982385,0.0,0.6922085503389184,0.0,-1.2963285941124116,0.0,-0.7880812693183525,0.0,3.238856939008314,0.0,-1.8692131786916866,0.0,1.0294466086094243,0.0,0.16517279741806412,0.0,-0.6344769077908055,0.0,0.22101815200189634,0.0,2.4715496849519365,0.0,-1.768921513723548,0.0,2.665847878415912,0.0
2025-10-18 01:00:00,2.2100771743030325,0.0,-2.4999897240982385,0.0,0.6922085503389184,0.0,-1.2963285941124116,0.0,-0.7880812693183525,0.0,3.238856939008314,0.0,-1.8692131786916866,0.0,1.0294466086094243,0.0,0.16517279741806412,0.0,-0.6344769077908055,0.0,0.22101815200189634,0.0,2.4715496849519365,0.0,-1.768921513723548,0.0
2025-10-18 02:00:00,0.10348380186730743,0.0,2.2100771743030325,0.0,-2.4999897240982385,0.0,0.6922085503389184,0.0,-1.2963285941124116,0.0,-0.7880812693183525,0.0,3.238856939008314,0.0,-1.8692131786916866,0.0,1.0294466086094243,0.0,0.16517279741806412,0.0,-0.6344769077908055,0.0,0.22101815200189634,0.0,2.4715496849519365,0.0
2025-10-18 03:00:00,-0.36611384314290696,0.0,0.10348380186730743,0.0,2.2100771743030325,0.0,-2.4999897240982385,0.0,0.6922085503389184,0.0,-1.2963285941124116,0.0,-0.7880812693183525,0.0,3.238856939008314,0.0,-1.8692131786916866,0.0,1.0294466086094243,0.0,0.16517279741806412,0.0,-0.6344769077908055,0.0,0.22101815200189634,0.0
2025-10-18 04:00:00,-3.918571565039769,0.0,-0.36611384314290696,0.0,0.10348380186730743,0.0,2.2100771743030325,0.0,-2.4999897240982385,0.0,0.6922085503389184,0.0,-1.2963285941124116,0.0,-0.7880812693183525,0.0,3.238856939008314,0.0,-1.8692131786916866,0.0,1.0294466086094243,0.0,0.16517279741806412,0.0,-0.6344769077908055,0.0
2025-10-18 05:00:00,2.441716717037589,0.0,-3.918571565039769,0.0,-0.36611384314290696,0.0,0.10348380186730743,0.0,2.2100771743030325,0.0,-2.4999897240982385,0.0,0.6922085503389184,0.0,-1.2963285941124116,0.0,-0.7880812693183525,0.0,3.238856939008314,0.0,-1.8692131786916866,0.0,1.0294466086094243,0.0,0.16517279741806412,0.0
2025-10-18 06:00:00,0.8885881293248197,0.0,2.441716717037589,0.0,-3.918571565039769,0.0,-0.36611384314290696,0.0,0.10348380186730743,0.0,2.2100771743030325,0.0,-2.4999897240982385,0.0,0.6922085503389184,0.0,-1.2963285941124116,0.0,-0.7880812693183525,0.0,3.238856939008314,0.0,-1.8692131786916866,0.0,1.0294466086094243,0.0
2025-10-18 07:00:00,1.1853211134111419,0.0,0.8885881293248197,0.0,2.441716717037589,0.0,-3.918571565039769,0.0,-0.36611384314290696,0.0,0.10348380186730743,0.0,2.2100771743030325,0.0,-2.4999897240982385,0.0,0.6922085503389184,0.0,-1.2963285941124116,0.0,-0.7880812693183525,0.0,3.238856939008314,0.0,-1.8692131786916866,0.0
2025-10-18 08:00:00,-0.695527567306403,0.0,1.1853211134111419,0.0,0.8885881293248197,0.0,2.441716717037589,0.0,-3.918571565039769,0.0,-0.36611384314290696,0.0,0.10348380186730743,0.0,2.2100771743030325,0.0,-2.4999897240982385,0.0,0.6922085503389184,0.0,-1.2963285941124116,0.0,-0.7880812693183525,0.0,3.238856939008314,0.0
2025-10-18 09:00:00,-4.5989402941319755,0.0,-0.695527567306403,0.0,1.1853211134111419,0.0,0.8885881293248197,0.0,2.441716717037589,0.0,-3.918571565039769,0.0,-0.36611384314290696,0.0,0.10348380186730743,0.0,2.2100771743030325,0.0,-2.4999897240982385,0.0,0.6922085503389184,0.0,-1.2963285941124116,0.0,-0.7880812693183525,0.0
2025-10-18 10:00:00,-4.553876891600541,0.0,-4.5989402941319755,0.0,-0.695527567306403,0.0,1.1853211134111419,0.0,0.8885881293248197,0.0,2.441716717037589,0.0,-3.918571565039769,0.0,-0.36611384314290696,0.0,0.10348380186730743,0.0,2.2100771743030325,0.0,-2.4999897240982385,0.0,0.6922085503389184,0.0,-1.2963285941124116,0.0
2025-10-18 11:00:00,9.159888828480085,0.0,-4.553876891600541,0.0,-4.5989402941319755,0.0,-0.695527567306403,0.0,1.1853211134111419,0.0,0.8885881293248197,0.0,2.441716717037589,0.0,-3.918571565039769,0.0,-0.36611384314290696,0.0,0.10348380186730743,0.0,2.2100771743030325,0.0,-2.4999897240982385,0.0,0.6922085503389184,0.0
2025-10-18 12:00:00,-3.9181418134204424,0.0,9.159888828480085,0.0,-4.553876891600541,0.0,-4.5989402941319755,0.0,-0.695527567306403,0.0,1.1853211134111419,0.0,0.8885881293248197,0.0,2.441716717037589,0.0,-3.918571565039769,0.0,-0.36611384314290696,0.0,0.10348380186730743,0.0,2.2100771743030325,0.0,-2.4999897240982385,0.0
2025-10-18 13:00:00,1.9960311768638004,0.0,-3.9181418134204424,0.0,9.159888828480085,0.0,-4.553876891600541,0.0,-4.5989402941319755,0.0,-0.695527567306403,0.0,1.1853211134111419,0.0,0.8885881293248197,0.0,2.441716717037589,0.0,-3.918571565039769,0.0,-0.36611384314290696,0.0,0.10348380186730743,0.0,2.2100771743030325,0.0
2025-10-18 14:00:00,0.9031202686844093,0.0,1.9960311768638004,0.0,-3.9181418134204424,0.0,9.159888828480085,0.0,-4.553876891600541,0.0,-4.5989402941319755,0.0,-0.695527567306403,0.0,1.1853211134111419,0.0,0.8885881293248197,0.0,2.441716717037589,0.0,-3.918571565039769,0.0,-0.36611384314290696,0.0,0.10348380186730743,0.0
2025-10-18 15:00:00,-4.269697449699962,0.0,0.9031202686844093,0.0,1.9960311768638004,0.0,-3.9181418134204424,0.0,9.159888828480085,0.0,-4.553876891600541,0.0,-4.5989402941319755,0.0,-0.695527567306403,0.0,1.1853211134111419,0.0,0.8885881293248197,0.0,2.441716717037589,0.0,-3.918571565039769,0.0,-0.36611384314290696,0.0
2025-10-18 16:00:00,5.106071728556389,0.0,-4.269697449699962,0.0,0.9031202686844093,0.0,1.9960311768638004,0.0,-3.9181418134204424,0.0,9.159888828480085,0.0,-4.553876891600541,0.0,-4.5989402941319755,0.0,-0.695527567306403,0.0,1.1853211134111419,0.0,0.8885881293248197,0.0,2.441716717037589,0.0,-3.918571565039769,0.0
2025-10-18 17:00:00,1.319472378072268,0.0,5.106071728556389,0.0,-4.269697449699962,0.0,0.9031202686844093,0.0,1.9960311768638004,0.0,-3.9181418134204424,0.0,9.159888828480085,0.0,-4.553876891600541,0.0,-4.5989402941319755,0.0,-0.695527567306403,0.0,1.1853211134111419,0.0,0.8885881293248197,0.0,2.441716717037589,0.0
2025-10-18 18:00:00,-2.536278088323127,0.0,1.319472378072268,0.0,5.106071728556389,0.0,-4.269697449699962,0.0,0.9031202686844093,0.0,1.9960311768638004,0.0,-3.9181418134204424,0.0,9.159888828480085,0.0,-4.553876891600541,0.0,-4.5989402941319755,0.0,-0.695527567306403,0.0,1.1853211134111419,0.0,0.8885881293248197,0.0
2025-10-18 19:00:00,0.28544171305735855,0.0,-2.536278088323127,0.0,1.319472378072268,0.0,5.106071728556389,0.0,-4.269697449699962,0.0,0.9031202686844093,0.0,1.9960311768638004,0.0,-3.9181418134204424,0.0,9.159888828480085,0.0,-4.553876891600541,0.0,-4.5989402941319755,0.0,-0.695527567306403,0.0,1.1853211134111419,0.0
2025-10-18 20:00:00,0.8626506328741215,0.0,0.28544171305735855,0.0,-2.536278088323127,0.0,1.319472378072268,0.0,5.106071728556389,0.0,-4.269697449699962,0.0,0.9031202686844093,0.0,1.9960311768638004,0.0,-3.9181418134204424,0.0,9.159888828480085,0.0,-4.553876891600541,0.0,-4.5989402941319755,0.0,-0.695527567306403,0.0
2025-10-18 21:00:00,-0.7951327352012463,0.0,0.8626506328741215,0.0,0.28544171305735855,0.0,-2.536278088323127,0.0,1.319472378072268,0.0,5.106071728556389,0.0,-4.269697449699962,0.0,0.9031202686844093,0.0,1.9960311768638004,0.0,-3.9181418134204424,0.0,9.159888828480085,0.0,-4.553876891600541,0.0,-4.5989402941319755,0.0
2025-10-18 22:00:00,-0.34320343578486856,0.0,-0.7951327352012463,0.0,0.8626506328741215,0.0,0.28544171305735855,0.0,-2.536278088323127,0.0,1.319472378072268,0.0,5.106071728556389,0.0,-4.269697449699962,0.0,0.9031202686844093,0.0,1.9960311768638004,0.0,-3.9181418134204424,0.0,9.159888828480085,0.0,-4.553876891600541,0.0
2025-10-18 23:00:00,1.4783758799344877,0.0,-0.34320343578486856,0.0,-0.7951327352012463,0.0,0.8626506328741215,0.0,0.28544171305735855,0.0,-2.536278088323127,0.0,1.319472378072268,0.0,5.106071728556389,0.0,-4.269697449699962,0.0,0.9031202686844093,0.0,1.9960311768638004,0.0,-3.9181418134204424,0.0,9.159888828480085,0.0
2025-10-19 00:00:00,-0.23366550845970124,0.0,1.4783758799344877,0.0,-0.34320343578486856,0.0,-0.7951327352012463,0.0,0.8626506328741215,0.0,0.28544171305735855,0.0,-2.536278088323127,0.0,1.319472378072268,0.0,5.106071728556389,0.0,-4.269697449699962,0.0,0.9031202686844093,0.0,1.9960311768638004,0.0,-3.9181418134204424,0.0
2025-10-19 01:00:00,-1.8107842835976324,0.0,-0.23366550845970124,0.0,1.4783758799344877,0.0,-0.34320343578486856,0.0,-0.7951327352012463,0.0,0.8626506328741215,0.0,0.28544171305735855,0.0,-2.536278088323127,0.0,1.319472378072268,0.0,5.106071728556389,0.0,-4.269697449699962,0.0,0.9031202686844093,0.0,1.9960311768638004,0.0
2025-10-19 02:00:00,0.5060559023965929,0.0,-1.8107842835976324,0.0,-0.23366550845970124,0.0,1.4783758799344877,0.0,-0.34320343578486856,0.0,-0.7951327352012463,0.0,0.8626506328741215,0.0,0.28544171305735855,0.0,-2.536278088323127,0.0,1.319472378072268,0.0,5.106071728556389,0.0,-4.269697449699962,0.0,0.9031202686844093,0.0
2025-10-19 03:00:00,0.5984867224063652,0.0,0.5060559023965929,0.0,-1.8107842835976324,0.0,-0.23366550845970124,0.0,1.4783758799344877,0.0,-0.34320343578486856,0.0,-0.7951327352012463,0.0,0.8626506328741215,0.0,0.28544171305735855,0.0,-2.536278088323127,0.0,1.319472378072268,0.0,5.106071728556389,0.0,-4.269697449699962,0.0
2025-10-19 04:00:00,-0.5456706078203801,0.0,0.5984867224063652,0.0,0.5060559023965929,0.0,-1.8107842835976324,0.0,-0.23366550845970124,0.0,1.4783758799344877,0.0,-0.34320343578486856,0.0,-0.7951327352012463,0.0,0.8626506328741215,0.0,0.28544171305735855,0.0,-2.536278088323127,0.0,1.319472378072268,0.0,5.106071728556389,0.0
2025-10-19 05:00:00,-1.2602312631028942,0.0,-0.5456706078203801,0.0,0.5984867224063652,0.0,0.5060559023965929,0.0,-1.8107842835976324,0.0,-0.23366550845970124,0.0,1.4783758799344877,0.0,-0.34320343578486856,0.0,-0.7951327352012463,0.0,0.8626506328741215,0.0,0.28544171305735855,0.0,-2.536278088323127,0.0,1.319472378072268,0.0
2025-10-19 06:00:00,-2.3756556608705317,0.0,-1.2602312631028942,0.0,-0.5456706078203801,0.0,0.5984867224063652,0.0,0.5060559023965929,0.0,-1.8107842835976324,0.0,-0.23366550845970124,0.0,1.4783758799344877,0.0,-0.34320343578486856,0.0,-0.7951327352012463,0.0,0.8626506328741215,0.0,0.28544171305735855,0.0,-2.536278088323127,0.0
2025-10-19 07:00:00,-4.127134385045092,0.0,-2.3756556608705317,0.0,-1.2602312631028942,0.0,-0.5456706078203801,0.0,0.5984867224063652,0.0,0.5060559023965929,0.0,-1.8107842835976324,0.0,-0.23366550845970124,0.0,1.4783758799344877,0.0,-0.34320343578486856,0.0,-0.7951327352012463,0.0,0.8626506328741215,0.0,0.28544171305735855,0.0
2025-10-19 08:00:00,6.520621127558696,0.0,-4.127134385045092,0.0,-2.3756556608705317,0.0,-1.2602312631028942,0.0,-0.5456706078203801,0.0,0.5984867224063652,0.0,0.5060559023965929,0.0,-1.8107842835976324,0.0,-0.23366550845970124,0.0,1.4783758799344877,0.0,-0.34320343578486856,0.0,-0.7951327352012463,0.0,0.8626506328741215,0.0
2025-10-19 09:00:00,-3.4760986898352733,0.0,6.520621127558696,0.0,-4.127134385045092,0.0,-2.3756556608705317,0.0,-1.2602312631028942,0.0,-0.5456706078203801,0.0,0.5984867224063652,0.0,0.5060559023965929,0.0,-1.8107842835976324,0.0,-0.23366550845970124,0.0,1.4783758799344877,0.0,-0.34320343578486856,0.0,-0.7951327352012463,0.0
2025-10-19 10:00:00,2.0117233676248847,0.0,-3.4760986898352733,0.0,6.520621127558696,0.0,-4.127134385045092,0.0,-2.3756556608705317,0.0,-1.2602312631028942,0.0,-0.5456706078203801,0.0,0.5984867224063652,0.0,0.5060559023965929,0.0,-1.8107842835976324,0.0,-0.23366550845970124,0.0,1.4783758799344877,0.0,-0.34320343578486856,0.0
2025-10-19 11:00:00,-0.4022854551907846,0.0,2.0117233676248847,0.0,-3.4760986898352733,0.0,6.520621127558696,0.0,-4.127134385045092,0.0,-2.3756556608705317,0.0,-1.2602312631028942,0.0,-0.5456706078203801,0.0,0.5984867224063652,0.0,0.5060559023965929,0.0,-1.8107842835976324,0.0,-0.23366550845970124,0.0,1.4783758799344877,0.0
2025-10-19 12:00:00,-4.653960350157523,0.0,-0.4022854551907846,0.0,2.0117233676248847,0.0,-3.4760986898352733,0.0,6.520621127558696,0.0,-4.127134385045092,0.0,-2.3756556608705317,0.0,-1.2602312631028942,0.0,-0.5456706078203801,0.0,0.5984867224063652,0.0,0.5060559023965929,0.0,-1.8107842835976324,0.0,-0.23366550845970124,0.0
2025-10-19 13:00:00,7.1693500166706,0.0,-4.653960350157523,0.0,-0.4022854551907846,0.0,2.0117233676248847,0.0,-3.4760986898352733,0.0,6.520621127558696,0.0,-4.127134385045092,0.0,-2.3756556608705317,0.0,-1.2602312631028942,0.0,-0.5456706078203801,0.0,0.5984867224063652,0.0,0.5060559023965929,0.0,-1.8107842835976324,0.0
2025-10-19 14:00:00,-0.12009517541476278,0.0,7.1693500166706,0.0,-4.653960350157523,0.0,-0.4022854551907846,0.0,2.0117233676248847,0.0,-3.4760986898352733,0.0,6.520621127558696,0.0,-4.127134385045092,0.0,-2.3756556608705317,0.0,-1.2602312631028942,0.0,-0.5456706078203801,0.0,0.5984867224063652,0.0,0.5060559023965929,0.0
2025-10-19 15:00:00,1.5972106858645398,0.0,-0.12009517541476278,0.0,7.1693500166706,0.0,-4.653960350157523,0.0,-0.4022854551907846,0.0,2.0117233676248847,0.0,-3.4760986898352733,0.0,6.520621127558696,0.0,-4.127134385045092,0.0,-2.3756556608705317,0.0,-1.2602312631028942,0.0,-0.5456706078203801,0.0,0.5984867224063652,0.0
2025-10-19 16:00:00,-0.953895879052471,0.0,1.5972106858645398,0.0,-0.12009517541476278,0.0,7.1693500166706,0.0,-4.653960350157523,0.0,-0.4022854551907846,0.0,2.0117233676248847,0.0,-3.4760986898352733,0.0,6.520621127558696,0.0,-4.127134385045092,0.0,-2.3756556608705317,0.0,-1.2602312631028942,0.0,-0.5456706078203801,0.0
2025-10-19 17:00:00,0.6931471805599454,0.0,-0.953895879052471,0.0,1.5972106858645398,0.0,-0.12009517541476278,0.0,7.1693500166706,0.0,-4.653960350157523,0.0,-0.4022854551907846,0.0,2.0117233676248847,0.0,-3.4760986898352733,0.0,6.520621127558696,0.0,-4.127134385045092,0.0,-2.3756556608705317,0.0,-1.2602312631028942,0.0
2025-10-19 18:00:00,2.113580671579264,0.0,0.6931471805599454,0.0,-0.953895879052471,0.0,1.5972106858645398,0.0,-0.12009517541476278,0.0,7.1693500166706,0.0,-4.653960350157523,0.0,-0.4022854551907846,0.0,2.0117233676248847,0.0,-3.4760986898352733,0.0,6.520621127558696,0.0,-4.127134385045092,0.0,-2.3756556608705317,0.0
2025-10-19 19:00:00,-3.3628142916168677,0.0,2.113580671579264,0.0,0.6931471805599454,0.0,-0.953895879052471,0.0,1.5972106858645398,0.0,-0.12009517541476278,0.0,7.1693500166706,0.0,-4.653960350157523,0.0,-0.4022854551907846,0.0,2.0117233676248847,0.0,-3.4760986898352733,0.0,6.520621127558696,0.0,-4.127134385045092,0.0
2025-10-19 20:00:00,1.1783489706943087,0.0,-3.3628142916168677,0.0,2.113580671579264,0.0,0.6931471805599454,0.0,-0.953895879052471,0.0,1.5972106858645398,0.0,-0.12009517541476278,0.0,7.1693500166706,0.0,-4.653960350157523,0.0,-0.4022854551907846,0.0,2.0117233676248847,0.0,-3.4760986898352733,0.0,6.520621127558696,0.0
2025-10-19 21:00:00,-0.6829156662133045,0.0,1.1783489706943087,0.0,-3.3628142916168677,0.0,2.113580671579264,0.0,0.6931471805599454,0.0,-0.953895879052471,0.0,1.5972106858645398,0.0,-0.12009517541476278,0.0,7.1693500166706,0.0,-4.653960350157523,0.0,-0.4022854551907846,0.0,2.0117233676248847,0.0,-3.4760986898352733,0.0
2025-10-19 22:00:00,0.24964340398564744,0.0,-0.6829156662133045,0.0,1.1783489706943087,0.0,-3.3628142916168677,0.0,2.113580671579264,0.0,0.6931471805599454,0.0,-0.953895879052471,0.0,1.5972106858645398,0.0,-0.12009517541476278,0.0,7.1693500166706,0.0,-4.653960350157523,0.0,-0.4022854551907846,0.0,2.0117233676248847,0.0
2025-10-19 23:00:00,2.0616770549965118,0.0,0.24964340398564744,0.0,-0.6829156662133045,0.0,1.1783489706943087,0.0,-3.3628142916168677,0.0,2.113580671579264,0.0,0.6931471805599454,0.0,-0.953895879052471,0.0,1.5972106858645398,0.0,-0.12009517541476278,0.0,7.1693500166706,0.0,-4.653960350157523,0.0,-0.4022854551907846,0.0
2025-10-20 00:00:00,0.18814283881913063,0.0,2.0616770549965118,0.0,0.24964340398564744,0.0,-0.6829156662133045,0.0,1.1783489706943087,0.0,-3.3628142916168677,0.0,2.113580671579264,0.0,0.6931471805599454,0.0,-0.953895879052471,0.0,1.5972106858645398,0.0,-0.12009517541476278,0.0,7.1693500166706,0.0,-4.653960350157523,0.0
2025-10-20 01:00:00,-4.879106382825912,0.0,0.18814283881913063,0.0,2.0616770549965118,0.0,0.24964340398564744,0.0,-0.6829156662133045,0.0,1.1783489706943087,0.0,-3.3628142916168677,0.0,2.113580671579264,0.0,0.6931471805599454,0.0,-0.953895879052471,0.0,1.5972106858645398,0.0,-0.12009517541476278,0.0,7.1693500166706,0.0
2025-10-20 02:00:00,3.968512201791091,0.0,-4.879106382825912,0.0,0.18814283881913063,0.0,2.0616770549965118,0.0,0.24964340398564744,0.0,-0.6829156662133045,0.0,1.1783489706943087,0.0,-3.3628142916168677,0.0,2.113580671579264,0.0,0.6931471805599454,0.0,-0.953895879052471,0.0,1.5972106858645398,0.0,-0.12009517541476278,0.0
2025-10-20 03:00:00,-0.6841820449016609,0.0,3.968512201791091,0.0,-4.879106382825912,0.0,0.18814283881913063,0.0,2.0616770549965118,0.0,0.24964340398564744,0.0,-0.6829156662133045,0.0,1.1783489706943087,0.0,-3.3628142916168677,0.0,2.113580671579264,0.0,0.6931471805599454,0.0,-0.953895879052471,0.0,1.5972106858645398,0.0
2025-10-20 04:00:00,0.8651006718183059,0.0,-0.6841820449016609,0.0,3.968512201791091,0.0,-4.879106382825912,0.0,0.18814283881913063,0.0,2.0616770549965118,0.0,0.24964340398564744,0.0,-0.6829156662133045,0.0,1.1783489706943087,0.0,-3.3628142916168677,0.0,2.113580671579264,0.0,0.6931471805599454,0.0,-0.953895879052471,0.0
2025-10-20 05:00:00,0.01962611036345585,0.0,0.8651006718183059,0.0,-0.6841820449016609,0.0,3.968512201791091,0.0,-4.879106382825912,0.0,0.18814283881913063,0.0,2.0616770549965118,0.0,0.24964340398564744,0.0,-0.6829156662133045,0.0,1.1783489706943087,0.0,-3.3628142916168677,0.0,2.113580671579264,0.0,0.6931471805599454,0.0
2025-10-20 06:00:00,-4.315384893217241,0.0,0.01962611036345585,0.0,0.8651006718183059,0.0,-0.6841820449016609,0.0,3.968512201791091,0.0,-4.879106382825912,0.0,0.18814283881913063,0.0,2.0616770549965118,0.0,0.24964340398564744,0.0,-0.6829156662133045,0.0,1.1783489706943087,0.0,-3.3628142916168677,0.0,2.113580671579264,0.0
2025-10-20 07:00:00,2.315232054694813,0.0,-4.315384893217241,0.0,0.01962611036345585,0.0,0.8651006718183059,0.0,-0.6841820449016609,0.0,3.968512201791091,0.0,-4.879106382825912,0.0,0.18814283881913063,0.0,2.0616770549965118,0.0,0.24964340398564744,0.0,-0.6829156662133045,0.0,1.1783489706943087,0.0,-3.3628142916168677,0.0
2025-10-20 08:00:00,-1.8264661489935543,0.0,2.315232054694813,0.0,-4.315384893217241,0.0,0.01962611036345585,0.0,0.8651006718183059,0.0,-0.6841820449016609,0.0,3.968512201791091,0.0,-4.879106382825912,0.0,0.18814283881913063,0.0,2.0616770549965118,0.0,0.24964340398564744,0.0,-0.6829156662133045,0.0,1.1783489706943087,0.0
2025-10-20 09:00:00,1.6901095329667646,0.0,-1.8264661489935543,0.0,2.315232054694813,0.0,-4.315384893217241,0.0,0.01962611036345585,0.0,0.8651006718183059,0.0,-0.6841820449016609,0.0,3.968512201791091,0.0,-4.879106382825912,0.0,0.18814283881913063,0.0,2.0616770549965118,0.0,0.24964340398564744,0.0,-0.6829156662133045,0.0
2025-10-20 10:00:00,-7.284820912568604,0.0,1.6901095329667646,0.0,-1.8264661489935543,0.0,2.315232054694813,0.0,-4.315384893217241,0.0,0.01962611036345585,0.0,0.8651006718183059,0.0,-0.6841820449016609,0.0,3.968512201791091,0.0,-4.879106382825912,0.0,0.18814283881913063,0.0,2.0616770549965118,0.0,0.24964340398564744,0.0
2025-10-20 11:00:00,6.063785208687608,0.0,-7.284820912568604,0.0,1.6901095329667646,0.0,-1.8264661489935543,0.0,2.315232054694813,0.0,-4.315384893217241,0.0,0.01962611036345585,0.0,0.8651006718183059,0.0,-0.6841820449016609,0.0,3.968512201791091,0.0,-4.879106382825912,0.0,0.18814283881913063,0.0,2.0616770549965118,0.0
2025-10-20 12:00:00,3.6507790434200027,0.0,6.063785208687608,0.0,-7.284820912568604,0.0,1.6901095329667646,0.0,-1.8264661489935543,0.0,2.315232054694813,0.0,-4.315384893217241,0.0,0.01962611036345585,0.0,0.8651006718183059,0.0,-0.6841820449016609,0.0,3.968512201791091,0.0,-4.879106382825912,0.0,0.18814283881913063,0.0
2025-10-20 13:00:00,-0.3728448020750488,0.0,3.6507790434200027,0.0,6.063785208687608,0.0,-7.284820912568604,0.0,1.6901095329667646,0.0,-1.8264661489935543,0.0,2.315232054694813,0.0,-4.315384893217241,0.0,0.01962611036345585,0.0,0.8651006718183059,0.0,-0.6841820449016609,0.0,3.968512201791091,0.0,-4.879106382825912,0.0
2025-10-20 14:00:00,-1.1261720380854925,0.0,-0.3728448020750488,0.0,3.6507790434200027,0.0,6.063785208687608,0.0,-7.284820912568604,0.0,1.6901095329667646,0.0,-1.8264661489935543,0.0,2.315232054694813,0.0,-4.315384893217241,0.0,0.01962611036345585,0.0,0.8651006718183059,0.0,-0.6841820449016609,0.0,3.968512201791091,0.0
2025-10-20 15:00:00,0.43021488026387544,0.0,-1.1261720380854925,0.0,-0.3728448020750488,0.0,3.6507790434200027,0.0,6.063785208687608,0.0,-7.284820912568604,0.0,1.6901095329667646,0.0,-1.8264661489935543,0.0,2.315232054694813,0.0,-4.315384893217241,0.0,0.01962611036345585,0.0,0.8651006718183059,0.0,-0.6841820449016609,0.0
2025-10-20 16:00:00,1.8293260828056326,0.0,0.43021488026387544,0.0,-1.1261720380854925,0.0,-0.3728448020750488,0.0,3.6507790434200027,0.0,6.063785208687608,0.0,-7.284820912568604,0.0,1.6901095329667646,0.0,-1.8264661489935543,0.0,2.315232054694813,0.0,-4.315384893217241,0.0,0.01962611036345585,0.0,0.8651006718183059,0.0
2025-10-20 17:00:00,0.2588051702365366,0.0,1.8293260828056326,0.0,0.43021488026387544,0.0,-1.1261720380854925,0.0,-0.3728448020750488,0.0,3.6507790434200027,0.0,6.063785208687608,0.0,-7.284820912568604,0.0,1.6901095329667646,0.0,-1.8264661489935543,0.0,2.315232054694813,0.0,-4.315384893217241,0.0,0.01962611036345585,0.0
2025-10-20 18:00:00,-2.084094389288854,0.0,0.2588051702365366,0.0,1.8293260828056326,0.0,0.43021488026387544,0.0,-1.1261720380854925,0.0,-0.3728448020750488,0.0,3.6507790434200027,0.0,6.063785208687608,0.0,-7.284820912568604,0.0,1.6901095329667646,0.0,-1.8264661489935543,0.0,2.315232054694813,0.0,-4.315384893217241,0.0
2025-10-20 19:00:00,1.6717406201855045,0.0,-2.084094389288854,0.0,0.2588051702365366,0.0,1.8293260828056326,0.0,0.43021488026387544,0.0,-1.1261720380854925,0.0,-0.3728448020750488,0.0,3.6507790434200027,0.0,6.063785208687608,0.0,-7.284820912568604,0.0,1.6901095329667646,0.0,-1.8264661489935543,0.0,2.315232054694813,0.0
2025-10-20 20:00:00,0.15892624257188004,0.0,1.6717406201855045,0.0,-2.084094389288854,0.0,0.2588051702365366,0.0,1.8293260828056326,0.0,0.43021488026387544,0.0,-1.1261720380854925,0.0,-0.3728448020750488,0.0,3.6507790434200027,0.0,6.063785208687608,0.0,-7.284820912568604,0.0,1.6901095329667646,0.0,-1.8264661489935543,0.0
2025-10-20 21:00:00,0.11471766210711465,0.0,0.15892624257188004,0.0,1.6717406201855045,0.0,-2.084094389288854,0.0,0.2588051702365366,0.0,1.8293260828056326,0.0,0.43021488026387544,0.0,-1.1261720380854925,0.0,-0.3728448020750488,0.0,3.6507790434200027,0.0,6.063785208687608,0.0,-7.284820912568604,0.0,1.6901095329667646,0.0
2025-10-20 22:00:00,-0.3997730615835948,0.0,0.11471766210711465,0.0,0.15892624257188004,0.0,1.6717406201855045,0.0,-2.084094389288854,0.0,0.2588051702365366,0.0,1.8293260828056326,0.0,0.43021488026387544,0.0,-1.1261720380854925,0.0,-0.3728448020750488,0.0,3.6507790434200027,0.0,6.063785208687608,0.0,-7.284820912568604,0.0
2025-10-20 23:00:00,-0.5568004865075533,0.0,-0.3997730615835948,0.0,0.11471766210711465,0.0,0.15892624257188004,0.0,1.6717406201855045,0.0,-2.084094389288854,0.0,0.2588051702365366,0.0,1.8293260828056326,0.0,0.43021488026387544,0.0,-1.1261720380854925,0.0,-0.3728448020750488,0.0,3.6507790434200027,0.0,6.063785208687608,0.0
2025-10-21 00:00:00,-0.6183412710154439,0.0,-0.5568004865075533,0.0,-0.3997730615835948,0.0,0.11471766210711465,0.0,0.15892624257188004,0.0,1.6717406201855045,0.0,-2.084094389288854,0.0,0.2588051702365366,0.0,1.8293260828056326,0.0,0.43021488026387544,0.0,-1.1261720380854925,0.0,-0.3728448020750488,0.0,3.6507790434200027,0.0
2025-10-21 01:00:00,2.5694972667687246,0.0,-0.6183412710154439,0.0,-0.5568004865075533,0.0,-0.3997730615835948,0.0,0.11471766210711465,0.0,0.15892624257188004,0.0,1.6717406201855045,0.0,-2.084094389288854,0.0,0.2588051702365366,0.0,1.8293260828056326,0.0,0.43021488026387544,0.0,-1.1261720380854925,0.0,-0.3728448020750488,0.0
2025-10-21 02:00:00,-0.9490905868192296,0.0,2.5694972667687246,0.0,-0.6183412710154439,0.0,-0.5568004865075533,0.0,-0.3997730615835948,0.0,0.11471766210711465,0.0,0.15892624257188004,0.0,1.6717406201855045,0.0,-2.084094389288854,0.0,0.2588051702365366,0.0,1.8293260828056326,0.0,0.43021488026387544,0.0,-1.1261720380854925,0.0
2025-10-21 03:00:00,-1.688458439905716,0.0,-0.9490905868192296,0.0,2.5694972667687246,0.0,-0.6183412710154439,0.0,-0.5568004865075533,0.0,-0.3997730615835948,0.0,0.11471766210711465,0.0,0.15892624257188004,0.0,1.6717406201855045,0.0,-2.084094389288854,0.0,0.2588051702365366,0.0,1.8293260828056326,0.0,0.43021488026387544,0.0
2025-10-21 04:00:00,0.5091932241652852,0.0,-1.688458439905716,0.0,-0.9490905868192296,0.0,2.5694972667687246,0.0,-0.6183412710154439,0.0,-0.5568004865075533,0.0,-0.3997730615835948,0.0,0.11471766210711465,0.0,0.15892624257188004,0.0,1.6717406201855045,0.0,-2.084094389288854,0.0,0.2588051702365366,0.0,1.8293260828056326,0.0
2025-10-21 05:00:00,0.20248666162036955,0.0,0.5091932241652852,0.0,-1.688458439905716,0.0,-0.9490905868192296,0.0,2.5694972667687246,0.0,-0.6183412710154439,0.0,-0.5568004865075533,0.0,-0.3997730615835948,0.0,0.11471766210711465,0.0,0.15892624257188004,0.0,1.6717406201855045,0.0,-2.084094389288854,0.0,0.2588051702365366,0.0
2025-10-21 06:00:00,-0.11188364055503364,0.0,0.20248666162036955,0.0,0.5091932241652852,0.0,-1.688458439905716,0.0,-0.9490905868192296,0.0,2.5694972667687246,0.0,-0.6183412710154439,0.0,-0.5568004865075533,0.0,-0.3997730615835948,0.0,0.11471766210711465,0.0,0.15892624257188004,0.0,1.6717406201855045,0.0,-2.084094389288854,0.0
2025-10-21 07:00:00,1.259773087484163,0.0,-0.11188364055503364,0.0,0.20248666162036955,0.0,0.5091932241652852,0.0,-1.688458439905716,0.0,-0.9490905868192296,0.0,2.5694972667687246,0.0,-0.6183412710154439,0.0,-0.5568004865075533,0.0,-0.3997730615835948,0.0,0.11471766210711465,0.0,0.15892624257188004,0.0,1.6717406201855045,0.0
2025-10-21 08:00:00,-10.81178643448073,0.0,1.259773087484163,0.0,-0.11188364055503364,0.0,0.20248666162036955,0.0,0.5091932241652852,0.0,-1.688458439905716,0.0,-0.9490905868192296,0.0,2.5694972667687246,0.0,-0.6183412710154439,0.0,-0.5568004865075533,0.0,-0.3997730615835948,0.0,0.11471766210711465,0.0,0.15892624257188004,0.0
2025-10-21 09:00:00,0.0,0.0,-10.81178643448073,0.0,1.259773087484163,0.0,-0.11188364055503364,0.0,0.20248666162036955,0.0,0.5091932241652852,0.0,-1.688458439905716,0.0,-0.9490905868192296,0.0,2.5694972667687246,0.0,-0.6183412710154439,0.0,-0.5568004865075533,0.0,-0.3997730615835948,0.0,0.11471766210711465,0.0
2025-10-21 10:00:00,5.049856007249537,0.0,0.0,0.0,-10.81178643448073,0.0,1.259773087484163,0.0,-0.11188364055503364,0.0,0.20248666162036955,0.0,0.5091932241652852,0.0,-1.688458439905716,0.0,-0.9490905868192296,0.0,2.5694972667687246,0.0,-0.6183412710154439,0.0,-0.5568004865075533,0.0,-0.3997730615835948,0.0
2025-10-21 11:00:00,4.456134606827603,0.0,5.049856007249537,0.0,0.0,0.0,-10.81178643448073,0.0,1.259773087484163,0.0,-0.11188364055503364,0.0,0.20248666162036955,0.0,0.5091932241652852,0.0,-1.688458439905716,0.0,-0.9490905868192296,0.0,2.5694972667687246,0.0,-0.6183412710154439,0.0,-0.5568004865075533,0.0
2025-10-21 12:00:00,0.18560237932266865,0.0,4.456134606827603,0.0,5.049856007249537,0.0,0.0,0.0,-10.81178643448073,0.0,1.259773087484163,0.0,-0.11188364055503364,0.0,0.20248666162036955,0.0,0.5091932241652852,0.0,-1.688458439905716,0.0,-0.9490905868192296,0.0,2.5694972667687246,0.0,-0.6183412710154439,0.0
2025-10-21 13:00:00,-0.04966502916989057,0.0,0.18560237932266865,0.0,4.456134606827603,0.0,5.049856007249537,0.0,0.0,0.0,-10.81178643448073,0.0,1.259773087484163,0.0,-0.11188364055503364,0.0,0.20248666162036955,0.0,0.5091932241652852,0.0,-1.688458439905716,0.0,-0.9490905868192296,0.0,2.5694972667687246,0.0
2025-10-21 14:00:00,-0.015710213798261208,0.0,-0.04966502916989057,0.0,0.18560237932266865,0.0,4.456134606827603,0.0,5.049856007249537,0.0,0.0,0.0,-10.81178643448073,0.0,1.259773087484163,0.0,-0.11188364055503364,0.0,0.20248666162036955,0.0,0.5091932241652852,0.0,-1.688458439905716,0.0,-0.9490905868192296,0.0
2025-10-21 15:00:00,-1.0071902531341514,0.0,-0.015710213798261208,0.0,-0.04966502916989057,0.0,0.18560237932266865,0.0,4.456134606827603,0.0,5.049856007249537,0.0,0.0,0.0,-10.81178643448073,0.0,1.259773087484163,0.0,-0.11188364055503364,0.0,0.20248666162036955,0.0,0.5091932241652852,0.0,-1.688458439905716,0.0
2025-10-21 16:00:00,0.82796477601768,0.0,-1.0071902531341514,0.0,-0.015710213798261208,0.0,-0.04966502916989057,0.0,0.18560237932266865,0.0,4.456134606827603,0.0,5.049856007249537,0.0,0.0,0.0,-10.81178643448073,0.0,1.259773087484163,0.0,-0.11188364055503364,0.0,0.20248666162036955,0.0,0.5091932241652852,0.0
2025-10-21 17:00:00,-0.14297942547636744,0.0,0.82796477601768,0.0,-1.0071902531341514,0.0,-0.015710213798261208,0.0,-0.04966502916989057,0.0,0.18560237932266865,0.0,4.456134606827603,0.0,5.049856007249537,0.0,0.0,0.0,-10.81178643448073,0.0,1.259773087484163,0.0,-0.11188364055503364,0.0,0.20248666162036955,0.0
2025-10-21 18:00:00,-0.25572092781703404,0.0,-0.14297942547636744,0.0,0.82796477601768,0.0,-1.0071902531341514,0.0,-0.015710213798261208,0.0,-0.04966502916989057,0.0,0.18560237932266865,0.0,4.456134606827603,0.0,5.049856007249537,0.0,0.0,0.0,-10.81178643448073,0.0,1.259773087484163,0.0,-0.11188364055503364,0.0
2025-10-21 19:00:00,2.5320024318192527,0.0,-0.25572092781703404,0.0,-0.14297942547636744,0.0,0.82796477601768,0.0,-1.0071902531341514,0.0,-0.015710213798261208,0.0,-0.04966502916989057,0.0,0.18560237932266865,0.0,4.456134606827603,0.0,5.049856007249537,0.0,0.0,0.0,-10.81178643448073,0.0,1.259773087484163,0.0
2025-10-21 20:00:00,-2.9510232570194486,0.0,2.5320024318192527,0.0,-0.25572092781703404,0.0,-0.14297942547636744,0.0,0.82796477601768,0.0,-1.0071902531341514,0.0,-0.015710213798261208,0.0,-0.04966502916989057,0.0,0.18560237932266865,0.0,4.456134606827603,0.0,5.049856007249537,0.0,0.0,0.0,-10.81178643448073,0.0
2025-10-21 21:00:00,0.5187682509572156,0.0,-2.9510232570194486,0.0,2.5320024318192527,0.0,-0.25572092781703404,0.0,-0.14297942547636744,0.0,0.82796477601768,0.0,-1.0071902531341514,0.0,-0.015710213798261208,0.0,-0.04966502916989057,0.0,0.18560237932266865,0.0,4.456134606827603,0.0,5.049856007249537,0.0,0.0,0.0
2025-10-21 22:00:00,-0.27681470136925057,0.0,0.5187682509572156,0.0,-2.9510232570194486,0.0,2.5320024318192527,0.0,-0.25572092781703404,0.0,-0.14297942547636744,0.0,0.82796477601768,0.0,-1.0071902531341514,0.0,-0.015710213798261208,0.0,-0.04966502916989057,0.0,0.18560237932266865,0.0,4.456134606827603,0.0,5.049856007249537,0.0
2025-10-21 23:00:00,-0.8749074126128074,0.0,-0.27681470136925057,0.0,0.5187682509572156,0.0,-2.9510232570194486,0.0,2.5320024318192527,0.0,-0.25572092781703404,0.0,-0.14297942547636744,0.0,0.82796477601768,0.0,-1.0071902531341514,0.0,-0.015710213798261208,0.0,-0.04966502916989057,0.0,0.18560237932266865,0.0,4.456134606827603,0.0
2025-10-22 00:00:00,0.8667325961223442,0.0,-0.8749074126128074,0.0,-0.27681470136925057,0.0,0.5187682509572156,0.0,-2.9510232570194486,0.0,2.5320024318192527,0.0,-0.25572092781703404,0.0,-0.14297942547636744,0.0,0.82796477601768,0.0,-1.0071902531341514,0.0,-0.015710213798261208,0.0,-0.04966502916989057,0.0,0.18560237932266865,0.0
2025-10-22 01:00:00,1.5748822139816632,0.0,0.8667325961223442,0.0,-0.8749074126128074,0.0,-0.27681470136925057,0.0,0.5187682509572156,0.0,-2.9510232570194486,0.0,2.5320024318192527,0.0,-0.25572092781703404,0.0,-0.14297942547636744,0.0,0.82796477601768,0.0,-1.0071902531341514,0.0,-0.015710213798261208,0.0,-0.04966502916989057,0.0
2025-10-22 02:00:00,-2.0314469724689364,0.0,1.5748822139816632,0.0,0.8667325961223442,0.0,-0.8749074126128074,0.0,-0.27681470136925057,0.0,0.5187682509572156,0.0,-2.9510232570194486,0.0,2.5320024318192527,0.0,-0.25572092781703404,0.0,-0.14297942547636744,0.0,0.82796477601768,0.0,-1.0071902531341514,0.0,-0.015710213798261208,0.0
2025-10-22 03:00:00,0.4246425655802675,0.0,-2.0314469724689364,0.0,1.5748822139816632,0.0,0.8667325961223442,0.0,-0.8749074126128074,0.0,-0.27681470136925057,0.0,0.5187682509572156,0.0,-2.9510232570194486,0.0,2.5320024318192527,0.0,-0.25572092781703404,0.0,-0.14297942547636744,0.0,0.82796477601768,0.0,-1.0071902531341514,0.0
2025-10-22 04:00:00,0.40770300736372533,0.0,0.4246425655802675,0.0,-2.0314469724689364,0.0,1.5748822139816632,0.0,0.8667325961223442,0.0,-0.8749074126128074,0.0,-0.27681470136925057,0.0,0.5187682509572156,0.0,-2.9510232570194486,0.0,2.5320024318192527,0.0,-0.25572092781703404,0.0,-0.14297942547636744,0.0,0.82796477601768,0.0
2025-10-22 05:00:00,-2.5693325525179302,0.0,0.40770300736372533,0.0,0.4246425655802675,0.0,-2.0314469724689364,0.0,1.5748822139816632,0.0,0.8667325961223442,0.0,-0.8749074126128074,0.0,-0.27681470136925057,0.0,0.5187682509572156,0.0,-2.9510232570194486,0.0,2.5320024318192527,0.0,-0.25572092781703404,0.0,-0.14297942547636744,0.0
2025-10-22 06:00:00,2.1722393387427053,0.0,-2.5693325525179302,0.0,0.40770300736372533,0.0,0.4246425655802675,0.0,-2.0314469724689364,0.0,1.5748822139816632,0.0,0.8667325961223442,0.0,-0.8749074126128074,0.0,-0.27681470136925057,0.0,0.5187682509572156,0.0,-2.9510232570194486,0.0,2.5320024318192527,0.0,-0.25572092781703404,0.0
2025-10-22 07:00:00,-2.2005552588599935,0.0,2.1722393387427053,0.0,-2.5693325525179302,0.0,0.40770300736372533,0.0,0.4246425655802675,0.0,-2.0314469724689364,0.0,1.5748822139816632,0.0,0.8667325961223442,0.0,-0.8749074126128074,0.0,-0.27681470136925057,0.0,0.5187682509572156,0.0,-2.9510232570194486,0.0,2.5320024318192527,0.0
2025-10-22 08:00:00,2.8564401946660327,0.0,-2.2005552588599935,0.0,2.1722393387427053,0.0,-2.5693325525179302,0.0,0.40770300736372533,0.0,0.4246425655802675,0.0,-2.0314469724689364,0.0,1.5748822139816632,0.0,0.8667325961223442,0.0,-0.8749074126128074,0.0,-0.27681470136925057,0.0,0.5187682509572156,0.0,-2.9510232570194486,0.0
2025-10-22 09:00:00,-1.8754477695890017,0.0,2.8564401946660327,0.0,-2.2005552588599935,0.0,2.1722393387427053,0.0,-2.5693325525179302,0.0,0.40770300736372533,0.0,0.4246425655802675,0.0,-2.0314469724689364,0.0,1.5748822139816632,0.0,0.8667325961223442,0.0,-0.8749074126128074,0.0,-0.27681470136925057,0.0,0.5187682509572156,0.0
2025-10-22 10:00:00,3.099152582235769,0.0,-1.8754477695890017,0.0,2.8564401946660327,0.0,-2.2005552588599935,0.0,2.1722393387427053,0.0,-2.5693325525179302,0.0,0.40770300736372533,0.0,0.4246425655802675,0.0,-2.0314469724689364,0.0,1.5748822139816632,0.0,0.8667325961223442,0.0,-0.8749074126128074,0.0,-0.27681470136925057,0.0
2025-10-22 11:00:00,-3.9915031065639157,0.0,3.099152582235769,0.0,-1.8754477695890017,0.0,2.8564401946660327,0.0,-2.2005552588599935,0.0,2.1722393387427053,0.0,-2.5693325525179302,0.0,0.40770300736372533,0.0,0.4246425655802675,0.0,-2.0314469724689364,0.0,1.5748822139816632,0.0,0.8667325961223442,0.0,-0.8749074126128074,0.0
2025-10-22 12:00:00,2.4168307498005737,0.0,-3.9915031065639157,0.0,3.099152582235769,0.0,-1.8754477695890017,0.0,2.8564401946660327,0.0,-2.2005552588599935,0.0,2.1722393387427053,0.0,-2.5693325525179302,0.0,0.40770300736372533,0.0,0.4246425655802675,0.0,-2.0314469724689364,0.0,1.5748822139816632,0.0,0.8667325961223442,0.0
2025-10-22 13:00:00,1.0785176012481053,0.0,2.4168307498005737,0.0,-3.9915031065639157,0.0,3.099152582235769,0.0,-1.8754477695890017,0.0,2.8564401946660327,0.0,-2.2005552588599935,0.0,2.1722393387427053,0.0,-2.5693325525179302,0.0,0.40770300736372533,0.0,0.4246425655802675,0.0,-2.0314469724689364,0.0,1.5748822139816632,0.0
2025-10-22 14:00:00,-2.3175208268270655,0.0,1.0785176012481053,0.0,2.4168307498005737,0.0,-3.9915031065639157,0.0,3.099152582235769,0.0,-1.8754477695890017,0.0,2.8564401946660327,0.0,-2.2005552588599935,0.0,2.1722393387427053,0.0,-2.5693325525179302,0.0,0.40770300736372533,0.0,0.4246425655802675,0.0,-2.0314469724689364,0.0
2025-10-22 15:00:00,1.4080392928729193,0.0,-2.3175208268270655,0.0,1.0785176012481053,0.0,2.4168307498005737,0.0,-3.9915031065639157,0.0,3.099152582235769,0.0,-1.8754477695890017,0.0,2.8564401946660327,0.0,-2.2005552588599935,0.0,2.1722393387427053,0.0,-2.5693325525179302,0.0,0.40770300736372533,0.0,0.4246425655802675,0.0
2025-10-22 16:00:00,-0.8676334350026327,0.0,1.4080392928729193,0.0,-2.3175208268270655,0.0,1.0785176012481053,0.0,2.4168307498005737,0.0,-3.9915031065639157,0.0,3.099152582235769,0.0,-1.8754477695890017,0.0,2.8564401946660327,0.0,-2.2005552588599935,0.0,2.1722393387427053,0.0,-2.5693325525179302,0.0,0.40770300736372533,0.0
2025-10-22 17:00:00,1.4845033474404605,0.0,-0.8676334350026327,0.0,1.4080392928729193,0.0,-2.3175208268270655,0.0,1.0785176012481053,0.0,2.4168307498005737,0.0,-3.9915031065639157,0.0,3.099152582235769,0.0,-1.8754477695890017,0.0,2.8564401946660327,0.0,-2.2005552588599935,0.0,2.1722393387427053,0.0,-2.5693325525179302,0.0
2025-10-22 18:00:00,-0.5626558583743151,0.0,1.4845033474404605,0.0,-0.8676334350026327,0.0,1.4080392928729193,0.0,-2.3175208268270655,0.0,1.0785176012481053,0.0,2.4168307498005737,0.0,-3.9915031065639157,0.0,3.099152582235769,0.0,-1.8754477695890017,0.0,2.8564401946660327,0.0,-2.2005552588599935,0.0,2.1722393387427053,0.0
2025-10-22 19:00:00,0.648071337373306,0.0,-0.5626558583743151,0.0,1.4845033474404605,0.0,-0.8676334350026327,0.0,1.4080392928729193,0.0,-2.3175208268270655,0.0,1.0785176012481053,0.0,2.4168307498005737,0.0,-3.9915031065639157,0.0,3.099152582235769,0.0,-1.8754477695890017,0.0,2.8564401946660327,0.0,-2.2005552588599935,0.0
2025-10-22 20:00:00,-1.7087917513345285,0.0,0.648071337373306,0.0,-0.5626558583743151,0.0,1.4845033474404605,0.0,-0.8676334350026327,0.0,1.4080392928729193,0.0,-2.3175208268270655,0.0,1.0785176012481053,0.0,2.4168307498005737,0.0,-3.9915031065639157,0.0,3.099152582235769,0.0,-1.8754477695890017,0.0,2.8564401946660327,0.0
2025-10-22 21:00:00,0.6587020444411742,0.0,-1.7087917513345285,0.0,0.648071337373306,0.0,-0.5626558583743151,0.0,1.4845033474404605,0.0,-0.8676334350026327,0.0,1.4080392928729193,0.0,-2.3175208268270655,0.0,1.0785176012481053,0.0,2.4168307498005737,0.0,-3.9915031065639157,0.0,3.099152582235769,0.0,-1.8754477695890017,0.0
2025-10-22 22:00:00,-1.4982323991953441,0.0,0.6587020444411742,0.0,-1.7087917513345285,0.0,0.648071337373306,0.0,-0.5626558583743151,0.0,1.4845033474404605,0.0,-0.8676334350026327,0.0,1.4080392928729193,0.0,-2.3175208268270655,0.0,1.0785176012481053,0.0,2.4168307498005737,0.0,-3.9915031065639157,0.0,3.099152582235769,0.0
2025-10-22 23:00:00,1.6492285885552187,0.0,-1.4982323991953441,0.0,0.6587020444411742,0.0,-1.7087917513345285,0.0,0.648071337373306,0.0,-0.5626558583743151,0.0,1.4845033474404605,0.0,-0.8676334350026327,0.0,1.4080392928729193,0.0,-2.3175208268270655,0.0,1.0785176012481053,0.0,2.4168307498005737,0.0,-3.9915031065639157,0.0
2025-10-23 00:00:00,0.3448587489637429,0.0,1.6492285885552187,0.0,-1.4982323991953441,0.0,0.6587020444411742,0.0,-1.7087917513345285,0.0,0.648071337373306,0.0,-0.5626558583743151,0.0,1.4845033474404605,0.0,-0.8676334350026327,0.0,1.4080392928729193,0.0,-2.3175208268270655,0.0,1.0785176012481053,0.0,2.4168307498005737,0.0
2025-10-23 01:00:00,0.16557231965804853,0.0,0.3448587489637429,0.0,1.6492285885552187,0.0,-1.4982323991953441,0.0,0.6587020444411742,0.0,-1.7087917513345285,0.0,0.648071337373306,0.0,-0.5626558583743151,0.0,1.4845033474404605,0.0,-0.8676334350026327,0.0,1.4080392928729193,0.0,-2.3175208268270655,0.0,1.0785176012481053,0.0
2025-10-23 02:00:00,0.9155011542571376,0.0,0.16557231965804853,0.0,0.3448587489637429,0.0,1.6492285885552187,0.0,-1.4982323991953441,0.0,0.6587020444411742,0.0,-1.7087917513345285,0.0,0.648071337373306,0.0,-0.5626558583743151,0.0,1.4845033474404605,0.0,-0.8676334350026327,0.0,1.4080392928729193,0.0,-2.3175208268270655,0.0
2025-10-23 03:00:00,-1.6460396253052068,0.0,0.9155011542571376,0.0,0.16557231965804853,0.0,0.3448587489637429,0.0,1.6492285885552187,0.0,-1.4982323991953441,0.0,0.6587020444411742,0.0,-1.7087917513345285,0.0,0.648071337373306,0.0,-0.5626558583743151,0.0,1.4845033474404605,0.0,-0.8676334350026327,0.0,1.4080392928729193,0.0
2025-10-23 04:00:00,0.17172806772731342,0.0,-1.6460396253052068,0.0,0.9155011542571376,0.0,0.16557231965804853,0.0,0.3448587489637429,0.0,1.6492285885552187,0.0,-1.4982323991953441,0.0,0.6587020444411742,0.0,-1.7087917513345285,0.0,0.648071337373306,0.0,-0.5626558583743151,0.0,1.4845033474404605,0.0,-0.8676334350026327,0.0
2025-10-23 05:00:00,-1.5833297325746436,0.0,0.17172806772731342,0.0,-1.6460396253052068,0.0,0.9155011542571376,0.0,0.16557231965804853,0.0,0.3448587489637429,0.0,1.6492285885552187,0.0,-1.4982323991953441,0.0,0.6587020444411742,0.0,-1.7087917513345285,0.0,0.648071337373306,0.0,-0.5626558583743151,0.0,1.4845033474404605,0.0
2025-10-23 06:00:00,0.4138333577786808,0.0,-1.5833297325746436,0.0,0.17172806772731342,0.0,-1.6460396253052068,0.0,0.9155011542571376,0.0,0.16557231965804853,0.0,0.3448587489637429,0.0,1.6492285885552187,0.0,-1.4982323991953441,0.0,0.6587020444411742,0.0,-1.7087917513345285,0.0,0.648071337373306,0.0,-0.5626558583743151,0.0
2025-10-23 07:00:00,1.8056136723077172,0.0,0.4138333577786808,0.0,-1.5833297325746436,0.0,0.17172806772731342,0.0,-1.6460396253052068,0.0,0.9155011542571376,0.0,0.16557231965804853,0.0,0.3448587489637429,0.0,1.6492285885552187,0.0,-1.4982323991953441,0.0,0.6587020444411742,0.0,-1.7087917513345285,0.0,0.648071337373306,0.0
2025-10-23 08:00:00,-9.706620724300137,0.0,1.8056136723077172,0.0,0.4138333577786808,0.0,-1.5833297325746436,0.0,0.17172806772731342,0.0,-1.6460396253052068,0.0,0.9155011542571376,0.0,0.16557231965804853,0.0,0.3448587489637429,0.0,1.6492285885552187,0.0,-1.4982323991953441,0.0,0.6587020444411742,0.0,-1.7087917513345285,0.0
2025-10-23 09:00:00,0.0,0.0,-9.706620724300137,0.0,1.8056136723077172,0.0,0.4138333577786808,0.0,-1.5833297325746436,0.0,0.17172806772731342,0.0,-1.6460396253052068,0.0,0.9155011542571376,0.0,0.16557231965804853,0.0,0.3448587489637429,0.0,1.6492285885552187,0.0,-1.4982323991953441,0.0,0.6587020444411742,0.0
2025-10-23 10:00:00,4.663439094112067,0.0,0.0,0.0,-9.706620724300137,0.0,1.8056136723077172,0.0,0.4138333577786808,0.0,-1.5833297325746436,0.0,0.17172806772731342,0.0,-1.6460396253052068,0.0,0.9155011542571376,0.0,0.16557231965804853,0.0,0.3448587489637429,0.0,1.6492285885552187,0.0,-1.4982323991953441,0.0
2025-10-23 11:00:00,3.59757069191176,0.0,4.663439094112067,0.0,0.0,0.0,-9.706620724300137,0.0,1.8056136723077172,0.0,0.4138333577786808,0.0,-1.5833297325746436,0.0,0.17172806772731342,0.0,-1.6460396253052068,0.0,0.9155011542571376,0.0,0.16557231965804853,0.0,0.3448587489637429,0.0,1.6492285885552187,0.0
2025-10-23 12:00:00,0.4099340051983287,0.0,3.59757069191176,0.0,4.663439094112067,0.0,0.0,0.0,-9.706620724300137,0.0,1.8056136723077172,0.0,0.4138333577786808,0.0,-1.5833297325746436,0.0,0.17172806772731342,0.0,-1.6460396253052068,0.0,0.9155011542571376,0.0,0.16557231965804853,0.0,0.3448587489637429,0.0
2025-10-23 13:00:00,1.556184019119808,0.0,0.4099340051983287,0.0,3.59757069191176,0.0,4.663439094112067,0.0,0.0,0.0,-9.706620724300137,0.0,1.8056136723077172,0.0,0.4138333577786808,0.0,-1.5833297325746436,0.0,0.17172806772731342,0.0,-1.6460396253052068,0.0,0.9155011542571376,0.0,0.16557231965804853,0.0
2025-10-23 14:00:00,-2.469221601990217,0.0,1.556184019119808,0.0,0.4099340051983287,0.0,3.59757069191176,0.0,4.663439094112067,0.0,0.0,0.0,-9.706620724300137,0.0,1.8056136723077172,0.0,0.4138333577786808,0.0,-1.5833297325746436,0.0,0.17172806772731342,0.0,-1.6460396253052068,0.0,0.9155011542571376,0.0
2025-10-23 15:00:00,2.250346682759462,0.0,-2.469221601990217,0.0,1.556184019119808,0.0,0.4099340051983287,0.0,3.59757069191176,0.0,4.663439094112067,0.0,0.0,0.0,-9.706620724300137,0.0,1.8056136723077172,0.0,0.4138333577786808,0.0,-1.5833297325746436,0.0,0.17172806772731342,0.0,-1.6460396253052068,0.0
2025-10-23 16:00:00,0.2381148943414626,0.0,2.250346682759462,0.0,-2.469221601990217,0.0,1.556184019119808,0.0,0.4099340051983287,0.0,3.59757069191176,0.0,4.663439094112067,0.0,0.0,0.0,-9.706620724300137,0.0,1.8056136723077172,0.0,0.4138333577786808,0.0,-1.5833297325746436,0.0,0.17172806772731342,0.0
2025-10-23 17:00:00,-0.5348279731051306,0.0,0.2381148943414626,0.0,2.250346682759462,0.0,-2.469221601990217,0.0,1.556184019119808,0.0,0.4099340051983287,0.0,3.59757069191176,0.0,4.663439094112067,0.0,0.0,0.0,-9.706620724300137,0.0,1.8056136723077172,0.0,0.4138333577786808,0.0,-1.5833297325746436,0.0
2025-10-23 18:00:00,0.5977461260868715,0.0,-0.5348279731051306,0.0,0.2381148943414626,0.0,2.250346682759462,0.0,-2.469221601990217,0.0,1.556184019119808,0.0,0.4099340051983287,0.0,3.59757069191176,0.0,4.663439094112067,0.0,0.0,0.0,-9.706620724300137,0.0,1.8056136723077172,0.0,0.4138333577786808,0.0
2025-10-23 19:00:00,-0.19412031269335195,0.0,0.5977461260868715,0.0,-0.5348279731051306,0.0,0.2381148943414626,0.0,2.250346682759462,0.0,-2.469221601990217,0.0,1.556184019119808,0.0,0.4099340051983287,0.0,3.59757069191176,0.0,4.663439094112067,0.0,0.0,0.0,-9.706620724300137,0.0,1.8056136723077172,0.0
2025-10-23 20:00:00,0.255634438229313,0.0,-0.19412031269335195,0.0,0.5977461260868715,0.0,-0.5348279731051306,0.0,0.2381148943414626,0.0,2.250346682759462,0.0,-2.469221601990217,0.0,1.556184019119808,0.0,0.4099340051983287,0.0,3.59757069191176,0.0,4.663439094112067,0.0,0.0,0.0,-9.706620724300137,0.0
2025-10-23 21:00:00,0.19529813906405025,0.0,0.255634438229313,0.0,-0.19412031269335195,0.0,0.5977461260868715,0.0,-0.5348279731051306,0.0,0.2381148943414626,0.0,2.250346682759462,0.0,-2.469221601990217,0.0,1.556184019119808,0.0,0.4099340051983287,0.0,3.59757069191176,0.0,4.663439094112067,0.0,0.0,0.0
2025-10-23 22:00:00,-0.4556777852320675,0.0,0.19529813906405025,0.0,0.255634438229313,0.0,-0.19412031269335195,0.0,0.5977461260868715,0.0,-0.5348279731051306,0.0,0.2381148943414626,0.0,2.250346682759462,0.0,-2.469221601990217,0.0,1.556184019119808,0.0,0.4099340051983287,0.0,3.59757069191176,0.0,4.663439094112067,0.0
2025-10-23 23:00:00,-1.7417272347045625,0.0,-0.4556777852320675,0.0,0.19529813906405025,0.0,0.255634438229313,0.0,-0.19412031269335195,0.0,0.5977461260868715,0.0,-0.5348279731051306,0.0,0.2381148943414626,0.0,2.250346682759462,0.0,-2.469221601990217,0.0,1.556184019119808,0.0,0.4099340051983287,0.0,3.59757069191176,0.0
2025-10-24 00:00:00,1.028707500019518,0.0,-1.7417272347045625,0.0,-0.4556777852320675,0.0,0.19529813906405025,0.0,0.255634438229313,0.0,-0.19412031269335195,0.0,0.5977461260868715,0.0,-0.5348279731051306,0.0,0.2381148943414626,0.0,2.250346682759462,0.0,-2.469221601990217,0.0,1.556184019119808,0.0,0.4099340051983287,0.0
2025-10-24 01:00:00,0.5011245775890014,0.0,1.028707500019518,0.0,-1.7417272347045625,0.0,-0.4556777852320675,0.0,0.19529813906405025,0.0,0.255634438229313,0.0,-0.19412031269335195,0.0,0.5977461260868715,0.0,-0.5348279731051306,0.0,0.2381148943414626,0.0,2.250346682759462,0.0,-2.469221601990217,0.0,1.556184019119808,0.0
2025-10-24 02:00:00,-1.0201672200784913,0.0,0.5011245775890014,0.0,1.028707500019518,0.0,-1.7417272347045625,0.0,-0.4556777852320675,0.0,0.19529813906405025,0.0,0.255634438229313,0.0,-0.19412031269335195,0.0,0.5977461260868715,0.0,-0.5348279731051306,0.0,0.2381148943414626,0.0,2.250346682759462,0.0,-2.469221601990217,0.0
2025-10-24 03:00:00,1.6817942268908368,0.0,-1.0201672200784913,0.0,0.5011245775890014,0.0,1.028707500019518,0.0,-1.7417272347045625,0.0,-0.4556777852320675,0.0,0.19529813906405025,0.0,0.255634438229313,0.0,-0.19412031269335195,0.0,0.5977461260868715,0.0,-0.5348279731051306,0.0,0.2381148943414626,0.0,2.250346682759462,0.0
2025-10-24 04:00:00,-1.6833285043380553,0.0,1.6817942268908368,0.0,-1.0201672200784913,0.0,0.5011245775890014,0.0,1.028707500019518,0.0,-1.7417272347045625,0.0,-0.4556777852320675,0.0,0.19529813906405025,0.0,0.255634438229313,0.0,-0.19412031269335195,0.0,0.5977461260868715,0.0,-0.5348279731051306,0.0,0.2381148943414626,0.0
2025-10-24 05:00:00,-1.5961265677958618,0.0,-1.6833285043380553,0.0,1.6817942268908368,0.0,-1.0201672200784913,0.0,0.5011245775890014,0.0,1.028707500019518,0.0,-1.7417272347045625,0.0,-0.4556777852320675,0.0,0.19529813906405025,0.0,0.255634438229313,0.0,-0.19412031269335195,0.0,0.5977461260868715,0.0,-0.5348279731051306,0.0
2025-10-24 06:00:00,3.141137622316224,0.0,-1.5961265677958618,0.0,-1.6833285043380553,0.0,1.6817942268908368,0.0,-1.0201672200784913,0.0,0.5011245775890014,0.0,1.028707500019518,0.0,-1.7417272347045625,0.0,-0.4556777852320675,0.0,0.19529813906405025,0.0,0.255634438229313,0.0,-0.19412031269335195,0.0,0.5977461260868715,0.0
2025-10-24 07:00:00,-5.4246225439368505,0.0,3.141137622316224,0.0,-1.5961265677958618,0.0,-1.6833285043380553,0.0,1.6817942268908368,0.0,-1.0201672200784913,0.0,0.5011245775890014,0.0,1.028707500019518,0.0,-1.7417272347045625,0.0,-0.4556777852320675,0.0,0.19529813906405025,0.0,0.255634438229313,0.0,-0.19412031269335195,0.0
2025-10-24 08:00:00,2.320000134595724,0.0,-5.4246225439368505,0.0,3.141137622316224,0.0,-1.5961265677958618,0.0,-1.6833285043380553,0.0,1.6817942268908368,0.0,-1.0201672200784913,0.0,0.5011245775890014,0.0,1.028707500019518,0.0,-1.7417272347045625,0.0,-0.4556777852320675,0.0,0.19529813906405025,0.0,0.255634438229313,0.0
2025-10-24 09:00:00,-0.7435322413991932,0.0,2.320000134595724,0.0,-5.4246225439368505,0.0,3.141137622316224,0.0,-1.5961265677958618,0.0,-1.6833285043380553,0.0,1.6817942268908368,0.0,-1.0201672200784913,0.0,0.5011245775890014,0.0,1.028707500019518,0.0,-1.7417272347045625,0.0,-0.4556777852320675,0.0,0.19529813906405025,0.0
2025-10-24 10:00:00,0.5902665173819015,0.0,-0.7435322413991932,0.0,2.320000134595724,0.0,-5.4246225439368505,0.0,3.141137622316224,0.0,-1.5961265677958618,0.0,-1.6833285043380553,0.0,1.6817942268908368,0.0,-1.0201672200784913,0.0,0.5011245775890014,0.0,1.028707500019518,0.0,-1.7417272347045625,0.0,-0.4556777852320675,0.0
2025-10-24 11:00:00,-0.48434749849816416,0.0,0.5902665173819015,0.0,-0.7435322413991932,0.0,2.320000134595724,0.0,-5.4246225439368505,0.0,3.141137622316224,0.0,-1.5961265677958618,0.0,-1.6833285043380553,0.0,1.6817942268908368,0.0,-1.0201672200784913,0.0,0.5011245775890014,0.0,1.028707500019518,0.0,-1.7417272347045625,0.0
2025-10-24 12:00:00,0.6296131798483797,0.0,-0.48434749849816416,0.0,0.5902665173819015,0.0,-0.7435322413991932,0.0,2.320000134595724,0.0,-5.4246225439368505,0.0,3.141137622316224,0.0,-1.5961265677958618,0.0,-1.6833285043380553,0.0,1.6817942268908368,0.0,-1.0201672200784913,0.0,0.5011245775890014,0.0,1.028707500019518,0.0
2025-10-24 13:00:00,1.7334191618573103,0.0,0.6296131798483797,0.0,-0.48434749849816416,0.0,0.5902665173819015,0.0,-0.7435322413991932,0.0,2.320000134595724,0.0,-5.4246225439368505,0.0,3.141137622316224,0.0,-1.5961265677958618,0.0,-1.6833285043380553,0.0,1.6817942268908368,0.0,-1.0201672200784913,0.0,0.5011245775890014,0.0
2025-10-24 14:00:00,-0.4122882382011799,0.0,1.7334191618573103,0.0,0.6296131798483797,0.0,-0.48434749849816416,0.0,0.5902665173819015,0.0,-0.7435322413991932,0.0,2.320000134595724,0.0,-5.4246225439368505,0.0,3.141137622316224,0.0,-1.5961265677958618,0.0,-1.6833285043380553,0.0,1.6817942268908368,0.0,-1.0201672200784913,0.0
2025-10-24 15:00:00,0.8948808125042156,0.0,-0.4122882382011799,0.0,1.7334191618573103,0.0,0.6296131798483797,0.0,-0.48434749849816416,0.0,0.5902665173819015,0.0,-0.7435322413991932,0.0,2.320000134595724,0.0,-5.4246225439368505,0.0,3.141137622316224,0.0,-1.5961265677958618,0.0,-1.6833285043380553,0.0,1.6817942268908368,0.0
2025-10-24 16:00:00,-0.7048200363674635,0.0,0.8948808125042156,0.0,-0.4122882382011799,0.0,1.7334191618573103,0.0,0.6296131798483797,0.0,-0.48434749849816416,0.0,0.5902665173819015,0.0,-0.7435322413991932,0.0,2.320000134595724,0.0,-5.4246225439368505,0.0,3.141137622316224,0.0,-1.5961265677958618,0.0,-1.6833285043380553,0.0
2025-10-24 17:00:00,0.4190095539762453,0.0,-0.7048200363674635,0.0,0.8948808125042156,0.0,-0.4122882382011799,0.0,1.7334191618573103,0.0,0.6296131798483797,0.0,-0.48434749849816416,0.0,0.5902665173819015,0.0,-0.7435322413991932,0.0,2.320000134595724,0.0,-5.4246225439368505,0.0,3.141137622316224,0.0,-1.5961265677958618,0.0
2025-10-24 18:00:00,0.26895511702021757,0.0,0.4190095539762453,0.0,-0.7048200363674635,0.0,0.8948808125042156,0.0,-0.4122882382011799,0.0,1.7334191618573103,0.0,0.6296131798483797,0.0,-0.48434749849816416,0.0,0.5902665173819015,0.0,-0.7435322413991932,0.0,2.320000134595724,0.0,-5.4246225439368505,0.0,3.141137622316224,0.0
2025-10-24 19:00:00,0.33042028211508345,0.0,0.26895511702021757,0.0,0.4190095539762453,0.0,-0.7048200363674635,0.0,0.8948808125042156,0.0,-0.4122882382011799,0.0,1.7334191618573103,0.0,0.6296131798483797,0.0,-0.48434749849816416,0.0,0.5902665173819015,0.0,-0.7435322413991932,0.0,2.320000134595724,0.0,-5.4246225439368505,0.0
2025-10-24 20:00:00,0.608504284999519,0.0,0.33042028211508345,0.0,0.26895511702021757,0.0,0.4190095539762453,0.0,-0.7048200363674635,0.0,0.8948808125042156,0.0,-0.4122882382011799,0.0,1.7334191618573103,0.0,0.6296131798483797,0.0,-0.48434749849816416,0.0,0.5902665173819015,0.0,-0.7435322413991932,0.0,2.320000134595724,0.0
2025-10-24 21:00:00,-0.6793391463557779,0.0,0.608504284999519,0.0,0.33042028211508345,0.0,0.26895511702021757,0.0,0.4190095539762453,0.0,-0.7048200363674635,0.0,0.8948808125042156,0.0,-0.4122882382011799,0.0,1.7334191618573103,0.0,0.6296131798483797,0.0,-0.48434749849816416,0.0,0.5902665173819015,0.0,-0.7435322413991932,0.0
2025-10-24 22:00:00,-1.8355920029011816,0.0,-0.6793391463557779,0.0,0.608504284999519,0.0,0.33042028211508345,0.0,0.26895511702021757,0.0,0.4190095539762453,0.0,-0.7048200363674635,0.0,0.8948808125042156,0.0,-0.4122882382011799,0.0,1.7334191618573103,0.0,0.6296131798483797,0.0,-0.48434749849816416,0.0,0.5902665173819015,0.0
2025-10-24 23:00:00,0.5322737863378109,0.0,-1.8355920029011816,0.0,-0.6793391463557779,0.0,0.608504284999519,0.0,0.33042028211508345,0.0,0.26895511702021757,0.0,0.4190095539762453,0.0,-0.7048200363674635,0.0,0.8948808125042156,0.0,-0.4122882382011799,0.0,1.7334191618573103,0.0,0.6296131798483797,0.0,-0.48434749849816416,0.0
2025-10-25 00:00:00,-1.1777595289268623,0.0,0.5322737863378109,0.0,-1.8355920029011816,0.0,-0.6793391463557779,0.0,0.608504284999519,0.0,0.33042028211508345,0.0,0.26895511702021757,0.0,0.4190095539762453,0.0,-0.7048200363674635,0.0,0.8948808125042156,0.0,-0.4122882382011799,0.0,1.7334191618573103,0.0,0.6296131798483797,0.0
2025-10-25 01:00:00,1.0696784337027259,0.0,-1.1777595289268623,0.0,0.5322737863378109,0.0,-1.8355920029011816,0.0,-0.6793391463557779,0.0,0.608504284999519,0.0,0.33042028211508345,0.0,0.26895511702021757,0.0,0.4190095539762453,0.0,-0.7048200363674635,0.0,0.8948808125042156,0.0,-0.4122882382011799,0.0,1.7334191618573103,0.0
2025-10-25 02:00:00,1.0778886173316664,0.0,1.0696784337027259,0.0,-1.1777595289268623,0.0,0.5322737863378109,0.0,-1.8355920029011816,0.0,-0.6793391463557779,0.0,0.608504284999519,0.0,0.33042028211508345,0.0,0.26895511702021757,0.0,0.4190095539762453,0.0,-0.7048200363674635,0.0,0.8948808125042156,0.0,-0.4122882382011799,0.0
2025-10-25 03:00:00,0.9628863084766142,0.0,1.0778886173316664,0.0,1.0696784337027259,0.0,-1.1777595289268623,0.0,0.5322737863378109,0.0,-1.8355920029011816,0.0,-0.6793391463557779,0.0,0.608504284999519,0.0,0.33042028211508345,0.0,0.26895511702021757,0.0,0.4190095539762453,0.0,-0.7048200363674635,0.0,0.8948808125042156,0.0
2025-10-25 04:00:00,-2.8125566936495074,0.0,0.9628863084766142,0.0,1.0778886173316664,0.0,1.0696784337027259,0.0,-1.1777595289268623,0.0,0.5322737863378109,0.0,-1.8355920029011816,0.0,-0.6793391463557779,0.0,0.608504284999519,0.0,0.33042028211508345,0.0,0.26895511702021757,0.0,0.4190095539762453,0.0,-0.7048200363674635,0.0
2025-10-25 05:00:00,-3.7135720667043075,0.0,-2.8125566936495074,0.0,0.9628863084766142,0.0,1.0778886173316664,0.0,1.0696784337027259,0.0,-1.1777595289268623,0.0,0.5322737863378109,0.0,-1.8355920029011816,0.0,-0.6793391463557779,0.0,0.608504284999519,0.0,0.33042028211508345,0.0,0.26895511702021757,0.0,0.4190095539762453,0.0
2025-10-25 06:00:00,2.955344212648703,0.0,-3.7135720667043075,0.0,-2.8125566936495074,0.0,0.9628863084766142,0.0,1.0778886173316664,0.0,1.0696784337027259,0.0,-1.1777595289268623,0.0,0.5322737863378109,0.0,-1.8355920029011816,0.0,-0.6793391463557779,0.0,0.608504284999519,0.0,0.33042028211508345,0.0,0.26895511702021757,0.0
2025-10-25 07:00:00,2.782101359329274,0.0,2.955344212648703,0.0,-3.7135720667043075,0.0,-2.8125566936495074,0.0,0.9628863084766142,0.0,1.0778886173316664,0.0,1.0696784337027259,0.0,-1.1777595289268623,0.0,0.5322737863378109,0.0,-1.8355920029011816,0.0,-0.6793391463557779,0.0,0.608504284999519,0.0,0.33042028211508345,0.0
2025-10-25 08:00:00,-9.608646582885868,0.0,2.782101359329274,0.0,2.955344212648703,0.0,-3.7135720667043075,0.0,-2.8125566936495074,0.0,0.9628863084766142,0.0,1.0778886173316664,0.0,1.0696784337027259,0.0,-1.1777595289268623,0.0,0.5322737863378109,0.0,-1.8355920029011816,0.0,-0.6793391463557779,0.0,0.608504284999519,0.0
2025-10-25 09:00:00,0.0,0.0,-9.608646582885868,0.0,2.782101359329274,0.0,2.955344212648703,0.0,-3.7135720667043075,0.0,-2.8125566936495074,0.0,0.9628863084766142,0.0,1.0778886173316664,0.0,1.0696784337027259,0.0,-1.1777595289268623,0.0,0.5322737863378109,0.0,-1.8355920029011816,0.0,-0.6793391463557779,0.0
2025-10-25 10:00:00,0.0,0.0,0.0,0.0,-9.608646582885868,0.0,2.782101359329274,0.0,2.955344212648703,0.0,-3.7135720667043075,0.0,-2.8125566936495074,0.0,0.9628863084766142,0.0,1.0778886173316664,0.0,1.0696784337027259,0.0,-1.1777595289268623,0.0,0.5322737863378109,0.0,-1.8355920029011816,0.0
2025-10-25 11:00:00,6.56244409369372,0.0,0.0,0.0,0.0,0.0,-9.608646582885868,0.0,2.782101359329274,0.0,2.955344212648703,0.0,-3.7135720667043075,0.0,-2.8125566936495074,0.0,0.9628863084766142,0.0,1.0778886173316664,0.0,1.0696784337027259,0.0,-1.1777595289268623,0.0,0.5322737863378109,0.0
2025-10-25 12:00:00,-2.7557816039234,0.0,6.56244409369372,0.0,0.0,0.0,0.0,0.0,-9.608646582885868,0.0,2.782101359329274,0.0,2.955344212648703,0.0,-3.7135720667043075,0.0,-2.8125566936495074,0.0,0.9628863084766142,0.0,1.0778886173316664,0.0,1.0696784337027259,0.0,-1.1777595289268623,0.0
2025-10-25 13:00:00,4.923219795056269,0.0,-2.7557816039234,0.0,6.56244409369372,0.0,0.0,0.0,0.0,0.0,-9.608646582885868,0.0,2.782101359329274,0.0,2.955344212648703,0.0,-3.7135720667043075,0.0,-2.8125566936495074,0.0,0.9628863084766142,0.0,1.0778886173316664,0.0,1.0696784337027259,0.0
2025-10-25 14:00:00,-0.03070092551763537,0.0,4.923219795056269,0.0,-2.7557816039234,0.0,6.56244409369372,0.0,0.0,0.0,0.0,0.0,-9.608646582885868,0.0,2.782101359329274,0.0,2.955344212648703,0.0,-3.7135720667043075,0.0,-2.8125566936495074,0.0,0.9628863084766142,0.0,1.0778886173316664,0.0
2025-10-25 15:00:00,-0.8413137999771507,0.0,-0.03070092551763537,0.0,4.923219795056269,0.0,-2.7557816039234,0.0,6.56244409369372,0.0,0.0,0.0,0.0,0.0,-9.608646582885868,0.0,2.782101359329274,0.0,2.955344212648703,0.0,-3.7135720667043075,0.0,-2.8125566936495074,0.0,0.9628863084766142,0.0
2025-10-25 16:00:00,-0.14452967045993237,0.0,-0.8413137999771507,0.0,-0.03070092551763537,0.0,4.923219795056269,0.0,-2.7557816039234,0.0,6.56244409369372,0.0,0.0,0.0,0.0,0.0,-9.608646582885868,0.0,2.782101359329274,0.0,2.955344212648703,0.0,-3.7135720667043075,0.0,-2.8125566936495074,0.0
2025-10-25 17:00:00,1.2723578056638347,0.0,-0.14452967045993237,0.0,-0.8413137999771507,0.0,-0.03070092551763537,0.0,4.923219795056269,0.0,-2.7557816039234,0.0,6.56244409369372,0.0,0.0,0.0,0.0,0.0,-9.608646582885868,0.0,2.782101359329274,0.0,2.955344212648703,0.0,-3.7135720667043075,0.0
2025-10-25 18:00:00,-1.0659759336111305,0.0,1.2723578056638347,0.0,-0.14452967045993237,0.0,-0.8413137999771507,0.0,-0.03070092551763537,0.0,4.923219795056269,0.0,-2.7557816039234,0.0,6.56244409369372,0.0,0.0,0.0,0.0,0.0,-9.608646582885868,0.0,2.782101359329274,0.0,2.955344212648703,0.0
2025-10-25 19:00:00,1.5027436590823529,0.0,-1.0659759336111305,0.0,1.2723578056638347,0.0,-0.14452967045993237,0.0,-0.8413137999771507,0.0,-0.03070092551763537,0.0,4.923219795056269,0.0,-2.7557816039234,0.0,6.56244409369372,0.0,0.0,0.0,0.0,0.0,-9.608646582885868,0.0,2.782101359329274,0.0
2025-10-25 20:00:00,-1.1120484258186352,0.0,1.5027436590823529,0.0,-1.0659759336111305,0.0,1.2723578056638347,0.0,-0.14452967045993237,0.0,-0.8413137999771507,0.0,-0.03070092551763537,0.0,4.923219795056269,0.0,-2.7557816039234,0.0,6.56244409369372,0.0,0.0,0.0,0.0,0.0,-9.608646582885868,0.0
2025-10-25 21:00:00,-2.5483636114081154,0.0,-1.1120484258186352,0.0,1.5027436590823529,0.0,-1.0659759336111305,0.0,1.2723578056638347,0.0,-0.14452967045993237,0.0,-0.8413137999771507,0.0,-0.03070092551763537,0.0,4.923219795056269,0.0,-2.7557816039234,0.0,6.56244409369372,0.0,0.0,0.0,0.0,0.0
2025-10-25 22:00:00,4.084442448235832,0.0,-2.5483636114081154,0.0,-1.1120484258186352,0.0,1.5027436590823529,0.0,-1.0659759336111305,0.0,1.2723578056638347,0.0,-0.14452967045993237,0.0,-0.8413137999771507,0.0,-0.03070092551763537,0.0,4.923219795056269,0.0,-2.7557816039234,0.0,6.56244409369372,0.0,0.0,0.0
2025-10-25 23:00:00,-2.4040011082215678,0.0,4.084442448235832,0.0,-2.5483636114081154,0.0,-1.1120484258186352,0.0,1.5027436590823529,0.0,-1.0659759336111305,0.0,1.2723578056638347,0.0,-0.14452967045993237,0.0,-0.8413137999771507,0.0,-0.03070092551763537,0.0,4.923219795056269,0.0,-2.7557816039234,0.0,6.56244409369372,0.0
2025-10-26 00:00:00,2.0267443702017687,0.0,-2.4040011082215678,0.0,4.084442448235832,0.0,-2.5483636114081154,0.0,-1.1120484258186352,0.0,1.5027436590823529,0.0,-1.0659759336111305,0.0,1.2723578056638347,0.0,-0.14452967045993237,0.0,-0.8413137999771507,0.0,-0.03070092551763537,0.0,4.923219795056269,0.0,-2.7557816039234,0.0
2025-10-26 01:00:00,0.5578830199851943,0.0,2.0267443702017687,0.0,-2.4040011082215678,0.0,4.084442448235832,0.0,-2.5483636114081154,0.0,-1.1120484258186352,0.0,1.5027436590823529,0.0,-1.0659759336111305,0.0,1.2723578056638347,0.0,-0.14452967045993237,0.0,-0.8413137999771507,0.0,-0.03070092551763537,0.0,4.923219795056269,0.0
2025-10-26 02:00:00,2.0910880645076944,0.0,0.5578830199851943,0.0,2.0267443702017687,0.0,-2.4040011082215678,0.0,4.084442448235832,0.0,-2.5483636114081154,0.0,-1.1120484258186352,0.0,1.5027436590823529,0.0,-1.0659759336111305,0.0,1.2723578056638347,0.0,-0.14452967045993237,0.0,-0.8413137999771507,0.0,-0.03070092551763537,0.0
2025-10-26 03:00:00,-0.5072036423592348,0.0,2.0910880645076944,0.0,0.5578830199851943,0.0,2.0267443702017687,0.0,-2.4040011082215678,0.0,4.084442448235832,0.0,-2.5483636114081154,0.0,-1.1120484258186352,0.0,1.5027436590823529,0.0,-1.0659759336111305,0.0,1.2723578056638347,0.0,-0.14452967045993237,0.0,-0.8413137999771507,0.0
2025-10-26 04:00:00,-1.1944538638875528,0.0,-0.5072036423592348,0.0,2.0910880645076944,0.0,0.5578830199851943,0.0,2.0267443702017687,0.0,-2.4040011082215678,0.0,4.084442448235832,0.0,-2.5483636114081154,0.0,-1.1120484258186352,0.0,1.5027436590823529,0.0,-1.0659759336111305,0.0,1.2723578056638347,0.0,-0.14452967045993237,0.0
2025-10-26 05:00:00,0.5880792998155524,0.0,-1.1944538638875528,0.0,-0.5072036423592348,0.0,2.0910880645076944,0.0,0.5578830199851943,0.0,2.0267443702017687,0.0,-2.4040011082215678,0.0,4.084442448235832,0.0,-2.5483636114081154,0.0,-1.1120484258186352,0.0,1.5027436590823529,0.0,-1.0659759336111305,0.0,1.2723578056638347,0.0
2025-10-26 06:00:00,-3.8461159737285424,0.0,0.5880792998155524,0.0,-1.1944538638875528,0.0,-0.5072036423592348,0.0,2.0910880645076944,0.0,0.5578830199851943,0.0,2.0267443702017687,0.0,-2.4040011082215678,0.0,4.084442448235832,0.0,-2.5483636114081154,0.0,-1.1120484258186352,0.0,1.5027436590823529,0.0,-1.0659759336111305,0.0
2025-10-26 07:00:00,-1.025115954332672,0.0,-3.8461159737285424,0.0,0.5880792998155524,0.0,-1.1944538638875528,0.0,-0.5072036423592348,0.0,2.0910880645076944,0.0,0.5578830199851943,0.0,2.0267443702017687,0.0,-2.4040011082215678,0.0,4.084442448235832,0.0,-2.5483636114081154,0.0,-1.1120484258186352,0.0,1.5027436590823529,0.0
2025-10-26 08:00:00,1.889170903991606,0.0,-1.025115954332672,0.0,-3.8461159737285424,0.0,0.5880792998155524,0.0,-1.1944538638875528,0.0,-0.5072036423592348,0.0,2.0910880645076944,0.0,0.5578830199851943,0.0,2.0267443702017687,0.0,-2.4040011082215678,0.0,4.084442448235832,0.0,-2.5483636114081154,0.0,-1.1120484258186352,0.0
2025-10-26 09:00:00,1.5136881476696242,0.0,1.889170903991606,0.0,-1.025115954332672,0.0,-3.8461159737285424,0.0,0.5880792998155524,0.0,-1.1944538638875528,0.0,-0.5072036423592348,0.0,2.0910880645076944,0.0,0.5578830199851943,0.0,2.0267443702017687,0.0,-2.4040011082215678,0.0,4.084442448235832,0.0,-2.5483636114081154,0.0
2025-10-26 10:00:00,-9.536257094657879,0.0,1.5136881476696242,0.0,1.889170903991606,0.0,-1.025115954332672,0.0,-3.8461159737285424,0.0,0.5880792998155524,0.0,-1.1944538638875528,0.0,-0.5072036423592348,0.0,2.0910880645076944,0.0,0.5578830199851943,0.0,2.0267443702017687,0.0,-2.4040011082215678,0.0,4.084442448235832,0.0
2025-10-26 11:00:00,8.794521851788527,0.0,-9.536257094657879,0.0,1.5136881476696242,0.0,1.889170903991606,0.0,-1.025115954332672,0.0,-3.8461159737285424,0.0,0.5880792998155524,0.0,-1.1944538638875528,0.0,-0.5072036423592348,0.0,2.0910880645076944,0.0,0.5578830199851943,0.0,2.0267443702017687,0.0,-2.4040011082215678,0.0
2025-10-26 12:00:00,-0.7007540938574479,0.0,8.794521851788527,0.0,-9.536257094657879,0.0,1.5136881476696242,0.0,1.889170903991606,0.0,-1.025115954332672,0.0,-3.8461159737285424,0.0,0.5880792998155524,0.0,-1.1944538638875528,0.0,-0.5072036423592348,0.0,2.0910880645076944,0.0,0.5578830199851943,0.0,2.0267443702017687,0.0
2025-10-26 13:00:00,1.3363505078830116,0.0,-0.7007540938574479,0.0,8.794521851788527,0.0,-9.536257094657879,0.0,1.5136881476696242,0.0,1.889170903991606,0.0,-1.025115954332672,0.0,-3.8461159737285424,0.0,0.5880792998155524,0.0,-1.1944538638875528,0.0,-0.5072036423592348,0.0,2.0910880645076944,0.0,0.5578830199851943,0.0
2025-10-26 14:00:00,0.4236536944761049,0.0,1.3363505078830116,0.0,-0.7007540938574479,0.0,8.794521851788527,0.0,-9.536257094657879,0.0,1.5136881476696242,0.0,1.889170903991606,0.0,-1.025115954332672,0.0,-3.8461159737285424,0.0,0.5880792998155524,0.0,-1.1944538638875528,0.0,-0.5072036423592348,0.0,2.0910880645076944,0.0
2025-10-26 15:00:00,0.26119133869245914,0.0,0.4236536944761049,0.0,1.3363505078830116,0.0,-0.7007540938574479,0.0,8.794521851788527,0.0,-9.536257094657879,0.0,1.5136881476696242,0.0,1.889170903991606,0.0,-1.025115954332672,0.0,-3.8461159737285424,0.0,0.5880792998155524,0.0,-1.1944538638875528,0.0,-0.5072036423592348,0.0
2025-10-26 16:00:00,-0.5059810442464325,0.0,0.26119133869245914,0.0,0.4236536944761049,0.0,1.3363505078830116,0.0,-0.7007540938574479,0.0,8.794521851788527,0.0,-9.536257094657879,0.0,1.5136881476696242,0.0,1.889170903991606,0.0,-1.025115954332672,0.0,-3.8461159737285424,0.0,0.5880792998155524,0.0,-1.1944538638875528,0.0
2025-10-26 17:00:00,0.9648954912372343,0.0,-0.5059810442464325,0.0,0.26119133869245914,0.0,0.4236536944761049,0.0,1.3363505078830116,0.0,-0.7007540938574479,0.0,8.794521851788527,0.0,-9.536257094657879,0.0,1.5136881476696242,0.0,1.889170903991606,0.0,-1.025115954332672,0.0,-3.8461159737285424,0.0,0.5880792998155524,0.0
2025-10-26 18:00:00,-1.27095819270418,0.0,0.9648954912372343,0.0,-0.5059810442464325,0.0,0.26119133869245914,0.0,0.4236536944761049,0.0,1.3363505078830116,0.0,-0.7007540938574479,0.0,8.794521851788527,0.0,-9.536257094657879,0.0,1.5136881476696242,0.0,1.889170903991606,0.0,-1.025115954332672,0.0,-3.8461159737285424,0.0
2025-10-26 19:00:00,0.032024981931437324,0.0,-1.27095819270418,0.0,0.9648954912372343,0.0,-0.5059810442464325,0.0,0.26119133869245914,0.0,0.4236536944761049,0.0,1.3363505078830116,0.0,-0.7007540938574479,0.0,8.794521851788527,0.0,-9.536257094657879,0.0,1.5136881476696242,0.0,1.889170903991606,0.0,-1.025115954332672,0.0
2025-10-26 20:00:00,-0.38169237059167926,0.0,0.032024981931437324,0.0,-1.27095819270418,0.0,0.9648954912372343,0.0,-0.5059810442464325,0.0,0.26119133869245914,0.0,0.4236536944761049,0.0,1.3363505078830116,0.0,-0.7007540938574479,0.0,8.794521851788527,0.0,-9.536257094657879,0.0,1.5136881476696242,0.0,1.889170903991606,0.0
2025-10-26 21:00:00,-2.0749256963177096,0.0,-0.38169237059167926,0.0,0.032024981931437324,0.0,-1.27095819270418,0.0,0.9648954912372343,0.0,-0.5059810442464325,0.0,0.26119133869245914,0.0,0.4236536944761049,0.0,1.3363505078830116,0.0,-0.7007540938574479,0.0,8.794521851788527,0.0,-9.536257094657879,0.0,1.5136881476696242,0.0
2025-10-26 22:00:00,3.607711843462722,0.0,-2.0749256963177096,0.0,-0.38169237059167926,0.0,0.032024981931437324,0.0,-1.27095819270418,0.0,0.9648954912372343,0.0,-0.5059810442464325,0.0,0.26119133869245914,0.0,0.4236536944761049,0.0,1.3363505078830116,0.0,-0.7007540938574479,0.0,8.794521851788527,0.0,-9.536257094657879,0.0
2025-10-26 23:00:00,-0.49092919217069486,0.0,3.607711843462722,0.0,-2.0749256963177096,0.0,-0.38169237059167926,0.0,0.032024981931437324,0.0,-1.27095819270418,0.0,0.9648954912372343,0.0,-0.5059810442464325,0.0,0.26119133869245914,0.0,0.4236536944761049,0.0,1.3363505078830116,0.0,-0.7007540938574479,0.0,8.794521851788527,0.0
2025-10-27 00:00:00,0.8017075531895834,0.0,-0.49092919217069486,0.0,3.607711843462722,0.0,-2.0749256963177096,0.0,-0.38169237059167926,0.0,0.032024981931437324,0.0,-1.27095819270418,0.0,0.9648954912372343,0.0,-0.5059810442464325,0.0,0.26119133869245914,0.0,0.4236536944761049,0.0,1.3363505078830116,0.0,-0.7007540938574479,0.0
2025-10-27 01:00:00,-0.9147570676504273,0.0,0.8017075531895834,0.0,-0.49092919217069486,0.0,3.607711843462722,0.0,-2.0749256963177096,0.0,-0.38169237059167926,0.0,0.032024981931437324,0.0,-1.27095819270418,0.0,0.9648954912372343,0.0,-0.5059810442464325,0.0,0.26119133869245914,0.0,0.4236536944761049,0.0,1.3363505078830116,0.0
2025-10-27 02:00:00,1.0031692843503137,0.0,-0.9147570676504273,0.0,0.8017075531895834,0.0,-0.49092919217069486,0.0,3.607711843462722,0.0,-2.0749256963177096,0.0,-0.38169237059167926,0.0,0.032024981931437324,0.0,-1.27095819270418,0.0,0.9648954912372343,0.0,-0.5059810442464325,0.0,0.26119133869245914,0.0,0.4236536944761049,0.0
2025-10-27 03:00:00,-1.4747270425743544,0.0,1.0031692843503137,0.0,-0.9147570676504273,0.0,0.8017075531895834,0.0,-0.49092919217069486,0.0,3.607711843462722,0.0,-2.0749256963177096,0.0,-0.38169237059167926,0.0,0.032024981931437324,0.0,-1.27095819270418,0.0,0.9648954912372343,0.0,-0.5059810442464325,0.0,0.26119133869245914,0.0
2025-10-27 04:00:00,1.0663071406291955,0.0,-1.4747270425743544,0.0,1.0031692843503137,0.0,-0.9147570676504273,0.0,0.8017075531895834,0.0,-0.49092919217069486,0.0,3.607711843462722,0.0,-2.0749256963177096,0.0,-0.38169237059167926,0.0,0.032024981931437324,0.0,-1.27095819270418,0.0,0.9648954912372343,0.0,-0.5059810442464325,0.0
2025-10-27 05:00:00,0.35949204143528135,0.0,1.0663071406291955,0.0,-1.4747270425743544,0.0,1.0031692843503137,0.0,-0.9147570676504273,0.0,0.8017075531895834,0.0,-0.49092919217069486,0.0,3.607711843462722,0.0,-2.0749256963177096,0.0,-0.38169237059167926,0.0,0.032024981931437324,0.0,-1.27095819270418,0.0,0.9648954912372343,0.0
2025-10-27 06:00:00,-2.1968902048224574,0.0,0.35949204143528135,0.0,1.0663071406291955,0.0,-1.4747270425743544,0.0,1.0031692843503137,0.0,-0.9147570676504273,0.0,0.8017075531895834,0.0,-0.49092919217069486,0.0,3.607711843462722,0.0,-2.0749256963177096,0.0,-0.38169237059167926,0.0,0.032024981931437324,0.0,-1.27095819270418,0.0
2025-10-27 07:00:00,-4.41990311896438,0.0,-2.1968902048224574,0.0,0.35949204143528135,0.0,1.0663071406291955,0.0,-1.4747270425743544,0.0,1.0031692843503137,0.0,-0.9147570676504273,0.0,0.8017075531895834,0.0,-0.49092919217069486,0.0,3.607711843462722,0.0,-2.0749256963177096,0.0,-0.38169237059167926,0.0,0.032024981931437324,0.0
2025-10-27 08:00:00,4.151502976062049,0.0,-4.41990311896438,0.0,-2.1968902048224574,0.0,0.35949204143528135,0.0,1.0663071406291955,0.0,-1.4747270425743544,0.0,1.0031692843503137,0.0,-0.9147570676504273,0.0,0.8017075531895834,0.0,-0.49092919217069486,0.0,3.607711843462722,0.0,-2.0749256963177096,0.0,-0.38169237059167926,0.0
2025-10-27 09:00:00,-2.379546134130174,0.0,4.151502976062049,0.0,-4.41990311896438,0.0,-2.1968902048224574,0.0,0.35949204143528135,0.0,1.0663071406291955,0.0,-1.4747270425743544,0.0,1.0031692843503137,0.0,-0.9147570676504273,0.0,0.8017075531895834,0.0,-0.49092919217069486,0.0,3.607711843462722,0.0,-2.0749256963177096,0.0
2025-10-27 10:00:00,2.9808724106469677,0.0,-2.379546134130174,0.0,4.151502976062049,0.0,-4.41990311896438,0.0,-2.1968902048224574,0.0,0.35949204143528135,0.0,1.0663071406291955,0.0,-1.4747270425743544,0.0,1.0031692843503137,0.0,-0.9147570676504273,0.0,0.8017075531895834,0.0,-0.49092919217069486,0.0,3.607711843462722,0.0
2025-10-27 11:00:00,-8.97233695775495,0.0,2.9808724106469677,0.0,-2.379546134130174,0.0,4.151502976062049,0.0,-4.41990311896438,0.0,-2.1968902048224574,0.0,0.35949204143528135,0.0,1.0663071406291955,0.0,-1.4747270425743544,0.0,1.0031692843503137,0.0,-0.9147570676504273,0.0,0.8017075531895834,0.0,-0.49092919217069486,0.0
2025-10-27 12:00:00,7.902117546276448,0.0,-8.97233695775495,0.0,2.9808724106469677,0.0,-2.379546134130174,0.0,4.151502976062049,0.0,-4.41990311896438,0.0,-2.1968902048224574,0.0,0.35949204143528135,0.0,1.0663071406291955,0.0,-1.4747270425743544,0.0,1.0031692843503137,0.0,-0.9147570676504273,0.0,0.8017075531895834,0.0
2025-10-27 13:00:00,1.1843588384773485,0.0,7.902117546276448,0.0,-8.97233695775495,0.0,2.9808724106469677,0.0,-2.379546134130174,0.0,4.151502976062049,0.0,-4.41990311896438,0.0,-2.1968902048224574,0.0,0.35949204143528135,0.0,1.0663071406291955,0.0,-1.4747270425743544,0.0,1.0031692843503137,0.0,-0.9147570676504273,0.0
2025-10-27 14:00:00,0.9479955695777509,0.0,1.1843588384773485,0.0,7.902117546276448,0.0,-8.97233695775495,0.0,2.9808724106469677,0.0,-2.379546134130174,0.0,4.151502976062049,0.0,-4.41990311896438,0.0,-2.1968902048224574,0.0,0.35949204143528135,0.0,1.0663071406291955,0.0,-1.4747270425743544,0.0,1.0031692843503137,0.0
2025-10-27 15:00:00,1.7558731035239532,0.0,0.9479955695777509,0.0,1.1843588384773485,0.0,7.902117546276448,0.0,-8.97233695775495,0.0,2.9808724106469677,0.0,-2.379546134130174,0.0,4.151502976062049,0.0,-4.41990311896438,0.0,-2.1968902048224574,0.0,0.35949204143528135,0.0,1.0663071406291955,0.0,-1.4747270425743544,0.0
2025-10-27 16:00:00,-1.7630040431523746,0.0,1.7558731035239532,0.0,0.9479955695777509,0.0,1.1843588384773485,0.0,7.902117546276448,0.0,-8.97233695775495,0.0,2.9808724106469677,0.0,-2.379546134130174,0.0,4.151502976062049,0.0,-4.41990311896438,0.0,-2.1968902048224574,0.0,0.35949204143528135,0.0,1.0663071406291955,0.0
2025-10-27 17:00:00,0.7363535722702412,0.0,-1.7630040431523746,0.0,1.7558731035239532,0.0,0.9479955695777509,0.0,1.1843588384773485,0.0,7.902117546276448,0.0,-8.97233695775495,0.0,2.9808724106469677,0.0,-2.379546134130174,0.0,4.151502976062049,0.0,-4.41990311896438,0.0,-2.1968902048224574,0.0,0.35949204143528135,0.0
2025-10-27 18:00:00,0.32070694693689994,0.0,0.7363535722702412,0.0,-1.7630040431523746,0.0,1.7558731035239532,0.0,0.9479955695777509,0.0,1.1843588384773485,0.0,7.902117546276448,0.0,-8.97233695775495,0.0,2.9808724106469677,0.0,-2.379546134130174,0.0,4.151502976062049,0.0,-4.41990311896438,0.0,-2.1968902048224574,0.0
2025-10-27 19:00:00,0.4769616521762554,0.0,0.32070694693689994,0.0,0.7363535722702412,0.0,-1.7630040431523746,0.0,1.7558731035239532,0.0,0.9479955695777509,0.0,1.1843588384773485,0.0,7.902117546276448,0.0,-8.97233695775495,0.0,2.9808724106469677,0.0,-2.379546134130174,0.0,4.151502976062049,0.0,-4.41990311896438,0.0
2025-10-27 20:00:00,-0.32779454482208514,0.0,0.4769616521762554,0.0,0.32070694693689994,0.0,0.7363535722702412,0.0,-1.7630040431523746,0.0,1.7558731035239532,0.0,0.9479955695777509,0.0,1.1843588384773485,0.0,7.902117546276448,0.0,-8.97233695775495,0.0,2.9808724106469677,0.0,-2.379546134130174,0.0,4.151502976062049,0.0
2025-10-27 21:00:00,-1.072768021644002,0.0,-0.32779454482208514,0.0,0.4769616521762554,0.0,0.32070694693689994,0.0,0.7363535722702412,0.0,-1.7630040431523746,0.0,1.7558731035239532,0.0,0.9479955695777509,0.0,1.1843588384773485,0.0,7.902117546276448,0.0,-8.97233695775495,0.0,2.9808724106469677,0.0,-2.379546134130174,0.0
2025-10-27 22:00:00,1.2111947209155893,0.0,-1.072768021644002,0.0,-0.32779454482208514,0.0,0.4769616521762554,0.0,0.32070694693689994,0.0,0.7363535722702412,0.0,-1.7630040431523746,0.0,1.7558731035239532,0.0,0.9479955695777509,0.0,1.1843588384773485,0.0,7.902117546276448,0.0,-8.97233695775495,0.0,2.9808724106469677,0.0
2025-10-27 23:00:00,-0.5560644478546344,0.0,1.2111947209155893,0.0,-1.072768021644002,0.0,-0.32779454482208514,0.0,0.4769616521762554,0.0,0.32070694693689994,0.0,0.7363535722702412,0.0,-1.7630040431523746,0.0,1.7558731035239532,0.0,0.9479955695777509,0.0,1.1843588384773485,0.0,7.902117546276448,0.0,-8.97233695775495,0.0
2025-10-28 00:00:00,0.6295184071639248,0.0,-0.5560644478546344,0.0,1.2111947209155893,0.0,-1.072768021644002,0.0,-0.32779454482208514,0.0,0.4769616521762554,0.0,0.32070694693689994,0.0,0.7363535722702412,0.0,-1.7630040431523746,0.0,1.7558731035239532,0.0,0.9479955695777509,0.0,1.1843588384773485,0.0,7.902117546276448,0.0
2025-10-28 01:00:00,0.8640550022895379,0.0,0.6295184071639248,0.0,-0.5560644478546344,0.0,1.2111947209155893,0.0,-1.072768021644002,0.0,-0.32779454482208514,0.0,0.4769616521762554,0.0,0.32070694693689994,0.0,0.7363535722702412,0.0,-1.7630040431523746,0.0,1.7558731035239532,0.0,0.9479955695777509,0.0,1.1843588384773485,0.0
2025-10-28 02:00:00,-0.8536466668721445,0.0,0.8640550022895379,0.0,0.6295184071639248,0.0,-0.5560644478546344,0.0,1.2111947209155893,0.0,-1.072768021644002,0.0,-0.32779454482208514,0.0,0.4769616521762554,0.0,0.32070694693689994,0.0,0.7363535722702412,0.0,-1.7630040431523746,0.0,1.7558731035239532,0.0,0.9479955695777509,0.0
2025-10-28 03:00:00,0.06717656385580817,0.0,-0.8536466668721445,0.0,0.8640550022895379,0.0,0.6295184071639248,0.0,-0.5560644478546344,0.0,1.2111947209155893,0.0,-1.072768021644002,0.0,-0.32779454482208514,0.0,0.4769616521762554,0.0,0.32070694693689994,0.0,0.7363535722702412,0.0,-1.7630040431523746,0.0,1.7558731035239532,0.0
2025-10-28 04:00:00,-0.6442702823603614,0.0,0.06717656385580817,0.0,-0.8536466668721445,0.0,0.8640550022895379,0.0,0.6295184071639248,0.0,-0.5560644478546344,0.0,1.2111947209155893,0.0,-1.072768021644002,0.0,-0.32779454482208514,0.0,0.4769616521762554,0.0,0.32070694693689994,0.0,0.7363535722702412,0.0,-1.7630040431523746,0.0
2025-10-28 05:00:00,-0.18898042896405975,0.0,-0.6442702823603614,0.0,0.06717656385580817,0.0,-0.8536466668721445,0.0,0.8640550022895379,0.0,0.6295184071639248,0.0,-0.5560644478546344,0.0,1.2111947209155893,0.0,-1.072768021644002,0.0,-0.32779454482208514,0.0,0.4769616521762554,0.0,0.32070694693689994,0.0,0.7363535722702412,0.0
2025-10-28 06:00:00,-1.1515792537332992,0.0,-0.18898042896405975,0.0,-0.6442702823603614,0.0,0.06717656385580817,0.0,-0.8536466668721445,0.0,0.8640550022895379,0.0,0.6295184071639248,0.0,-0.5560644478546344,0.0,1.2111947209155893,0.0,-1.072768021644002,0.0,-0.32779454482208514,0.0,0.4769616521762554,0.0,0.32070694693689994,0.0
2025-10-28 07:00:00,-1.0790639740931756,0.0,-1.1515792537332992,0.0,-0.18898042896405975,0.0,-0.6442702823603614,0.0,0.06717656385580817,0.0,-0.8536466668721445,0.0,0.8640550022895379,0.0,0.6295184071639248,0.0,-0.5560644478546344,0.0,1.2111947209155893,0.0,-1.072768021644002,0.0,-0.32779454482208514,0.0,0.4769616521762554,0.0
2025-10-28 08:00:00,0.940248989551943,0.0,-1.0790639740931756,0.0,-1.1515792537332992,0.0,-0.18898042896405975,0.0,-0.6442702823603614,0.0,0.06717656385580817,0.0,-0.8536466668721445,0.0,0.8640550022895379,0.0,0.6295184071639248,0.0,-0.5560644478546344,0.0,1.2111947209155893,0.0,-1.072768021644002,0.0,-0.32779454482208514,0.0
2025-10-28 09:00:00,0.7496293732084034,0.0,0.940248989551943,0.0,-1.0790639740931756,0.0,-1.1515792537332992,0.0,-0.18898042896405975,0.0,-0.6442702823603614,0.0,0.06717656385580817,0.0,-0.8536466668721445,0.0,0.8640550022895379,0.0,0.6295184071639248,0.0,-0.5560644478546344,0.0,1.2111947209155893,0.0,-1.072768021644002,0.0
2025-10-28 10:00:00,-1.9176425771539982,0.0,0.7496293732084034,0.0,0.940248989551943,0.0,-1.0790639740931756,0.0,-1.1515792537332992,0.0,-0.18898042896405975,0.0,-0.6442702823603614,0.0,0.06717656385580817,0.0,-0.8536466668721445,0.0,0.8640550022895379,0.0,0.6295184071639248,0.0,-0.5560644478546344,0.0,1.2111947209155893,0.0
2025-10-28 11:00:00,1.6961697720552298,0.0,-1.9176425771539982,0.0,0.7496293732084034,0.0,0.940248989551943,0.0,-1.0790639740931756,0.0,-1.1515792537332992,0.0,-0.18898042896405975,0.0,-0.6442702823603614,0.0,0.06717656385580817,0.0,-0.8536466668721445,0.0,0.8640550022895379,0.0,0.6295184071639248,0.0,-0.5560644478546344,0.0
2025-10-28 12:00:00,-0.7797193510422584,0.0,1.6961697720552298,0.0,-1.9176425771539982,0.0,0.7496293732084034,0.0,0.940248989551943,0.0,-1.0790639740931756,0.0,-1.1515792537332992,0.0,-0.18898042896405975,0.0,-0.6442702823603614,0.0,0.06717656385580817,0.0,-0.8536466668721445,0.0,0.8640550022895379,0.0,0.6295184071639248,0.0
2025-10-28 13:00:00,1.2922129342860593,0.0,-0.7797193510422584,0.0,1.6961697720552298,0.0,-1.9176425771539982,0.0,0.7496293732084034,0.0,0.940248989551943,0.0,-1.0790639740931756,0.0,-1.1515792537332992,0.0,-0.18898042896405975,0.0,-0.6442702823603614,0.0,0.06717656385580817,0.0,-0.8536466668721445,0.0,0.8640550022895379,0.0
2025-10-28 14:00:00,-0.059882981222374454,0.0,1.2922129342860593,0.0,-0.7797193510422584,0.0,1.6961697720552298,0.0,-1.9176425771539982,0.0,0.7496293732084034,0.0,0.940248989551943,0.0,-1.0790639740931756,0.0,-1.1515792537332992,0.0,-0.18898042896405975,0.0,-0.6442702823603614,0.0,0.06717656385580817,0.0,-0.8536466668721445,0.0
2025-10-28 15:00:00,0.46056110077331347,0.0,-0.059882981222374454,0.0,1.2922129342860593,0.0,-0.7797193510422584,0.0,1.6961697720552298,0.0,-1.9176425771539982,0.0,0.7496293732084034,0.0,0.940248989551943,0.0,-1.0790639740931756,0.0,-1.1515792537332992,0.0,-0.18898042896405975,0.0,-0.6442702823603614,0.0,0.06717656385580817,0.0
2025-10-28 16:00:00,1.1452507009631088,0.0,0.46056110077331347,0.0,-0.059882981222374454,0.0,1.2922129342860593,0.0,-0.7797193510422584,0.0,1.6961697720552298,0.0,-1.9176425771539982,0.0,0.7496293732084034,0.0,0.940248989551943,0.0,-1.0790639740931756,0.0,-1.1515792537332992,0.0,-0.18898042896405975,0.0,-0.6442702823603614,0.0
2025-10-28 17:00:00,0.556273043248634,0.0,1.1452507009631088,0.0,0.46056110077331347,0.0,-0.059882981222374454,0.0,1.2922129342860593,0.0,-0.7797193510422584,0.0,1.6961697720552298,0.0,-1.9176425771539982,0.0,0.7496293732084034,0.0,0.940248989551943,0.0,-1.0790639740931756,0.0,-1.1515792537332992,0.0,-0.18898042896405975,0.0
2025-10-28 18:00:00,-0.4322996357041955,0.0,0.556273043248634,0.0,1.1452507009631088,0.0,0.46056110077331347,0.0,-0.059882981222374454,0.0,1.2922129342860593,0.0,-0.7797193510422584,0.0,1.6961697720552298,0.0,-1.9176425771539982,0.0,0.7496293732084034,0.0,0.940248989551943,0.0,-1.0790639740931756,0.0,-1.1515792537332992,0.0
2025-10-28 19:00:00,-0.3720023626553779,0.0,-0.4322996357041955,0.0,0.556273043248634,0.0,1.1452507009631088,0.0,0.46056110077331347,0.0,-0.059882981222374454,0.0,1.2922129342860593,0.0,-0.7797193510422584,0.0,1.6961697720552298,0.0,-1.9176425771539982,0.0,0.7496293732084034,0.0,0.940248989551943,0.0,-1.0790639740931756,0.0
2025-10-28 20:00:00,0.06388003666142517,0.0,-0.3720023626553779,0.0,-0.4322996357041955,0.0,0.556273043248634,0.0,1.1452507009631088,0.0,0.46056110077331347,0.0,-0.059882981222374454,0.0,1.2922129342860593,0.0,-0.7797193510422584,0.0,1.6961697720552298,0.0,-1.9176425771539982,0.0,0.7496293732084034,0.0,0.940248989551943,0.0
2025-10-28 21:00:00,-0.4578570165183731,0.0,0.06388003666142517,0.0,-0.3720023626553779,0.0,-0.4322996357041955,0.0,0.556273043248634,0.0,1.1452507009631088,0.0,0.46056110077331347,0.0,-0.059882981222374454,0.0,1.2922129342860593,0.0,-0.7797193510422584,0.0,1.6961697720552298,0.0,-1.9176425771539982,0.0,0.7496293732084034,0.0
2025-10-28 22:00:00,0.08475514125763617,0.0,-0.4578570165183731,0.0,0.06388003666142517,0.0,-0.3720023626553779,0.0,-0.4322996357041955,0.0,0.556273043248634,0.0,1.1452507009631088,0.0,0.46056110077331347,0.0,-0.059882981222374454,0.0,1.2922129342860593,0.0,-0.7797193510422584,0.0,1.6961697720552298,0.0,-1.9176425771539982,0.0
2025-10-28 23:00:00,-0.10997154885390614,0.0,0.08475514125763617,0.0,-0.4578570165183731,0.0,0.06388003666142517,0.0,-0.3720023626553779,0.0,-0.4322996357041955,0.0,0.556273043248634,0.0,1.1452507009631088,0.0,0.46056110077331347,0.0,-0.059882981222374454,0.0,1.2922129342860593,0.0,-0.7797193510422584,0.0,1.6961697720552298,0.0
2025-10-29 00:00:00,2.181252243170194,0.0,-0.10997154885390614,0.0,0.08475514125763617,0.0,-0.4578570165183731,0.0,0.06388003666142517,0.0,-0.3720023626553779,0.0,-0.4322996357041955,0.0,0.556273043248634,0.0,1.1452507009631088,0.0,0.46056110077331347,0.0,-0.059882981222374454,0.0,1.2922129342860593,0.0,-0.7797193510422584,0.0
2025-10-29 01:00:00,-2.021312196844578,0.0,2.181252243170194,0.0,-0.10997154885390614,0.0,0.08475514125763617,0.0,-0.4578570165183731,0.0,0.06388003666142517,0.0,-0.3720023626553779,0.0,-0.4322996357041955,0.0,0.556273043248634,0.0,1.1452507009631088,0.0,0.46056110077331347,0.0,-0.059882981222374454,0.0,1.2922129342860593,0.0
2025-10-29 02:00:00,-0.11567678422355598,0.0,-2.021312196844578,0.0,2.181252243170194,0.0,-0.10997154885390614,0.0,0.08475514125763617,0.0,-0.4578570165183731,0.0,0.06388003666142517,0.0,-0.3720023626553779,0.0,-0.4322996357041955,0.0,0.556273043248634,0.0,1.1452507009631088,0.0,0.46056110077331347,0.0,-0.059882981222374454,0.0
2025-10-29 03:00:00,0.45354064091781154,0.0,-0.11567678422355598,0.0,-2.021312196844578,0.0,2.181252243170194,0.0,-0.10997154885390614,0.0,0.08475514125763617,0.0,-0.4578570165183731,0.0,0.06388003666142517,0.0,-0.3720023626553779,0.0,-0.4322996357041955,0.0,0.556273043248634,0.0,1.1452507009631088,0.0,0.46056110077331347,0.0
2025-10-29 04:00:00,-1.9901052738049447,0.0,0.45354064091781154,0.0,-0.11567678422355598,0.0,-2.021312196844578,0.0,2.181252243170194,0.0,-0.10997154885390614,0.0,0.08475514125763617,0.0,-0.4578570165183731,0.0,0.06388003666142517,0.0,-0.3720023626553779,0.0,-0.4322996357041955,0.0,0.556273043248634,0.0,1.1452507009631088,0.0
2025-10-29 05:00:00,1.552812412045805,0.0,-1.9901052738049447,0.0,0.45354064091781154,0.0,-0.11567678422355598,0.0,-2.021312196844578,0.0,2.181252243170194,0.0,-0.10997154885390614,0.0,0.08475514125763617,0.0,-0.4578570165183731,0.0,0.06388003666142517,0.0,-0.3720023626553779,0.0,-0.4322996357041955,0.0,0.556273043248634,0.0
2025-10-29 06:00:00,-1.612276612202157,0.0,1.552812412045805,0.0,-1.9901052738049447,0.0,0.45354064091781154,0.0,-0.11567678422355598,0.0,-2.021312196844578,0.0,2.181252243170194,0.0,-0.10997154885390614,0.0,0.08475514125763617,0.0,-0.4578570165183731,0.0,0.06388003666142517,0.0,-0.3720023626553779,0.0,-0.4322996357041955,0.0
2025-10-29 07:00:00,-0.6284582236957537,0.0,-1.612276612202157,0.0,1.552812412045805,0.0,-1.9901052738049447,0.0,0.45354064091781154,0.0,-0.11567678422355598,0.0,-2.021312196844578,0.0,2.181252243170194,0.0,-0.10997154885390614,0.0,0.08475514125763617,0.0,-0.4578570165183731,0.0,0.06388003666142517,0.0,-0.3720023626553779,0.0
2025-10-29 08:00:00,-0.7633533927988907,0.0,-0.6284582236957537,0.0,-1.612276612202157,0.0,1.552812412045805,0.0,-1.9901052738049447,0.0,0.45354064091781154,0.0,-0.11567678422355598,0.0,-2.021312196844578,0.0,2.181252243170194,0.0,-0.10997154885390614,0.0,0.08475514125763617,0.0,-0.4578570165183731,0.0,0.06388003666142517,0.0
2025-10-29 09:00:00,-1.317270753974964,0.0,-0.7633533927988907,0.0,-0.6284582236957537,0.0,-1.612276612202157,0.0,1.552812412045805,0.0,-1.9901052738049447,0.0,0.45354064091781154,0.0,-0.11567678422355598,0.0,-2.021312196844578,0.0,2.181252243170194,0.0,-0.10997154885390614,0.0,0.08475514125763617,0.0,-0.4578570165183731,0.0
2025-10-29 10:00:00,1.106612331335186,0.0,-1.317270753974964,0.0,-0.7633533927988907,0.0,-0.6284582236957537,0.0,-1.612276612202157,0.0,1.552812412045805,0.0,-1.9901052738049447,0.0,0.45354064091781154,0.0,-0.11567678422355598,0.0,-2.021312196844578,0.0,2.181252243170194,0.0,-0.10997154885390614,0.0,0.08475514125763617,0.0
2025-10-29 11:00:00,0.8413856293474158,0.0,1.106612331335186,0.0,-1.317270753974964,0.0,-0.7633533927988907,0.0,-0.6284582236957537,0.0,-1.612276612202157,0.0,1.552812412045805,0.0,-1.9901052738049447,0.0,0.45354064091781154,0.0,-0.11567678422355598,0.0,-2.021312196844578,0.0,2.181252243170194,0.0,-0.10997154885390614,0.0
2025-10-29 12:00:00,1.8358786841877208,0.0,0.8413856293474158,0.0,1.106612331335186,0.0,-1.317270753974964,0.0,-0.7633533927988907,0.0,-0.6284582236957537,0.0,-1.612276612202157,0.0,1.552812412045805,0.0,-1.9901052738049447,0.0,0.45354064091781154,0.0,-0.11567678422355598,0.0,-2.021312196844578,0.0,2.181252243170194,0.0
2025-10-29 13:00:00,0.5909164899774435,0.0,1.8358786841877208,0.0,0.8413856293474158,0.0,1.106612331335186,0.0,-1.317270753974964,0.0,-0.7633533927988907,0.0,-0.6284582236957537,0.0,-1.612276612202157,0.0,1.552812412045805,0.0,-1.9901052738049447,0.0,0.45354064091781154,0.0,-0.11567678422355598,0.0,-2.021312196844578,0.0
2025-10-29 14:00:00,-1.1601258090677202,0.0,0.5909164899774435,0.0,1.8358786841877208,0.0,0.8413856293474158,0.0,1.106612331335186,0.0,-1.317270753974964,0.0,-0.7633533927988907,0.0,-0.6284582236957537,0.0,-1.612276612202157,0.0,1.552812412045805,0.0,-1.9901052738049447,0.0,0.45354064091781154,0.0,-0.11567678422355598,0.0
2025-10-29 15:00:00,0.1323337384995984,0.0,-1.1601258090677202,0.0,0.5909164899774435,0.0,1.8358786841877208,0.0,0.8413856293474158,0.0,1.106612331335186,0.0,-1.317270753974964,0.0,-0.7633533927988907,0.0,-0.6284582236957537,0.0,-1.612276612202157,0.0,1.552812412045805,0.0,-1.9901052738049447,0.0,0.45354064091781154,0.0
2025-10-29 16:00:00,2.570872059353441,0.0,0.1323337384995984,0.0,-1.1601258090677202,0.0,0.5909164899774435,0.0,1.8358786841877208,0.0,0.8413856293474158,0.0,1.106612331335186,0.0,-1.317270753974964,0.0,-0.7633533927988907,0.0,-0.6284582236957537,0.0,-1.612276612202157,0.0,1.552812412045805,0.0,-1.9901052738049447,0.0
2025-10-29 17:00:00,-1.7448769970176805,0.0,2.570872059353441,0.0,0.1323337384995984,0.0,-1.1601258090677202,0.0,0.5909164899774435,0.0,1.8358786841877208,0.0,0.8413856293474158,0.0,1.106612331335186,0.0,-1.317270753974964,0.0,-0.7633533927988907,0.0,-0.6284582236957537,0.0,-1.612276612202157,0.0,1.552812412045805,0.0
2025-10-29 18:00:00,0.2319584143085276,0.0,-1.7448769970176805,0.0,2.570872059353441,0.0,0.1323337384995984,0.0,-1.1601258090677202,0.0,0.5909164899774435,0.0,1.8358786841877208,0.0,0.8413856293474158,0.0,1.106612331335186,0.0,-1.317270753974964,0.0,-0.7633533927988907,0.0,-0.6284582236957537,0.0,-1.612276612202157,0.0
2025-10-29 19:00:00,-0.7503699142178419,0.0,0.2319584143085276,0.0,-1.7448769970176805,0.0,2.570872059353441,0.0,0.1323337384995984,0.0,-1.1601258090677202,0.0,0.5909164899774435,0.0,1.8358786841877208,0.0,0.8413856293474158,0.0,1.106612331335186,0.0,-1.317270753974964,0.0,-0.7633533927988907,0.0,-0.6284582236957537,0.0
2025-10-29 20:00:00,-0.030473209452559047,0.0,-0.7503699142178419,0.0,0.2319584143085276,0.0,-1.7448769970176805,0.0,2.570872059353441,0.0,0.1323337384995984,0.0,-1.1601258090677202,0.0,0.5909164899774435,0.0,1.8358786841877208,0.0,0.8413856293474158,0.0,1.106612331335186,0.0,-1.317270753974964,0.0,-0.7633533927988907,0.0
2025-10-29 21:00:00,1.333526077799366,0.0,-0.030473209452559047,0.0,-0.7503699142178419,0.0,0.2319584143085276,0.0,-1.7448769970176805,0.0,2.570872059353441,0.0,0.1323337384995984,0.0,-1.1601258090677202,0.0,0.5909164899774435,0.0,1.8358786841877208,0.0,0.8413856293474158,0.0,1.106612331335186,0.0,-1.317270753974964,0.0
2025-10-29 22:00:00,-0.5639961292088742,0.0,1.333526077799366,0.0,-0.030473209452559047,0.0,-0.7503699142178419,0.0,0.2319584143085276,0.0,-1.7448769970176805,0.0,2.570872059353441,0.0,0.1323337384995984,0.0,-1.1601258090677202,0.0,0.5909164899774435,0.0,1.8358786841877208,0.0,0.8413856293474158,0.0,1.106612331335186,0.0
2025-10-29 23:00:00,-0.749801587660798,0.0,-0.5639961292088742,0.0,1.333526077799366,0.0,-0.030473209452559047,0.0,-0.7503699142178419,0.0,0.2319584143085276,0.0,-1.7448769970176805,0.0,2.570872059353441,0.0,0.1323337384995984,0.0,-1.1601258090677202,0.0,0.5909164899774435,0.0,1.8358786841877208,0.0,0.8413856293474158,0.0
2025-10-30 00:00:00,-0.3051405450987428,0.0,-0.749801587660798,0.0,-0.5639961292088742,0.0,1.333526077799366,0.0,-0.030473209452559047,0.0,-0.7503699142178419,0.0,0.2319584143085276,0.0,-1.7448769970176805,0.0,2.570872059353441,0.0,0.1323337384995984,0.0,-1.1601258090677202,0.0,0.5909164899774435,0.0,1.8358786841877208,0.0
2025-10-30 01:00:00,0.39480221531224835,0.0,-0.3051405450987428,0.0,-0.749801587660798,0.0,-0.5639961292088742,0.0,1.333526077799366,0.0,-0.030473209452559047,0.0,-0.7503699142178419,0.0,0.2319584143085276,0.0,-1.7448769970176805,0.0,2.570872059353441,0.0,0.1323337384995984,0.0,-1.1601258090677202,0.0,0.5909164899774435,0.0
2025-10-30 02:00:00,0.7614004248045028,0.0,0.39480221531224835,0.0,-0.3051405450987428,0.0,-0.749801587660798,0.0,-0.5639961292088742,0.0,1.333526077799366,0.0,-0.030473209452559047,0.0,-0.7503699142178419,0.0,0.2319584143085276,0.0,-1.7448769970176805,0.0,2.570872059353441,0.0,0.1323337384995984,0.0,-1.1601258090677202,0.0
2025-10-30 03:00:00,-1.372438384341784,0.0,0.7614004248045028,0.0,0.39480221531224835,0.0,-0.3051405450987428,0.0,-0.749801587660798,0.0,-0.5639961292088742,0.0,1.333526077799366,0.0,-0.030473209452559047,0.0,-0.7503699142178419,0.0,0.2319584143085276,0.0,-1.7448769970176805,0.0,2.570872059353441,0.0,0.1323337384995984,0.0
2025-10-30 04:00:00,-0.17933889789864566,0.0,-1.372438384341784,0.0,0.7614004248045028,0.0,0.39480221531224835,0.0,-0.3051405450987428,0.0,-0.749801587660798,0.0,-0.5639961292088742,0.0,1.333526077799366,0.0,-0.030473209452559047,0.0,-0.7503699142178419,0.0,0.2319584143085276,0.0,-1.7448769970176805,0.0,2.570872059353441,0.0
2025-10-30 05:00:00,2.0980771911534077,0.0,-0.17933889789864566,0.0,-1.372438384341784,0.0,0.7614004248045028,0.0,0.39480221531224835,0.0,-0.3051405450987428,0.0,-0.749801587660798,0.0,-0.5639961292088742,0.0,1.333526077799366,0.0,-0.030473209452559047,0.0,-0.7503699142178419,0.0,0.2319584143085276,0.0,-1.7448769970176805,0.0
2025-10-30 06:00:00,-1.9371400826224363,0.0,2.0980771911534077,0.0,-0.17933889789864566,0.0,-1.372438384341784,0.0,0.7614004248045028,0.0,0.39480221531224835,0.0,-0.3051405450987428,0.0,-0.749801587660798,0.0,-0.5639961292088742,0.0,1.333526077799366,0.0,-0.030473209452559047,0.0,-0.7503699142178419,0.0,0.2319584143085276,0.0
2025-10-30 07:00:00,-1.5460076734641301,0.0,-1.9371400826224363,0.0,2.0980771911534077,0.0,-0.17933889789864566,0.0,-1.372438384341784,0.0,0.7614004248045028,0.0,0.39480221531224835,0.0,-0.3051405450987428,0.0,-0.749801587660798,0.0,-0.5639961292088742,0.0,1.333526077799366,0.0,-0.030473209452559047,0.0,-0.7503699142178419,0.0
2025-10-30 08:00:00,-8.615951963439501,0.0,-1.5460076734641301,0.0,-1.9371400826224363,0.0,2.0980771911534077,0.0,-0.17933889789864566,0.0,-1.372438384341784,0.0,0.7614004248045028,0.0,0.39480221531224835,0.0,-0.3051405450987428,0.0,-0.749801587660798,0.0,-0.5639961292088742,0.0,1.333526077799366,0.0,-0.030473209452559047,0.0
2025-10-30 09:00:00,0.0,0.0,-8.615951963439501,0.0,-1.5460076734641301,0.0,-1.9371400826224363,0.0,2.0980771911534077,0.0,-0.17933889789864566,0.0,-1.372438384341784,0.0,0.7614004248045028,0.0,0.39480221531224835,0.0,-0.3051405450987428,0.0,-0.749801587660798,0.0,-0.5639961292088742,0.0,1.333526077799366,0.0
2025-10-30 10:00:00,9.40943710213184,0.0,0.0,0.0,-8.615951963439501,0.0,-1.5460076734641301,0.0,-1.9371400826224363,0.0,2.0980771911534077,0.0,-0.17933889789864566,0.0,-1.372438384341784,0.0,0.7614004248045028,0.0,0.39480221531224835,0.0,-0.3051405450987428,0.0,-0.749801587660798,0.0,-0.5639961292088742,0.0
2025-10-30 11:00:00,0.03161808665487165,0.0,9.40943710213184,0.0,0.0,0.0,-8.615951963439501,0.0,-1.5460076734641301,0.0,-1.9371400826224363,0.0,2.0980771911534077,0.0,-0.17933889789864566,0.0,-1.372438384341784,0.0,0.7614004248045028,0.0,0.39480221531224835,0.0,-0.3051405450987428,0.0,-0.749801587660798,0.0
2025-10-30 12:00:00,0.08613763294103194,0.0,0.03161808665487165,0.0,9.40943710213184,0.0,0.0,0.0,-8.615951963439501,0.0,-1.5460076734641301,0.0,-1.9371400826224363,0.0,2.0980771911534077,0.0,-0.17933889789864566,0.0,-1.372438384341784,0.0,0.7614004248045028,0.0,0.39480221531224835,0.0,-0.3051405450987428,0.0
2025-10-30 13:00:00,0.8123537040011826,0.0,0.08613763294103194,0.0,0.03161808665487165,0.0,9.40943710213184,0.0,0.0,0.0,-8.615951963439501,0.0,-1.5460076734641301,0.0,-1.9371400826224363,0.0,2.0980771911534077,0.0,-0.17933889789864566,0.0,-1.372438384341784,0.0,0.7614004248045028,0.0,0.39480221531224835,0.0
2025-10-30 14:00:00,1.4951580442611299,0.0,0.8123537040011826,0.0,0.08613763294103194,0.0,0.03161808665487165,0.0,9.40943710213184,0.0,0.0,0.0,-8.615951963439501,0.0,-1.5460076734641301,0.0,-1.9371400826224363,0.0,2.0980771911534077,0.0,-0.17933889789864566,0.0,-1.372438384341784,0.0,0.7614004248045028,0.0
2025-10-30 15:00:00,-0.3335582070561234,0.0,1.4951580442611299,0.0,0.8123537040011826,0.0,0.08613763294103194,0.0,0.03161808665487165,0.0,9.40943710213184,0.0,0.0,0.0,-8.615951963439501,0.0,-1.5460076734641301,0.0,-1.9371400826224363,0.0,2.0980771911534077,0.0,-0.17933889789864566,0.0,-1.372438384341784,0.0
2025-10-30 16:00:00,-0.2344155973086668,0.0,-0.3335582070561234,0.0,1.4951580442611299,0.0,0.8123537040011826,0.0,0.08613763294103194,0.0,0.03161808665487165,0.0,9.40943710213184,0.0,0.0,0.0,-8.615951963439501,0.0,-1.5460076734641301,0.0,-1.9371400826224363,0.0,2.0980771911534077,0.0,-0.17933889789864566,0.0
2025-10-30 17:00:00,0.6582844824247651,0.0,-0.2344155973086668,0.0,-0.3335582070561234,0.0,1.4951580442611299,0.0,0.8123537040011826,0.0,0.08613763294103194,0.0,0.03161808665487165,0.0,9.40943710213184,0.0,0.0,0.0,-8.615951963439501,0.0,-1.5460076734641301,0.0,-1.9371400826224363,0.0,2.0980771911534077,0.0
2025-10-30 18:00:00,-0.7554114234022613,0.0,0.6582844824247651,0.0,-0.2344155973086668,0.0,-0.3335582070561234,0.0,1.4951580442611299,0.0,0.8123537040011826,0.0,0.08613763294103194,0.0,0.03161808665487165,0.0,9.40943710213184,0.0,0.0,0.0,-8.615951963439501,0.0,-1.5460076734641301,0.0,-1.9371400826224363,0.0
2025-10-30 19:00:00,1.2017035592305945,0.0,-0.7554114234022613,0.0,0.6582844824247651,0.0,-0.2344155973086668,0.0,-0.3335582070561234,0.0,1.4951580442611299,0.0,0.8123537040011826,0.0,0.08613763294103194,0.0,0.03161808665487165,0.0,9.40943710213184,0.0,0.0,0.0,-8.615951963439501,0.0,-1.5460076734641301,0.0
2025-10-30 20:00:00,-1.2126597382471456,0.0,1.2017035592305945,0.0,-0.7554114234022613,0.0,0.6582844824247651,0.0,-0.2344155973086668,0.0,-0.3335582070561234,0.0,1.4951580442611299,0.0,0.8123537040011826,0.0,0.08613763294103194,0.0,0.03161808665487165,0.0,9.40943710213184,0.0,0.0,0.0,-8.615951963439501,0.0
2025-10-30 21:00:00,-0.4006383876185673,0.0,-1.2126597382471456,0.0,1.2017035592305945,0.0,-0.7554114234022613,0.0,0.6582844824247651,0.0,-0.2344155973086668,0.0,-0.3335582070561234,0.0,1.4951580442611299,0.0,0.8123537040011826,0.0,0.08613763294103194,0.0,0.03161808665487165,0.0,9.40943710213184,0.0,0.0,0.0
2025-10-30 22:00:00,0.3877434966359008,0.0,-0.4006383876185673,0.0,-1.2126597382471456,0.0,1.2017035592305945,0.0,-0.7554114234022613,0.0,0.6582844824247651,0.0,-0.2344155973086668,0.0,-0.3335582070561234,0.0,1.4951580442611299,0.0,0.8123537040011826,0.0,0.08613763294103194,0.0,0.03161808665487165,0.0,9.40943710213184,0.0
2025-10-30 23:00:00,-0.6369661121256733,0.0,0.3877434966359008,0.0,-0.4006383876185673,0.0,-1.2126597382471456,0.0,1.2017035592305945,0.0,-0.7554114234022613,0.0,0.6582844824247651,0.0,-0.2344155973086668,0.0,-0.3335582070561234,0.0,1.4951580442611299,0.0,0.8123537040011826,0.0,0.08613763294103194,0.0,0.03161808665487165,0.0
2025-10-31 00:00:00,2.9488825772435643,0.0,-0.6369661121256733,0.0,0.3877434966359008,0.0,-0.4006383876185673,0.0,-1.2126597382471456,0.0,1.2017035592305945,0.0,-0.7554114234022613,0.0,0.6582844824247651,0.0,-0.2344155973086668,0.0,-0.3335582070561234,0.0,1.4951580442611299,0.0,0.8123537040011826,0.0,0.08613763294103194,0.0
2025-10-31 01:00:00,-4.100893569560714,0.0,2.9488825772435643,0.0,-0.6369661121256733,0.0,0.3877434966359008,0.0,-0.4006383876185673,0.0,-1.2126597382471456,0.0,1.2017035592305945,0.0,-0.7554114234022613,0.0,0.6582844824247651,0.0,-0.2344155973086668,0.0,-0.3335582070561234,0.0,1.4951580442611299,0.0,0.8123537040011826,0.0
2025-10-31 02:00:00,0.5043261858339623,0.0,-4.100893569560714,0.0,2.9488825772435643,0.0,-0.6369661121256733,0.0,0.3877434966359008,0.0,-0.4006383876185673,0.0,-1.2126597382471456,0.0,1.2017035592305945,0.0,-0.7554114234022613,0.0,0.6582844824247651,0.0,-0.2344155973086668,0.0,-0.3335582070561234,0.0,1.4951580442611299,0.0
2025-10-31 03:00:00,-0.3892437116324068,0.0,0.5043261858339623,0.0,-4.100893569560714,0.0,2.9488825772435643,0.0,-0.6369661121256733,0.0,0.3877434966359008,0.0,-0.4006383876185673,0.0,-1.2126597382471456,0.0,1.2017035592305945,0.0,-0.7554114234022613,0.0,0.6582844824247651,0.0,-0.2344155973086668,0.0,-0.3335582070561234,0.0
2025-10-31 04:00:00,0.3805466378995277,0.0,-0.3892437116324068,0.0,0.5043261858339623,0.0,-4.100893569560714,0.0,2.9488825772435643,0.0,-0.6369661121256733,0.0,0.3877434966359008,0.0,-0.4006383876185673,0.0,-1.2126597382471456,0.0,1.2017035592305945,0.0,-0.7554114234022613,0.0,0.6582844824247651,0.0,-0.2344155973086668,0.0
2025-10-31 05:00:00,0.5245803087293073,0.0,0.3805466378995277,0.0,-0.3892437116324068,0.0,0.5043261858339623,0.0,-4.100893569560714,0.0,2.9488825772435643,0.0,-0.6369661121256733,0.0,0.3877434966359008,0.0,-0.4006383876185673,0.0,-1.2126597382471456,0.0,1.2017035592305945,0.0,-0.7554114234022613,0.0,0.6582844824247651,0.0
2025-10-31 06:00:00,-3.385808183914909,0.0,0.5245803087293073,0.0,0.3805466378995277,0.0,-0.3892437116324068,0.0,0.5043261858339623,0.0,-4.100893569560714,0.0,2.9488825772435643,0.0,-0.6369661121256733,0.0,0.3877434966359008,0.0,-0.4006383876185673,0.0,-1.2126597382471456,0.0,1.2017035592305945,0.0,-0.7554114234022613,0.0
2025-10-31 07:00:00,0.8967824494787351,0.0,-3.385808183914909,0.0,0.5245803087293073,0.0,0.3805466378995277,0.0,-0.3892437116324068,0.0,0.5043261858339623,0.0,-4.100893569560714,0.0,2.9488825772435643,0.0,-0.6369661121256733,0.0,0.3877434966359008,0.0,-0.4006383876185673,0.0,-1.2126597382471456,0.0,1.2017035592305945,0.0
2025-10-31 08:00:00,0.06956806563082818,0.0,0.8967824494787351,0.0,-3.385808183914909,0.0,0.5245803087293073,0.0,0.3805466378995277,0.0,-0.3892437116324068,0.0,0.5043261858339623,0.0,-4.100893569560714,0.0,2.9488825772435643,0.0,-0.6369661121256733,0.0,0.3877434966359008,0.0,-0.4006383876185673,0.0,-1.2126597382471456,0.0
2025-10-31 09:00:00,-0.3809176352577355,0.0,0.06956806563082818,0.0,0.8967824494787351,0.0,-3.385808183914909,0.0,0.5245803087293073,0.0,0.3805466378995277,0.0,-0.3892437116324068,0.0,0.5043261858339623,0.0,-4.100893569560714,0.0,2.9488825772435643,0.0,-0.6369661121256733,0.0,0.3877434966359008,0.0,-0.4006383876185673,0.0
2025-10-31 10:00:00,0.22804953008306494,0.0,-0.3809176352577355,0.0,0.06956806563082818,0.0,0.8967824494787351,0.0,-3.385808183914909,0.0,0.5245803087293073,0.0,0.3805466378995277,0.0,-0.3892437116324068,0.0,0.5043261858339623,0.0,-4.100893569560714,0.0,2.9488825772435643,0.0,-0.6369661121256733,0.0,0.3877434966359008,0.0
2025-10-31 11:00:00,1.3599512232139057,0.0,0.22804953008306494,0.0,-0.3809176352577355,0.0,0.06956806563082818,0.0,0.8967824494787351,0.0,-3.385808183914909,0.0,0.5245803087293073,0.0,0.3805466378995277,0.0,-0.3892437116324068,0.0,0.5043261858339623,0.0,-4.100893569560714,0.0,2.9488825772435643,0.0,-0.6369661121256733,0.0
2025-10-31 12:00:00,0.34864530479854494,0.0,1.3599512232139057,0.0,0.22804953008306494,0.0,-0.3809176352577355,0.0,0.06956806563082818,0.0,0.8967824494787351,0.0,-3.385808183914909,0.0,0.5245803087293073,0.0,0.3805466378995277,0.0,-0.3892437116324068,0.0,0.5043261858339623,0.0,-4.100893569560714,0.0,2.9488825772435643,0.0
2025-10-31 13:00:00,1.6731635755923122,0.0,0.34864530479854494,0.0,1.3599512232139057,0.0,0.22804953008306494,0.0,-0.3809176352577355,0.0,0.06956806563082818,0.0,0.8967824494787351,0.0,-3.385808183914909,0.0,0.5245803087293073,0.0,0.3805466378995277,0.0,-0.3892437116324068,0.0,0.5043261858339623,0.0,-4.100893569560714,0.0
2025-10-31 14:00:00,-0.25586926829670276,0.0,1.6731635755923122,0.0,0.34864530479854494,0.0,1.3599512232139057,0.0,0.22804953008306494,0.0,-0.3809176352577355,0.0,0.06956806563082818,0.0,0.8967824494787351,0.0,-3.385808183914909,0.0,0.5245803087293073,0.0,0.3805466378995277,0.0,-0.3892437116324068,0.0,0.5043261858339623,0.0
2025-10-31 15:00:00,0.7551683029335177,0.0,-0.25586926829670276,0.0,1.6731635755923122,0.0,0.34864530479854494,0.0,1.3599512232139057,0.0,0.22804953008306494,0.0,-0.3809176352577355,0.0,0.06956806563082818,0.0,0.8967824494787351,0.0,-3.385808183914909,0.0,0.5245803087293073,0.0,0.3805466378995277,0.0,-0.3892437116324068,0.0
2025-10-31 16:00:00,-0.0588840962196695,0.0,0.7551683029335177,0.0,-0.25586926829670276,0.0,1.6731635755923122,0.0,0.34864530479854494,0.0,1.3599512232139057,0.0,0.22804953008306494,0.0,-0.3809176352577355,0.0,0.06956806563082818,0.0,0.8967824494787351,0.0,-3.385808183914909,0.0,0.5245803087293073,0.0,0.3805466378995277,0.0
2025-10-31 17:00:00,-0.23484562750831017,0.0,-0.0588840962196695,0.0,0.7551683029335177,0.0,-0.25586926829670276,0.0,1.6731635755923122,0.0,0.34864530479854494,0.0,1.3599512232139057,0.0,0.22804953008306494,0.0,-0.3809176352577355,0.0,0.06956806563082818,0.0,0.8967824494787351,0.0,-3.385808183914909,0.0,0.5245803087293073,0.0
2025-10-31 18:00:00,-0.8673334482657911,0.0,-0.23484562750831017,0.0,-0.0588840962196695,0.0,0.7551683029335177,0.0,-0.25586926829670276,0.0,1.6731635755923122,0.0,0.34864530479854494,0.0,1.3599512232139057,0.0,0.22804953008306494,0.0,-0.3809176352577355,0.0,0.06956806563082818,0.0,0.8967824494787351,0.0,-3.385808183914909,0.0
2025-10-31 19:00:00,0.5005749952891829,0.0,-0.8673334482657911,0.0,-0.23484562750831017,0.0,-0.0588840962196695,0.0,0.7551683029335177,0.0,-0.25586926829670276,0.0,1.6731635755923122,0.0,0.34864530479854494,0.0,1.3599512232139057,0.0,0.22804953008306494,0.0,-0.3809176352577355,0.0,0.06956806563082818,0.0,0.8967824494787351,0.0
2025-10-31 20:00:00,-0.6211795618574829,0.0,0.5005749952891829,0.0,-0.8673334482657911,0.0,-0.23484562750831017,0.0,-0.0588840962196695,0.0,0.7551683029335177,0.0,-0.25586926829670276,0.0,1.6731635755923122,0.0,0.34864530479854494,0.0,1.3599512232139057,0.0,0.22804953008306494,0.0,-0.3809176352577355,0.0,0.06956806563082818,0.0
2025-10-31 21:00:00,0.8626928602938335,0.0,-0.6211795618574829,0.0,0.5005749952891829,0.0,-0.8673334482657911,0.0,-0.23484562750831017,0.0,-0.0588840962196695,0.0,0.7551683029335177,0.0,-0.25586926829670276,0.0,1.6731635755923122,0.0,0.34864530479854494,0.0,1.3599512232139057,0.0,0.22804953008306494,0.0,-0.3809176352577355,0.0
2025-10-31 22:00:00,-1.1304790042108674,0.0,0.8626928602938335,0.0,-0.6211795618574829,0.0,0.5005749952891829,0.0,-0.8673334482657911,0.0,-0.23484562750831017,0.0,-0.0588840962196695,0.0,0.7551683029335177,0.0,-0.25586926829670276,0.0,1.6731635755923122,0.0,0.34864530479854494,0.0,1.3599512232139057,0.0,0.22804953008306494,0.0
2025-10-31 23:00:00,-1.349196907600522,0.0,-1.1304790042108674,0.0,0.8626928602938335,0.0,-0.6211795618574829,0.0,0.5005749952891829,0.0,-0.8673334482657911,0.0,-0.23484562750831017,0.0,-0.0588840962196695,0.0,0.7551683029335177,0.0,-0.25586926829670276,0.0,1.6731635755923122,0.0,0.34864530479854494,0.0,1.3599512232139057,0.0
2025-11-01 00:00:00,1.0273700904845633,0.0,-1.349196907600522,0.0,-1.1304790042108674,0.0,0.8626928602938335,0.0,-0.6211795618574829,0.0,0.5005749952891829,0.0,-0.8673334482657911,0.0,-0.23484562750831017,0.0,-0.0588840962196695,0.0,0.7551683029335177,0.0,-0.25586926829670276,0.0,1.6731635755923122,0.0,0.34864530479854494,0.0
2025-11-01 01:00:00,1.3741140095443356,0.0,1.0273700904845633,0.0,-1.349196907600522,0.0,-1.1304790042108674,0.0,0.8626928602938335,0.0,-0.6211795618574829,0.0,0.5005749952891829,0.0,-0.8673334482657911,0.0,-0.23484562750831017,0.0,-0.0588840962196695,0.0,0.7551683029335177,0.0,-0.25586926829670276,0.0,1.6731635755923122,0.0
2025-11-01 02:00:00,0.20462124599624687,0.0,1.3741140095443356,0.0,1.0273700904845633,0.0,-1.349196907600522,0.0,-1.1304790042108674,0.0,0.8626928602938335,0.0,-0.6211795618574829,0.0,0.5005749952891829,0.0,-0.8673334482657911,0.0,-0.23484562750831017,0.0,-0.0588840962196695,0.0,0.7551683029335177,0.0,-0.25586926829670276,0.0
2025-11-01 03:00:00,1.3850762242672552,0.0,0.20462124599624687,0.0,1.3741140095443356,0.0,1.0273700904845633,0.0,-1.349196907600522,0.0,-1.1304790042108674,0.0,0.8626928602938335,0.0,-0.6211795618574829,0.0,0.5005749952891829,0.0,-0.8673334482657911,0.0,-0.23484562750831017,0.0,-0.0588840962196695,0.0,0.7551683029335177,0.0
2025-11-01 04:00:00,-3.690415518027068,0.0,1.3850762242672552,0.0,0.20462124599624687,0.0,1.3741140095443356,0.0,1.0273700904845633,0.0,-1.349196907600522,0.0,-1.1304790042108674,0.0,0.8626928602938335,0.0,-0.6211795618574829,0.0,0.5005749952891829,0.0,-0.8673334482657911,0.0,-0.23484562750831017,0.0,-0.0588840962196695,0.0
2025-11-01 05:00:00,-0.7161288128157555,0.0,-3.690415518027068,0.0,1.3850762242672552,0.0,0.20462124599624687,0.0,1.3741140095443356,0.0,1.0273700904845633,0.0,-1.349196907600522,0.0,-1.1304790042108674,0.0,0.8626928602938335,0.0,-0.6211795618574829,0.0,0.5005749952891829,0.0,-0.8673334482657911,0.0,-0.23484562750831017,0.0
2025-11-01 06:00:00,1.574602665051426,0.0,-0.7161288128157555,0.0,-3.690415518027068,0.0,1.3850762242672552,0.0,0.20462124599624687,0.0,1.3741140095443356,0.0,1.0273700904845633,0.0,-1.349196907600522,0.0,-1.1304790042108674,0.0,0.8626928602938335,0.0,-0.6211795618574829,0.0,0.5005749952891829,0.0,-0.8673334482657911,0.0
2025-11-01 07:00:00,-1.9922864624410197,0.0,1.574602665051426,0.0,-0.7161288128157555,0.0,-3.690415518027068,0.0,1.3850762242672552,0.0,0.20462124599624687,0.0,1.3741140095443356,0.0,1.0273700904845633,0.0,-1.349196907600522,0.0,-1.1304790042108674,0.0,0.8626928602938335,0.0,-0.6211795618574829,0.0,0.5005749952891829,0.0
2025-11-01 08:00:00,-0.33233608855342656,0.0,-1.9922864624410197,0.0,1.574602665051426,0.0,-0.7161288128157555,0.0,-3.690415518027068,0.0,1.3850762242672552,0.0,0.20462124599624687,0.0,1.3741140095443356,0.0,1.0273700904845633,0.0,-1.349196907600522,0.0,-1.1304790042108674,0.0,0.8626928602938335,0.0,-0.6211795618574829,0.0
2025-11-01 09:00:00,2.88094120704986,0.0,-0.33233608855342656,0.0,-1.9922864624410197,0.0,1.574602665051426,0.0,-0.7161288128157555,0.0,-3.690415518027068,0.0,1.3850762242672552,0.0,0.20462124599624687,0.0,1.3741140095443356,0.0,1.0273700904845633,0.0,-1.349196907600522,0.0,-1.1304790042108674,0.0,0.8626928602938335,0.0
2025-11-01 10:00:00,-0.14678995923132732,0.0,2.88094120704986,0.0,-0.33233608855342656,0.0,-1.9922864624410197,0.0,1.574602665051426,0.0,-0.7161288128157555,0.0,-3.690415518027068,0.0,1.3850762242672552,0.0,0.20462124599624687,0.0,1.3741140095443356,0.0,1.0273700904845633,0.0,-1.349196907600522,0.0,-1.1304790042108674,0.0
2025-11-01 11:00:00,-2.3264034059618997,0.0,-0.14678995923132732,0.0,2.88094120704986,0.0,-0.33233608855342656,0.0,-1.9922864624410197,0.0,1.574602665051426,0.0,-0.7161288128157555,0.0,-3.690415518027068,0.0,1.3850762242672552,0.0,0.20462124599624687,0.0,1.3741140095443356,0.0,1.0273700904845633,0.0,-1.349196907600522,0.0
2025-11-01 12:00:00,-1.1297097332963713,0.0,-2.3264034059618997,0.0,-0.14678995923132732,0.0,2.88094120704986,0.0,-0.33233608855342656,0.0,-1.9922864624410197,0.0,1.574602665051426,0.0,-0.7161288128157555,0.0,-3.690415518027068,0.0,1.3850762242672552,0.0,0.20462124599624687,0.0,1.3741140095443356,0.0,1.0273700904845633,0.0
2025-11-01 13:00:00,2.469926047176193,0.0,-1.1297097332963713,0.0,-2.3264034059618997,0.0,-0.14678995923132732,0.0,2.88094120704986,0.0,-0.33233608855342656,0.0,-1.9922864624410197,0.0,1.574602665051426,0.0,-0.7161288128157555,0.0,-3.690415518027068,0.0,1.3850762242672552,0.0,0.20462124599624687,0.0,1.3741140095443356,0.0
2025-11-01 14:00:00,1.1426796295817514,0.0,2.469926047176193,0.0,-1.1297097332963713,0.0,-2.3264034059618997,0.0,-0.14678995923132732,0.0,2.88094120704986,0.0,-0.33233608855342656,0.0,-1.9922864624410197,0.0,1.574602665051426,0.0,-0.7161288128157555,0.0,-3.690415518027068,0.0,1.3850762242672552,0.0,0.20462124599624687,0.0
2025-11-01 15:00:00,-0.28737386413678045,0.0,1.1426796295817514,0.0,2.469926047176193,0.0,-1.1297097332963713,0.0,-2.3264034059618997,0.0,-0.14678995923132732,0.0,2.88094120704986,0.0,-0.33233608855342656,0.0,-1.9922864624410197,0.0,1.574602665051426,0.0,-0.7161288128157555,0.0,-3.690415518027068,0.0,1.3850762242672552,0.0
2025-11-01 16:00:00,1.3799752678597912,0.0,-0.28737386413678045,0.0,1.1426796295817514,0.0,2.469926047176193,0.0,-1.1297097332963713,0.0,-2.3264034059618997,0.0,-0.14678995923132732,0.0,2.88094120704986,0.0,-0.33233608855342656,0.0,-1.9922864624410197,0.0,1.574602665051426,0.0,-0.7161288128157555,0.0,-3.690415518027068,0.0
2025-11-01 17:00:00,-0.8131399398957129,0.0,1.3799752678597912,0.0,-0.28737386413678045,0.0,1.1426796295817514,0.0,2.469926047176193,0.0,-1.1297097332963713,0.0,-2.3264034059618997,0.0,-0.14678995923132732,0.0,2.88094120704986,0.0,-0.33233608855342656,0.0,-1.9922864624410197,0.0,1.574602665051426,0.0,-0.7161288128157555,0.0
2025-11-01 18:00:00,-0.1343426753775283,0.0,-0.8131399398957129,0.0,1.3799752678597912,0.0,-0.28737386413678045,0.0,1.1426796295817514,0.0,2.469926047176193,0.0,-1.1297097332963713,0.0,-2.3264034059618997,0.0,-0.14678995923132732,0.0,2.88094120704986,0.0,-0.33233608855342656,0.0,-1.9922864624410197,0.0,1.574602665051426,0.0
2025-11-01 19:00:00,-0.31229156688808146,0.0,-0.1343426753775283,0.0,-0.8131399398957129,0.0,1.3799752678597912,0.0,-0.28737386413678045,0.0,1.1426796295817514,0.0,2.469926047176193,0.0,-1.1297097332963713,0.0,-2.3264034059618997,0.0,-0.14678995923132732,0.0,2.88094120704986,0.0,-0.33233608855342656,0.0,-1.9922864624410197,0.0
2025-11-01 20:00:00,0.3227988887376121,0.0,-0.31229156688808146,0.0,-0.1343426753775283,0.0,-0.8131399398957129,0.0,1.3799752678597912,0.0,-0.28737386413678045,0.0,1.1426796295817514,0.0,2.469926047176193,0.0,-1.1297097332963713,0.0,-2.3264034059618997,0.0,-0.14678995923132732,0.0,2.88094120704986,0.0,-0.33233608855342656,0.0
2025-11-01 21:00:00,1.1080345902098756,0.0,0.3227988887376121,0.0,-0.31229156688808146,0.0,-0.1343426753775283,0.0,-0.8131399398957129,0.0,1.3799752678597912,0.0,-0.28737386413678045,0.0,1.1426796295817514,0.0,2.469926047176193,0.0,-1.1297097332963713,0.0,-2.3264034059618997,0.0,-0.14678995923132732,0.0,2.88094120704986,0.0
2025-11-01 22:00:00,0.936909799450385,0.0,1.1080345902098756,0.0,0.3227988887376121,0.0,-0.31229156688808146,0.0,-0.1343426753775283,0.0,-0.8131399398957129,0.0,1.3799752678597912,0.0,-0.28737386413678045,0.0,1.1426796295817514,0.0,2.469926047176193,0.0,-1.1297097332963713,0.0,-2.3264034059618997,0.0,-0.14678995923132732,0.0
2025-11-01 23:00:00,-1.980532456603063,0.0,0.936909799450385,0.0,1.1080345902098756,0.0,0.3227988887376121,0.0,-0.31229156688808146,0.0,-0.1343426753775283,0.0,-0.8131399398957129,0.0,1.3799752678597912,0.0,-0.28737386413678045,0.0,1.1426796295817514,0.0,2.469926047176193,0.0,-1.1297097332963713,0.0,-2.3264034059618997,0.0
2025-11-02 00:00:00,0.33447463931540433,0.0,-1.980532456603063,0.0,0.936909799450385,0.0,1.1080345902098756,0.0,0.3227988887376121,0.0,-0.31229156688808146,0.0,-0.1343426753775283,0.0,-0.8131399398957129,0.0,1.3799752678597912,0.0,-0.28737386413678045,0.0,1.1426796295817514,0.0,2.469926047176193,0.0,-1.1297097332963713,0.0
2025-11-02 01:00:00,0.054270284400177005,0.0,0.33447463931540433,0.0,-1.980532456603063,0.0,0.936909799450385,0.0,1.1080345902098756,0.0,0.3227988887376121,0.0,-0.31229156688808146,0.0,-0.1343426753775283,0.0,-0.8131399398957129,0.0,1.3799752678597912,0.0,-0.28737386413678045,0.0,1.1426796295817514,0.0,2.469926047176193,0.0
2025-11-02 02:00:00,0.10680805660696002,0.0,0.054270284400177005,0.0,0.33447463931540433,0.0,-1.980532456603063,0.0,0.936909799450385,0.0,1.1080345902098756,0.0,0.3227988887376121,0.0,-0.31229156688808146,0.0,-0.1343426753775283,0.0,-0.8131399398957129,0.0,1.3799752678597912,0.0,-0.28737386413678045,0.0,1.1426796295817514,0.0
2025-11-02 03:00:00,0.41034231455965653,0.0,0.10680805660696002,0.0,0.054270284400177005,0.0,0.33447463931540433,0.0,-1.980532456603063,0.0,0.936909799450385,0.0,1.1080345902098756,0.0,0.3227988887376121,0.0,-0.31229156688808146,0.0,-0.1343426753775283,0.0,-0.8131399398957129,0.0,1.3799752678597912,0.0,-0.28737386413678045,0.0
2025-11-02 04:00:00,0.41628971560741945,0.0,0.41034231455965653,0.0,0.10680805660696002,0.0,0.054270284400177005,0.0,0.33447463931540433,0.0,-1.980532456603063,0.0,0.936909799450385,0.0,1.1080345902098756,0.0,0.3227988887376121,0.0,-0.31229156688808146,0.0,-0.1343426753775283,0.0,-0.8131399398957129,0.0,1.3799752678597912,0.0
2025-11-02 05:00:00,-0.6498576720015503,0.0,0.41628971560741945,0.0,0.41034231455965653,0.0,0.10680805660696002,0.0,0.054270284400177005,0.0,0.33447463931540433,0.0,-1.980532456603063,0.0,0.936909799450385,0.0,1.1080345902098756,0.0,0.3227988887376121,0.0,-0.31229156688808146,0.0,-0.1343426753775283,0.0,-0.8131399398957129,0.0
2025-11-02 06:00:00,-2.034874479365877,0.0,-0.6498576720015503,0.0,0.41628971560741945,0.0,0.41034231455965653,0.0,0.10680805660696002,0.0,0.054270284400177005,0.0,0.33447463931540433,0.0,-1.980532456603063,0.0,0.936909799450385,0.0,1.1080345902098756,0.0,0.3227988887376121,0.0,-0.31229156688808146,0.0,-0.1343426753775283,0.0
2025-11-02 07:00:00,-0.9423324081897597,0.0,-2.034874479365877,0.0,-0.6498576720015503,0.0,0.41628971560741945,0.0,0.41034231455965653,0.0,0.10680805660696002,0.0,0.054270284400177005,0.0,0.33447463931540433,0.0,-1.980532456603063,0.0,0.936909799450385,0.0,1.1080345902098756,0.0,0.3227988887376121,0.0,-0.31229156688808146,0.0
2025-11-02 08:00:00,-1.3852011063920013,0.0,-0.9423324081897597,0.0,-2.034874479365877,0.0,-0.6498576720015503,0.0,0.41628971560741945,0.0,0.41034231455965653,0.0,0.10680805660696002,0.0,0.054270284400177005,0.0,0.33447463931540433,0.0,-1.980532456603063,0.0,0.936909799450385,0.0,1.1080345902098756,0.0,0.3227988887376121,0.0
2025-11-02 09:00:00,0.29334780998745824,0.0,-1.3852011063920013,0.0,-0.9423324081897597,0.0,-2.034874479365877,0.0,-0.6498576720015503,0.0,0.41628971560741945,0.0,0.41034231455965653,0.0,0.10680805660696002,0.0,0.054270284400177005,0.0,0.33447463931540433,0.0,-1.980532456603063,0.0,0.936909799450385,0.0,1.1080345902098756,0.0
2025-11-02 10:00:00,0.006497748657520397,0.0,0.29334780998745824,0.0,-1.3852011063920013,0.0,-0.9423324081897597,0.0,-2.034874479365877,0.0,-0.6498576720015503,0.0,0.41628971560741945,0.0,0.41034231455965653,0.0,0.10680805660696002,0.0,0.054270284400177005,0.0,0.33447463931540433,0.0,-1.980532456603063,0.0,0.936909799450385,0.0
2025-11-02 11:00:00,2.724621972210201,0.0,0.006497748657520397,0.0,0.29334780998745824,0.0,-1.3852011063920013,0.0,-0.9423324081897597,0.0,-2.034874479365877,0.0,-0.6498576720015503,0.0,0.41628971560741945,0.0,0.41034231455965653,0.0,0.10680805660696002,0.0,0.054270284400177005,0.0,0.33447463931540433,0.0,-1.980532456603063,0.0
2025-11-02 12:00:00,-2.114490394137877,0.0,2.724621972210201,0.0,0.006497748657520397,0.0,0.29334780998745824,0.0,-1.3852011063920013,0.0,-0.9423324081897597,0.0,-2.034874479365877,0.0,-0.6498576720015503,0.0,0.41628971560741945,0.0,0.41034231455965653,0.0,0.10680805660696002,0.0,0.054270284400177005,0.0,0.33447463931540433,0.0
2025-11-02 13:00:00,2.27138560707279,0.0,-2.114490394137877,0.0,2.724621972210201,0.0,0.006497748657520397,0.0,0.29334780998745824,0.0,-1.3852011063920013,0.0,-0.9423324081897597,0.0,-2.034874479365877,0.0,-0.6498576720015503,0.0,0.41628971560741945,0.0,0.41034231455965653,0.0,0.10680805660696002,0.0,0.054270284400177005,0.0
2025-11-02 14:00:00,0.4359840904305159,0.0,2.27138560707279,0.0,-2.114490394137877,0.0,2.724621972210201,0.0,0.006497748657520397,0.0,0.29334780998745824,0.0,-1.3852011063920013,0.0,-0.9423324081897597,0.0,-2.034874479365877,0.0,-0.6498576720015503,0.0,0.41628971560741945,0.0,0.41034231455965653,0.0,0.10680805660696002,0.0
2025-11-02 15:00:00,1.0981270493260276,0.6931471805599453,0.4359840904305159,0.0,2.27138560707279,0.0,-2.114490394137877,0.0,2.724621972210201,0.0,0.006497748657520397,0.0,0.29334780998745824,0.0,-1.3852011063920013,0.0,-0.9423324081897597,0.0,-2.034874479365877,0.0,-0.6498576720015503,0.0,0.41628971560741945,0.0,0.41034231455965653,0.0
2025-11-02 16:00:00,-1.2058089300169463,-0.6931471805599453,1.0981270493260276,0.6931471805599453,0.4359840904305159,0.0,2.27138560707279,0.0,-2.114490394137877,0.0,2.724621972210201,0.0,0.006497748657520397,0.0,0.29334780998745824,0.0,-1.3852011063920013,0.0,-0.9423324081897597,0.0,-2.034874479365877,0.0,-0.6498576720015503,0.0,0.41628971560741945,0.0
2025-11-02 17:00:00,0.638673216653368,0.0,-1.2058089300169463,-0.6931471805599453,1.0981270493260276,0.6931471805599453,0.4359840904305159,0.0,2.27138560707279,0.0,-2.114490394137877,0.0,2.724621972210201,0.0,0.006497748657520397,0.0,0.29334780998745824,0.0,-1.3852011063920013,0.0,-0.9423324081897597,0.0,-2.034874479365877,0.0,-0.6498576720015503,0.0
2025-11-02 18:00:00,-0.6601027024862525,0.0,0.638673216653368,0.0,-1.2058089300169463,-0.6931471805599453,1.0981270493260276,0.6931471805599453,0.4359840904305159,0.0,2.27138560707279,0.0,-2.114490394137877,0.0,2.724621972210201,0.0,0.006497748657520397,0.0,0.29334780998745824,0.0,-1.3852011063920013,0.0,-0.9423324081897597,0.0,-2.034874479365877,0.0
2025-11-02 19:00:00,0.4757860030078671,0.0,-0.6601027024862525,0.0,0.638673216653368,0.0,-1.2058089300169463,-0.6931471805599453,1.0981270493260276,0.6931471805599453,0.4359840904305159,0.0,2.27138560707279,0.0,-2.114490394137877,0.0,2.724621972210201,0.0,0.006497748657520397,0.0,0.29334780998745824,0.0,-1.3852011063920013,0.0,-0.9423324081897597,0.0
2025-11-02 20:00:00,-0.6703560878333477,0.0,0.4757860030078671,0.0,-0.6601027024862525,0.0,0.638673216653368,0.0,-1.2058089300169463,-0.6931471805599453,1.0981270493260276,0.6931471805599453,0.4359840904305159,0.0,2.27138560707279,0.0,-2.114490394137877,0.0,2.724621972210201,0.0,0.006497748657520397,0.0,0.29334780998745824,0.0,-1.3852011063920013,0.0
2025-11-02 21:00:00,-0.2619620222863279,0.0,-0.6703560878333477,0.0,0.4757860030078671,0.0,-0.6601027024862525,0.0,0.638673216653368,0.0,-1.2058089300169463,-0.6931471805599453,1.0981270493260276,0.6931471805599453,0.4359840904305159,0.0,2.27138560707279,0.0,-2.114490394137877,0.0,2.724621972210201,0.0,0.006497748657520397,0.0,0.29334780998745824,0.0
2025-11-02 22:00:00,0.2578329422102996,0.0,-0.2619620222863279,0.0,-0.6703560878333477,0.0,0.4757860030078671,0.0,-0.6601027024862525,0.0,0.638673216653368,0.0,-1.2058089300169463,-0.6931471805599453,1.0981270493260276,0.6931471805599453,0.4359840904305159,0.0,2.27138560707279,0.0,-2.114490394137877,0.0,2.724621972210201,0.0,0.006497748657520397,0.0
2025-11-02 23:00:00,0.6294900935683625,0.0,0.2578329422102996,0.0,-0.2619620222863279,0.0,-0.6703560878333477,0.0,0.4757860030078671,0.0,-0.6601027024862525,0.0,0.638673216653368,0.0,-1.2058089300169463,-0.6931471805599453,1.0981270493260276,0.6931471805599453,0.4359840904305159,0.0,2.27138560707279,0.0,-2.114490394137877,0.0,2.724621972210201,0.0
2025-11-03 00:00:00,0.06759147565288615,0.0,0.6294900935683625,0.0,0.2578329422102996,0.0,-0.2619620222863279,0.0,-0.6703560878333477,0.0,0.4757860030078671,0.0,-0.6601027024862525,0.0,0.638673216653368,0.0,-1.2058089300169463,-0.6931471805599453,1.0981270493260276,0.6931471805599453,0.4359840904305159,0.0,2.27138560707279,0.0,-2.114490394137877,0.0
2025-11-03 01:00:00,0.3640547529667515,0.0,0.06759147565288615,0.0,0.6294900935683625,0.0,0.2578329422102996,0.0,-0.2619620222863279,0.0,-0.6703560878333477,0.0,0.4757860030078671,0.0,-0.6601027024862525,0.0,0.638673216653368,0.0,-1.2058089300169463,-0.6931471805599453,1.0981270493260276,0.6931471805599453,0.4359840904305159,0.0,2.27138560707279,0.0
2025-11-03 02:00:00,-0.7764234021206295,0.0,0.3640547529667515,0.0,0.06759147565288615,0.0,0.6294900935683625,0.0,0.2578329422102996,0.0,-0.2619620222863279,0.0,-0.6703560878333477,0.0,0.4757860030078671,0.0,-0.6601027024862525,0.0,0.638673216653368,0.0,-1.2058089300169463,-0.6931471805599453,1.0981270493260276,0.6931471805599453,0.4359840904305159,0.0
2025-11-03 03:00:00,1.9273443103619332,0.0,-0.7764234021206295,0.0,0.3640547529667515,0.0,0.06759147565288615,0.0,0.6294900935683625,0.0,0.2578329422102996,0.0,-0.2619620222863279,0.0,-0.6703560878333477,0.0,0.4757860030078671,0.0,-0.6601027024862525,0.0,0.638673216653368,0.0,-1.2058089300169463,-0.6931471805599453,1.0981270493260276,0.6931471805599453
2025-11-03 04:00:00,-1.2380276113308302,0.0,1.9273443103619332,0.0,-0.7764234021206295,0.0,0.3640547529667515,0.0,0.06759147565288615,0.0,0.6294900935683625,0.0,0.2578329422102996,0.0,-0.2619620222863279,0.0,-0.6703560878333477,0.0,0.4757860030078671,0.0,-0.6601027024862525,0.0,0.638673216653368,0.0,-1.2058089300169463,-0.6931471805599453
2025-11-03 05:00:00,0.19203079679144608,0.0,-1.2380276113308302,0.0,1.9273443103619332,0.0,-0.7764234021206295,0.0,0.3640547529667515,0.0,0.06759147565288615,0.0,0.6294900935683625,0.0,0.2578329422102996,0.0,-0.2619620222863279,0.0,-0.6703560878333477,0.0,0.4757860030078671,0.0,-0.6601027024862525,0.0,0.638673216653368,0.0
2025-11-03 06:00:00,-1.464727649966795,0.6931471805599453,0.19203079679144608,0.0,-1.2380276113308302,0.0,1.9273443103619332,0.0,-0.7764234021206295,0.0,0.3640547529667515,0.0,0.06759147565288615,0.0,0.6294900935683625,0.0,0.2578329422102996,0.0,-0.2619620222863279,0.0,-0.6703560878333477,0.0,0.4757860030078671,0.0,-0.6601027024862525,0.0
2025-11-03 07:00:00,0.09702954139147124,-0.6931471805599453,-1.464727649966795,0.6931471805599453,0.19203079679144608,0.0,-1.2380276113308302,0.0,1.9273443103619332,0.0,-0.7764234021206295,0.0,0.3640547529667515,0.0,0.06759147565288615,0.0,0.6294900935683625,0.0,0.2578329422102996,0.0,-0.2619620222863279,0.0,-0.6703560878333477,0.0,0.4757860030078671,0.0
2025-11-03 08:00:00,-1.6763574662552188,0.0,0.09702954139147124,-0.6931471805599453,-1.464727649966795,0.6931471805599453,0.19203079679144608,0.0,-1.2380276113308302,0.0,1.9273443103619332,0.0,-0.7764234021206295,0.0,0.3640547529667515,0.0,0.06759147565288615,0.0,0.6294900935683625,0.0,0.2578329422102996,0.0,-0.2619620222863279,0.0,-0.6703560878333477,0.0
2025-11-03 09:00:00,2.561599985620683,0.0,-1.6763574662552188,0.0,0.09702954139147124,-0.6931471805599453,-1.464727649966795,0.6931471805599453,0.19203079679144608,0.0,-1.2380276113308302,0.0,1.9273443103619332,0.0,-0.7764234021206295,0.0,0.3640547529667515,0.0,0.06759147565288615,0.0,0.6294900935683625,0.0,0.2578329422102996,0.0,-0.2619620222863279,0.0
2025-11-03 10:00:00,0.6319766075848658,0.0,2.561599985620683,0.0,-1.6763574662552188,0.0,0.09702954139147124,-0.6931471805599453,-1.464727649966795,0.6931471805599453,0.19203079679144608,0.0,-1.2380276113308302,0.0,1.9273443103619332,0.0,-0.7764234021206295,0.0,0.3640547529667515,0.0,0.06759147565288615,0.0,0.6294900935683625,0.0,0.2578329422102996,0.0
2025-11-03 11:00:00,-0.5587136127146302,0.6931471805599453,0.6319766075848658,0.0,2.561599985620683,0.0,-1.6763574662552188,0.0,0.09702954139147124,-0.6931471805599453,-1.464727649966795,0.6931471805599453,0.19203079679144608,0.0,-1.2380276113308302,0.0,1.9273443103619332,0.0,-0.7764234021206295,0.0,0.3640547529667515,0.0,0.06759147565288615,0.0,0.6294900935683625,0.0
2025-11-03 12:00:00,-1.0861722202862527,-0.6931471805599453,-0.5587136127146302,0.6931471805599453,0.6319766075848658,0.0,2.561599985620683,0.0,-1.6763574662552188,0.0,0.09702954139147124,-0.6931471805599453,-1.464727649966795,0.6931471805599453,0.19203079679144608,0.0,-1.2380276113308302,0.0,1.9273443103619332,0.0,-0.7764234021206295,0.0,0.3640547529667515,0.0,0.06759147565288615,0.0
2025-11-03 13:00:00,-0.6292088757447605,0.6931471805599453,-1.0861722202862527,-0.6931471805599453,-0.5587136127146302,0.6931471805599453,0.6319766075848658,0.0,2.561599985620683,0.0,-1.6763574662552188,0.0,0.09702954139147124,-0.6931471805599453,-1.464727649966795,0.6931471805599453,0.19203079679144608,0.0,-1.2380276113308302,0.0,1.9273443103619332,0.0,-0.7764234021206295,0.0,0.3640547529667515,0.0
2025-11-03 14:00:00,1.1967248510445714,-0.6931471805599453,-0.6292088757447605,0.6931471805599453,-1.0861722202862527,-0.6931471805599453,-0.5587136127146302,0.6931471805599453,0.6319766075848658,0.0,2.561599985620683,0.0,-1.6763574662552188,0.0,0.09702954139147124,-0.6931471805599453,-1.464727649966795,0.6931471805599453,0.19203079679144608,0.0,-1.2380276113308302,0.0,1.9273443103619332,0.0,-0.7764234021206295,0.0
2025-11-03 15:00:00,1.5665438110934602,0.0,1.1967248510445714,-0.6931471805599453,-0.6292088757447605,0.6931471805599453,-1.0861722202862527,-0.6931471805599453,-0.5587136127146302,0.6931471805599453,0.6319766075848658,0.0,2.561599985620683,0.0,-1.6763574662552188,0.0,0.09702954139147124,-0.6931471805599453,-1.464727649966795,0.6931471805599453,0.19203079679144608,0.0,-1.2380276113308302,0.0,1.9273443103619332,0.0
2025-11-03 16:00:00,-0.598979297217241,0.6931471805599453,1.5665438110934602,0.0,1.1967248510445714,-0.6931471805599453,-0.6292088757447605,0.6931471805599453,-1.0861722202862527,-0.6931471805599453,-0.5587136127146302,0.6931471805599453,0.6319766075848658,0.0,2.561599985620683,0.0,-1.6763574662552188,0.0,0.09702954139147124,-0.6931471805599453,-1.464727649966795,0.6931471805599453,0.19203079679144608,0.0,-1.2380276113308302,0.0
2025-11-03 17:00:00,2.1227576427867927,-0.6931471805599453,-0.598979297217241,0.6931471805599453,1.5665438110934602,0.0,1.1967248510445714,-0.6931471805599453,-0.6292088757447605,0.6931471805599453,-1.0861722202862527,-0.6931471805599453,-0.5587136127146302,0.6931471805599453,0.6319766075848658,0.0,2.561599985620683,0.0,-1.6763574662552188,0.0,0.09702954139147124,-0.6931471805599453,-1.464727649966795,0.6931471805599453,0.19203079679144608,0.0
2025-11-03 18:00:00,-0.641832281399024,0.6931471805599453,2.1227576427867927,-0.6931471805599453,-0.598979297217241,0.6931471805599453,1.5665438110934602,0.0,1.1967248510445714,-0.6931471805599453,-0.6292088757447605,0.6931471805599453,-1.0861722202862527,-0.6931471805599453,-0.5587136127146302,0.6931471805599453,0.6319766075848658,0.0,2.561599985620683,0.0,-1.6763574662552188,0.0,0.09702954139147124,-0.6931471805599453,-1.464727649966795,0.6931471805599453
2025-11-03 19:00:00,1.202425072487328,-0.6931471805599453,-0.641832281399024,0.6931471805599453,2.1227576427867927,-0.6931471805599453,-0.598979297217241,0.6931471805599453,1.5665438110934602,0.0,1.1967248510445714,-0.6931471805599453,-0.6292088757447605,0.6931471805599453,-1.0861722202862527,-0.6931471805599453,-0.5587136127146302,0.6931471805599453,0.6319766075848658,0.0,2.561599985620683,0.0,-1.6763574662552188,0.0,0.09702954139147124,-0.6931471805599453
2025-11-03 20:00:00,-1.197317047243061,0.0,1.202425072487328,-0.6931471805599453,-0.641832281399024,0.6931471805599453,2.1227576427867927,-0.6931471805599453,-0.598979297217241,0.6931471805599453,1.5665438110934602,0.0,1.1967248510445714,-0.6931471805599453,-0.6292088757447605,0.6931471805599453,-1.0861722202862527,-0.6931471805599453,-0.5587136127146302,0.6931471805599453,0.6319766075848658,0.0,2.561599985620683,0.0,-1.6763574662552188,0.0
2025-11-03 21:00:00,0.6982259518980403,0.0,-1.197317047243061,0.0,1.202425072487328,-0.6931471805599453,-0.641832281399024,0.6931471805599453,2.1227576427867927,-0.6931471805599453,-0.598979297217241,0.6931471805599453,1.5665438110934602,0.0,1.1967248510445714,-0.6931471805599453,-0.6292088757447605,0.6931471805599453,-1.0861722202862527,-0.6931471805599453,-0.5587136127146302,0.6931471805599453,0.6319766075848658,0.0,2.561599985620683,0.0
2025-11-03 22:00:00,-1.078908696112757,0.0,0.6982259518980403,0.0,-1.197317047243061,0.0,1.202425072487328,-0.6931471805599453,-0.641832281399024,0.6931471805599453,2.1227576427867927,-0.6931471805599453,-0.598979297217241,0.6931471805599453,1.5665438110934602,0.0,1.1967248510445714,-0.6931471805599453,-0.6292088757447605,0.6931471805599453,-1.0861722202862527,-0.6931471805599453,-0.5587136127146302,0.6931471805599453,0.6319766075848658,0.0
2025-11-03 23:00:00,0.5122994719475606,0.0,-1.078908696112757,0.0,0.6982259518980403,0.0,-1.197317047243061,0.0,1.202425072487328,-0.6931471805599453,-0.641832281399024,0.6931471805599453,2.1227576427867927,-0.6931471805599453,-0.598979297217241,0.6931471805599453,1.5665438110934602,0.0,1.1967248510445714,-0.6931471805599453,-0.6292088757447605,0.6931471805599453,-1.0861722202862527,-0.6931471805599453,-0.5587136127146302,0.6931471805599453
2025-11-04 00:00:00,-0.4473164856353602,0.0,0.5122994719475606,0.0,-1.078908696112757,0.0,0.6982259518980403,0.0,-1.197317047243061,0.0,1.202425072487328,-0.6931471805599453,-0.641832281399024,0.6931471805599453,2.1227576427867927,-0.6931471805599453,-0.598979297217241,0.6931471805599453,1.5665438110934602,0.0,1.1967248510445714,-0.6931471805599453,-0.6292088757447605,0.6931471805599453,-1.0861722202862527,-0.6931471805599453
2025-11-04 01:00:00,0.3119044267296385,0.0,-0.4473164856353602,0.0,0.5122994719475606,0.0,-1.078908696112757,0.0,0.6982259518980403,0.0,-1.197317047243061,0.0,1.202425072487328,-0.6931471805599453,-0.641832281399024,0.6931471805599453,2.1227576427867927,-0.6931471805599453,-0.598979297217241,0.6931471805599453,1.5665438110934602,0.0,1.1967248510445714,-0.6931471805599453,-0.6292088757447605,0.6931471805599453
2025-11-04 02:00:00,0.3785481064820537,0.0,0.3119044267296385,0.0,-0.4473164856353602,0.0,0.5122994719475606,0.0,-1.078908696112757,0.0,0.6982259518980403,0.0,-1.197317047243061,0.0,1.202425072487328,-0.6931471805599453,-0.641832281399024,0.6931471805599453,2.1227576427867927,-0.6931471805599453,-0.598979297217241,0.6931471805599453,1.5665438110934602,0.0,1.1967248510445714,-0.6931471805599453
2025-11-04 03:00:00,-0.41176089279297834,0.0,0.3785481064820537,0.0,0.3119044267296385,0.0,-0.4473164856353602,0.0,0.5122994719475606,0.0,-1.078908696112757,0.0,0.6982259518980403,0.0,-1.197317047243061,0.0,1.202425072487328,-0.6931471805599453,-0.641832281399024,0.6931471805599453,2.1227576427867927,-0.6931471805599453,-0.598979297217241,0.6931471805599453,1.5665438110934602,0.0
2025-11-04 04:00:00,1.1228063023408872,0.0,-0.41176089279297834,0.0,0.3785481064820537,0.0,0.3119044267296385,0.0,-0.4473164856353602,0.0,0.5122994719475606,0.0,-1.078908696112757,0.0,0.6982259518980403,0.0,-1.197317047243061,0.0,1.202425072487328,-0.6931471805599453,-0.641832281399024,0.6931471805599453,2.1227576427867927,-0.6931471805599453,-0.598979297217241,0.6931471805599453
2025-11-04 05:00:00,-1.5804554864522853,0.0,1.1228063023408872,0.0,-0.41176089279297834,0.0,0.3785481064820537,0.0,0.3119044267296385,0.0,-0.4473164856353602,0.0,0.5122994719475606,0.0,-1.078908696112757,0.0,0.6982259518980403,0.0,-1.197317047243061,0.0,1.202425072487328,-0.6931471805599453,-0.641832281399024,0.6931471805599453,2.1227576427867927,-0.6931471805599453
2025-11-04 06:00:00,-0.5087016028555631,0.0,-1.5804554864522853,0.0,1.1228063023408872,0.0,-0.41176089279297834,0.0,0.3785481064820537,0.0,0.3119044267296385,0.0,-0.4473164856353602,0.0,0.5122994719475606,0.0,-1.078908696112757,0.0,0.6982259518980403,0.0,-1.197317047243061,0.0,1.202425072487328,-0.6931471805599453,-0.641832281399024,0.6931471805599453
2025-11-04 07:00:00,-0.7942832667881454,0.0,-0.5087016028555631,0.0,-1.5804554864522853,0.0,1.1228063023408872,0.0,-0.41176089279297834,0.0,0.3785481064820537,0.0,0.3119044267296385,0.0,-0.4473164856353602,0.0,0.5122994719475606,0.0,-1.078908696112757,0.0,0.6982259518980403,0.0,-1.197317047243061,0.0,1.202425072487328,-0.6931471805599453
2025-11-04 08:00:00,0.6711090570425302,0.0,-0.7942832667881454,0.0,-0.5087016028555631,0.0,-1.5804554864522853,0.0,1.1228063023408872,0.0,-0.41176089279297834,0.0,0.3785481064820537,0.0,0.3119044267296385,0.0,-0.4473164856353602,0.0,0.5122994719475606,0.0,-1.078908696112757,0.0,0.6982259518980403,0.0,-1.197317047243061,0.0
2025-11-04 09:00:00,-0.08669444645913771,0.0,0.6711090570425302,0.0,-0.7942832667881454,0.0,-0.5087016028555631,0.0,-1.5804554864522853,0.0,1.1228063023408872,0.0,-0.41176089279297834,0.0,0.3785481064820537,0.0,0.3119044267296385,0.0,-0.4473164856353602,0.0,0.5122994719475606,0.0,-1.078908696112757,0.0,0.6982259518980403,0.0
2025-11-04 10:00:00,-1.6444756540295185,0.0,-0.08669444645913771,0.0,0.6711090570425302,0.0,-0.7942832667881454,0.0,-0.5087016028555631,0.0,-1.5804554864522853,0.0,1.1228063023408872,0.0,-0.41176089279297834,0.0,0.3785481064820537,0.0,0.3119044267296385,0.0,-0.4473164856353602,0.0,0.5122994719475606,0.0,-1.078908696112757,0.0
2025-11-04 11:00:00,0.13253578140779076,0.0,-1.6444756540295185,0.0,-0.08669444645913771,0.0,0.6711090570425302,0.0,-0.7942832667881454,0.0,-0.5087016028555631,0.0,-1.5804554864522853,0.0,1.1228063023408872,0.0,-0.41176089279297834,0.0,0.3785481064820537,0.0,0.3119044267296385,0.0,-0.4473164856353602,0.0,0.5122994719475606,0.0
2025-11-04 12:00:00,1.0459594511472332,0.0,0.13253578140779076,0.0,-1.6444756540295185,0.0,-0.08669444645913771,0.0,0.6711090570425302,0.0,-0.7942832667881454,0.0,-0.5087016028555631,0.0,-1.5804554864522853,0.0,1.1228063023408872,0.0,-0.41176089279297834,0.0,0.3785481064820537,0.0,0.3119044267296385,0.0,-0.4473164856353602,0.0
2025-11-04 13:00:00,1.4868408390262378,0.0,1.0459594511472332,0.0,0.13253578140779076,0.0,-1.6444756540295185,0.0,-0.08669444645913771,0.0,0.6711090570425302,0.0,-0.7942832667881454,0.0,-0.5087016028555631,0.0,-1.5804554864522853,0.0,1.1228063023408872,0.0,-0.41176089279297834,0.0,0.3785481064820537,0.0,0.3119044267296385,0.0
2025-11-04 14:00:00,-0.4668431657701557,0.0,1.4868408390262378,0.0,1.0459594511472332,0.0,0.13253578140779076,0.0,-1.6444756540295185,0.0,-0.08669444645913771,0.0,0.6711090570425302,0.0,-0.7942832667881454,0.0,-0.5087016028555631,0.0,-1.5804554864522853,0.0,1.1228063023408872,0.0,-0.41176089279297834,0.0,0.3785481064820537,0.0
2025-11-04 15:00:00,0.26351097739080487,0.0,-0.4668431657701557,0.0,1.4868408390262378,0.0,1.0459594511472332,0.0,0.13253578140779076,0.0,-1.6444756540295185,0.0,-0.08669444645913771,0.0,0.6711090570425302,0.0,-0.7942832667881454,0.0,-0.5087016028555631,0.0,-1.5804554864522853,0.0,1.1228063023408872,0.0,-0.41176089279297834,0.0
2025-11-04 16:00:00,0.09719866449893111,0.0,0.26351097739080487,0.0,-0.4668431657701557,0.0,1.4868408390262378,0.0,1.0459594511472332,0.0,0.13253578140779076,0.0,-1.6444756540295185,0.0,-0.08669444645913771,0.0,0.6711090570425302,0.0,-0.7942832667881454,0.0,-0.5087016028555631,0.0,-1.5804554864522853,0.0,1.1228063023408872,0.0
2025-11-04 17:00:00,0.7015573949205596,0.0,0.09719866449893111,0.0,0.26351097739080487,0.0,-0.4668431657701557,0.0,1.4868408390262378,0.0,1.0459594511472332,0.0,0.13253578140779076,0.0,-1.6444756540295185,0.0,-0.08669444645913771,0.0,0.6711090570425302,0.0,-0.7942832667881454,0.0,-0.5087016028555631,0.0,-1.5804554864522853,0.0
2025-11-04 18:00:00,0.6884604361679596,0.0,0.7015573949205596,0.0,0.09719866449893111,0.0,0.26351097739080487,0.0,-0.4668431657701557,0.0,1.4868408390262378,0.0,1.0459594511472332,0.0,0.13253578140779076,0.0,-1.6444756540295185,0.0,-0.08669444645913771,0.0,0.6711090570425302,0.0,-0.7942832667881454,0.0,-0.5087016028555631,0.0
2025-11-04 19:00:00,-0.6695536238870776,0.0,0.6884604361679596,0.0,0.7015573949205596,0.0,0.09719866449893111,0.0,0.26351097739080487,0.0,-0.4668431657701557,0.0,1.4868408390262378,0.0,1.0459594511472332,0.0,0.13253578140779076,0.0,-1.6444756540295185,0.0,-0.08669444645913771,0.0,0.6711090570425302,0.0,-0.7942832667881454,0.0
2025-11-04 20:00:00,-0.22435195116091222,1.0986122886681098,-0.6695536238870776,0.0,0.6884604361679596,0.0,0.7015573949205596,0.0,0.09719866449893111,0.0,0.26351097739080487,0.0,-0.4668431657701557,0.0,1.4868408390262378,0.0,1.0459594511472332,0.0,0.13253578140779076,0.0,-1.6444756540295185,0.0,-0.08669444645913771,0.0,0.6711090570425302,0.0
2025-11-04 21:00:00,0.4995342705497894,-1.0986122886681098,-0.22435195116091222,1.0986122886681098,-0.6695536238870776,0.0,0.6884604361679596,0.0,0.7015573949205596,0.0,0.09719866449893111,0.0,0.26351097739080487,0.0,-0.4668431657701557,0.0,1.4868408390262378,0.0,1.0459594511472332,0.0,0.13253578140779076,0.0,-1.6444756540295185,0.0,-0.08669444645913771,0.0
2025-11-04 22:00:00,-0.11363303585080509,0.0,0.4995342705497894,-1.0986122886681098,-0.22435195116091222,1.0986122886681098,-0.6695536238870776,0.0,0.6884604361679596,0.0,0.7015573949205596,0.0,0.09719866449893111,0.0,0.26351097739080487,0.0,-0.4668431657701557,0.0,1.4868408390262378,0.0,1.0459594511472332,0.0,0.13253578140779076,0.0,-1.6444756540295185,0.0
2025-11-04 23:00:00,0.3210826734580081,0.0,-0.11363303585080509,0.0,0.4995342705497894,-1.0986122886681098,-0.22435195116091222,1.0986122886681098,-0.6695536238870776,0.0,0.6884604361679596,0.0,0.7015573949205596,0.0,0.09719866449893111,0.0,0.26351097739080487,0.0,-0.4668431657701557,0.0,1.4868408390262378,0.0,1.0459594511472332,0.0,0.13253578140779076,0.0
2025-11-05 00:00:00,-0.4101018849693805,0.0,0.3210826734580081,0.0,-0.11363303585080509,0.0,0.4995342705497894,-1.0986122886681098,-0.22435195116091222,1.0986122886681098,-0.6695536238870776,0.0,0.6884604361679596,0.0,0.7015573949205596,0.0,0.09719866449893111,0.0,0.26351097739080487,0.0,-0.4668431657701557,0.0,1.4868408390262378,0.0,1.0459594511472332,0.0
2025-11-05 01:00:00,0.17203149951015106,0.0,-0.4101018849693805,0.0,0.3210826734580081,0.0,-0.11363303585080509,0.0,0.4995342705497894,-1.0986122886681098,-0.22435195116091222,1.0986122886681098,-0.6695536238870776,0.0,0.6884604361679596,0.0,0.7015573949205596,0.0,0.09719866449893111,0.0,0.26351097739080487,0.0,-0.4668431657701557,0.0,1.4868408390262378,0.0
2025-11-05 02:00:00,0.7382798264232928,0.0,0.17203149951015106,0.0,-0.4101018849693805,0.0,0.3210826734580081,0.0,-0.11363303585080509,0.0,0.4995342705497894,-1.0986122886681098,-0.22435195116091222,1.0986122886681098,-0.6695536238870776,0.0,0.6884604361679596,0.0,0.7015573949205596,0.0,0.09719866449893111,0.0,0.26351097739080487,0.0,-0.4668431657701557,0.0
2025-11-05 03:00:00,1.5492318775743303,0.6931471805599453,0.7382798264232928,0.0,0.17203149951015106,0.0,-0.4101018849693805,0.0,0.3210826734580081,0.0,-0.11363303585080509,0.0,0.4995342705497894,-1.0986122886681098,-0.22435195116091222,1.0986122886681098,-0.6695536238870776,0.0,0.6884604361679596,0.0,0.7015573949205596,0.0,0.09719866449893111,0.0,0.26351097739080487,0.0
2025-11-05 04:00:00,-4.621970376333465,-0.6931471805599453,1.5492318775743303,0.6931471805599453,0.7382798264232928,0.0,0.17203149951015106,0.0,-0.4101018849693805,0.0,0.3210826734580081,0.0,-0.11363303585080509,0.0,0.4995342705497894,-1.0986122886681098,-0.22435195116091222,1.0986122886681098,-0.6695536238870776,0.0,0.6884604361679596,0.0,0.7015573949205596,0.0,0.09719866449893111,0.0
2025-11-05 05:00:00,-1.1387879227453475,0.0,-4.621970376333465,-0.6931471805599453,1.5492318775743303,0.6931471805599453,0.7382798264232928,0.0,0.17203149951015106,0.0,-0.4101018849693805,0.0,0.3210826734580081,0.0,-0.11363303585080509,0.0,0.4995342705497894,-1.0986122886681098,-0.22435195116091222,1.0986122886681098,-0.6695536238870776,0.0,0.6884604361679596,0.0,0.7015573949205596,0.0
2025-11-05 06:00:00,-0.26201712788403064,0.0,-1.1387879227453475,0.0,-4.621970376333465,-0.6931471805599453,1.5492318775743303,0.6931471805599453,0.7382798264232928,0.0,0.17203149951015106,0.0,-0.4101018849693805,0.0,0.3210826734580081,0.0,-0.11363303585080509,0.0,0.4995342705497894,-1.0986122886681098,-0.22435195116091222,1.0986122886681098,-0.6695536238870776,0.0,0.6884604361679596,0.0
2025-11-05 07:00:00,-2.3410746557873994,0.0,-0.26201712788403064,0.0,-1.1387879227453475,0.0,-4.621970376333465,-0.6931471805599453,1.5492318775743303,0.6931471805599453,0.7382798264232928,0.0,0.17203149951015106,0.0,-0.4101018849693805,0.0,0.3210826734580081,0.0,-0.11363303585080509,0.0,0.4995342705497894,-1.0986122886681098,-0.22435195116091222,1.0986122886681098,-0.6695536238870776,0.0
2025-11-05 08:00:00,-0.01241635022489529,0.0,-2.3410746557873994,0.0,-0.26201712788403064,0.0,-1.1387879227453475,0.0,-4.621970376333465,-0.6931471805599453,1.5492318775743303,0.6931471805599453,0.7382798264232928,0.0,0.17203149951015106,0.0,-0.4101018849693805,0.0,0.3210826734580081,0.0,-0.11363303585080509,0.0,0.4995342705497894,-1.0986122886681098,-0.22435195116091222,1.0986122886681098
2025-11-05 09:00:00,-1.7842911746205292,0.0,-0.01241635022489529,0.0,-2.3410746557873994,0.0,-0.26201712788403064,0.0,-1.1387879227453475,0.0,-4.621970376333465,-0.6931471805599453,1.5492318775743303,0.6931471805599453,0.7382798264232928,0.0,0.17203149951015106,0.0,-0.4101018849693805,0.0,0.3210826734580081,0.0,-0.11363303585080509,0.0,0.4995342705497894,-1.0986122886681098
2025-11-05 10:00:00,-5.817111159963204,0.0,-1.7842911746205292,0.0,-0.01241635022489529,0.0,-2.3410746557873994,0.0,-0.26201712788403064,0.0,-1.1387879227453475,0.0,-4.621970376333465,-0.6931471805599453,1.5492318775743303,0.6931471805599453,0.7382798264232928,0.0,0.17203149951015106,0.0,-0.4101018849693805,0.0,0.3210826734580081,0.0,-0.11363303585080509,0.0
2025-11-05 11:00:00,0.0,0.0,-5.817111159963204,0.0,-1.7842911746205292,0.0,-0.01241635022489529,0.0,-2.3410746557873994,0.0,-0.26201712788403064,0.0,-1.1387879227453475,0.0,-4.621970376333465,-0.6931471805599453,1.5492318775743303,0.6931471805599453,0.7382798264232928,0.0,0.17203149951015106,0.0,-0.4101018849693805,0.0,0.3210826734580081,0.0
2025-11-05 12:00:00,6.639875833826536,0.0,0.0,0.0,-5.817111159963204,0.0,-1.7842911746205292,0.0,-0.01241635022489529,0.0,-2.3410746557873994,0.0,-0.26201712788403064,0.0,-1.1387879227453475,0.0,-4.621970376333465,-0.6931471805599453,1.5492318775743303,0.6931471805599453,0.7382798264232928,0.0,0.17203149951015106,0.0,-0.4101018849693805,0.0
2025-11-05 13:00:00,0.3503806666673448,0.0,6.639875833826536,0.0,0.0,0.0,-5.817111159963204,0.0,-1.7842911746205292,0.0,-0.01241635022489529,0.0,-2.3410746557873994,0.0,-0.26201712788403064,0.0,-1.1387879227453475,0.0,-4.621970376333465,-0.6931471805599453,1.5492318775743303,0.6931471805599453,0.7382798264232928,0.0,0.17203149951015106,0.0
2025-11-05 14:00:00,-1.1613108828836731,0.0,0.3503806666673448,0.0,6.639875833826536,0.0,0.0,0.0,-5.817111159963204,0.0,-1.7842911746205292,0.0,-0.01241635022489529,0.0,-2.3410746557873994,0.0,-0.26201712788403064,0.0,-1.1387879227453475,0.0,-4.621970376333465,-0.6931471805599453,1.5492318775743303,0.6931471805599453,0.7382798264232928,0.0
2025-11-05 15:00:00,4.376681492466629,0.0,-1.1613108828836731,0.0,0.3503806666673448,0.0,6.639875833826536,0.0,0.0,0.0,-5.817111159963204,0.0,-1.7842911746205292,0.0,-0.01241635022489529,0.0,-2.3410746557873994,0.0,-0.26201712788403064,0.0,-1.1387879227453475,0.0,-4.621970376333465,-0.6931471805599453,1.5492318775743303,0.6931471805599453
2025-11-05 16:00:00,-0.9208288271826444,0.0,4.376681492466629,0.0,-1.1613108828836731,0.0,0.3503806666673448,0.0,6.639875833826536,0.0,0.0,0.0,-5.817111159963204,0.0,-1.7842911746205292,0.0,-0.01241635022489529,0.0,-2.3410746557873994,0.0,-0.26201712788403064,0.0,-1.1387879227453475,0.0,-4.621970376333465,-0.6931471805599453
2025-11-05 17:00:00,-0.730887508542791,0.0,-0.9208288271826444,0.0,4.376681492466629,0.0,-1.1613108828836731,0.0,0.3503806666673448,0.0,6.639875833826536,0.0,0.0,0.0,-5.817111159963204,0.0,-1.7842911746205292,0.0,-0.01241635022489529,0.0,-2.3410746557873994,0.0,-0.26201712788403064,0.0,-1.1387879227453475,0.0
2025-11-05 18:00:00,-1.6352155553309293,0.0,-0.730887508542791,0.0,-0.9208288271826444,0.0,4.376681492466629,0.0,-1.1613108828836731,0.0,0.3503806666673448,0.0,6.639875833826536,0.0,0.0,0.0,-5.817111159963204,0.0,-1.7842911746205292,0.0,-0.01241635022489529,0.0,-2.3410746557873994,0.0,-0.26201712788403064,0.0
2025-11-05 19:00:00,0.8570005308947737,0.0,-1.6352155553309293,0.0,-0.730887508542791,0.0,-0.9208288271826444,0.0,4.376681492466629,0.0,-1.1613108828836731,0.0,0.3503806666673448,0.0,6.639875833826536,0.0,0.0,0.0,-5.817111159963204,0.0,-1.7842911746205292,0.0,-0.01241635022489529,0.0,-2.3410746557873994,0.0
2025-11-05 20:00:00,-0.4571562013473436,0.6931471805599453,0.8570005308947737,0.0,-1.6352155553309293,0.0,-0.730887508542791,0.0,-0.9208288271826444,0.0,4.376681492466629,0.0,-1.1613108828836731,0.0,0.3503806666673448,0.0,6.639875833826536,0.0,0.0,0.0,-5.817111159963204,0.0,-1.7842911746205292,0.0,-0.01241635022489529,0.0
2025-11-05 21:00:00,-0.04961942037417977,-0.6931471805599453,-0.4571562013473436,0.6931471805599453,0.8570005308947737,0.0,-1.6352155553309293,0.0,-0.730887508542791,0.0,-0.9208288271826444,0.0,4.376681492466629,0.0,-1.1613108828836731,0.0,0.3503806666673448,0.0,6.639875833826536,0.0,0.0,0.0,-5.817111159963204,0.0,-1.7842911746205292,0.0
2025-11-05 22:00:00,1.8837911309458253,0.0,-0.04961942037417977,-0.6931471805599453,-0.4571562013473436,0.6931471805599453,0.8570005308947737,0.0,-1.6352155553309293,0.0,-0.730887508542791,0.0,-0.9208288271826444,0.0,4.376681492466629,0.0,-1.1613108828836731,0.0,0.3503806666673448,0.0,6.639875833826536,0.0,0.0,0.0,-5.817111159963204,0.0
2025-11-05 23:00:00,-4.5375907422982875,0.0,1.8837911309458253,0.0,-0.04961942037417977,-0.6931471805599453,-0.4571562013473436,0.6931471805599453,0.8570005308947737,0.0,-1.6352155553309293,0.0,-0.730887508542791,0.0,-0.9208288271826444,0.0,4.376681492466629,0.0,-1.1613108828836731,0.0,0.3503806666673448,0.0,6.639875833826536,0.0,0.0,0.0
2025-11-06 00:00:00,5.499478490785239,0.0,-4.5375907422982875,0.0,1.8837911309458253,0.0,-0.04961942037417977,-0.6931471805599453,-0.4571562013473436,0.6931471805599453,0.8570005308947737,0.0,-1.6352155553309293,0.0,-0.730887508542791,0.0,-0.9208288271826444,0.0,4.376681492466629,0.0,-1.1613108828836731,0.0,0.3503806666673448,0.0,6.639875833826536,0.0
2025-11-06 01:00:00,-1.9984805760171334,0.0,5.499478490785239,0.0,-4.5375907422982875,0.0,1.8837911309458253,0.0,-0.04961942037417977,-0.6931471805599453,-0.4571562013473436,0.6931471805599453,0.8570005308947737,0.0,-1.6352155553309293,0.0,-0.730887508542791,0.0,-0.9208288271826444,0.0,4.376681492466629,0.0,-1.1613108828836731,0.0,0.3503806666673448,0.0
2025-11-06 02:00:00,-0.6470345466881309,0.0,-1.9984805760171334,0.0,5.499478490785239,0.0,-4.5375907422982875,0.0,1.8837911309458253,0.0,-0.04961942037417977,-0.6931471805599453,-0.4571562013473436,0.6931471805599453,0.8570005308947737,0.0,-1.6352155553309293,0.0,-0.730887508542791,0.0,-0.9208288271826444,0.0,4.376681492466629,0.0,-1.1613108828836731,0.0
2025-11-06 03:00:00,-3.3419494998761428,0.0,-0.6470345466881309,0.0,-1.9984805760171334,0.0,5.499478490785239,0.0,-4.5375907422982875,0.0,1.8837911309458253,0.0,-0.04961942037417977,-0.6931471805599453,-0.4571562013473436,0.6931471805599453,0.8570005308947737,0.0,-1.6352155553309293,0.0,-0.730887508542791,0.0,-0.9208288271826444,0.0,4.376681492466629,0.0
2025-11-06 04:00:00,4.262452681765999,0.6931471805599453,-3.3419494998761428,0.0,-0.6470345466881309,0.0,-1.9984805760171334,0.0,5.499478490785239,0.0,-4.5375907422982875,0.0,1.8837911309458253,0.0,-0.04961942037417977,-0.6931471805599453,-0.4571562013473436,0.6931471805599453,0.8570005308947737,0.0,-1.6352155553309293,0.0,-0.730887508542791,0.0,-0.9208288271826444,0.0
2025-11-06 05:00:00,-2.730104851051469,-0.6931471805599453,4.262452681765999,0.6931471805599453,-3.3419494998761428,0.0,-0.6470345466881309,0.0,-1.9984805760171334,0.0,5.499478490785239,0.0,-4.5375907422982875,0.0,1.8837911309458253,0.0,-0.04961942037417977,-0.6931471805599453,-0.4571562013473436,0.6931471805599453,0.8570005308947737,0.0,-1.6352155553309293,0.0,-0.730887508542791,0.0
2025-11-06 06:00:00,1.2502710658851885,0.0,-2.730104851051469,-0.6931471805599453,4.262452681765999,0.6931471805599453,-3.3419494998761428,0.0,-0.6470345466881309,0.0,-1.9984805760171334,0.0,5.499478490785239,0.0,-4.5375907422982875,0.0,1.8837911309458253,0.0,-0.04961942037417977,-0.6931471805599453,-0.4571562013473436,0.6931471805599453,0.8570005308947737,0.0,-1.6352155553309293,0.0
2025-11-06 07:00:00,3.3992327117772723,0.0,1.2502710658851885,0.0,-2.730104851051469,-0.6931471805599453,4.262452681765999,0.6931471805599453,-3.3419494998761428,0.0,-0.6470345466881309,0.0,-1.9984805760171334,0.0,5.499478490785239,0.0,-4.5375907422982875,0.0,1.8837911309458253,0.0,-0.04961942037417977,-0.6931471805599453,-0.4571562013473436,0.6931471805599453,0.8570005308947737,0.0
2025-11-06 08:00:00,-10.308985993422082,0.0,3.3992327117772723,0.0,1.2502710658851885,0.0,-2.730104851051469,-0.6931471805599453,4.262452681765999,0.6931471805599453,-3.3419494998761428,0.0,-0.6470345466881309,0.0,-1.9984805760171334,0.0,5.499478490785239,0.0,-4.5375907422982875,0.0,1.8837911309458253,0.0,-0.04961942037417977,-0.6931471805599453,-0.4571562013473436,0.6931471805599453
2025-11-06 09:00:00,0.0,0.0,-10.308985993422082,0.0,3.3992327117772723,0.0,1.2502710658851885,0.0,-2.730104851051469,-0.6931471805599453,4.262452681765999,0.6931471805599453,-3.3419494998761428,0.0,-0.6470345466881309,0.0,-1.9984805760171334,0.0,5.499478490785239,0.0,-4.5375907422982875,0.0,1.8837911309458253,0.0,-0.04961942037417977,-0.6931471805599453
2025-11-06 10:00:00,0.0,0.0,0.0,0.0,-10.308985993422082,0.0,3.3992327117772723,0.0,1.2502710658851885,0.0,-2.730104851051469,-0.6931471805599453,4.262452681765999,0.6931471805599453,-3.3419494998761428,0.0,-0.6470345466881309,0.0,-1.9984805760171334,0.0,5.499478490785239,0.0,-4.5375907422982875,0.0,1.8837911309458253,0.0
2025-11-06 11:00:00,7.507690077819904,0.0,0.0,0.0,0.0,0.0,-10.308985993422082,0.0,3.3992327117772723,0.0,1.2502710658851885,0.0,-2.730104851051469,-0.6931471805599453,4.262452681765999,0.6931471805599453,-3.3419494998761428,0.0,-0.6470345466881309,0.0,-1.9984805760171334,0.0,5.499478490785239,0.0,-4.5375907422982875,0.0
2025-11-06 12:00:00,-7.507690077819904,0.0,7.507690077819904,0.0,0.0,0.0,0.0,0.0,-10.308985993422082,0.0,3.3992327117772723,0.0,1.2502710658851885,0.0,-2.730104851051469,-0.6931471805599453,4.262452681765999,0.6931471805599453,-3.3419494998761428,0.0,-0.6470345466881309,0.0,-1.9984805760171334,0.0,5.499478490785239,0.0
2025-11-06 13:00:00,0.0,0.6931471805599453,-7.507690077819904,0.0,7.507690077819904,0.0,0.0,0.0,0.0,0.0,-10.308985993422082,0.0,3.3992327117772723,0.0,1.2502710658851885,0.0,-2.730104851051469,-0.6931471805599453,4.262452681765999,0.6931471805599453,-3.3419494998761428,0.0,-0.6470345466881309,0.0,-1.9984805760171334,0.0
2025-11-06 14:00:00,6.985641817639208,0.0,0.0,0.6931471805599453,-7.507690077819904,0.0,7.507690077819904,0.0,0.0,0.0,0.0,0.0,-10.308985993422082,0.0,3.3992327117772723,0.0,1.2502710658851885,0.0,-2.730104851051469,-0.6931471805599453,4.262452681765999,0.6931471805599453,-3.3419494998761428,0.0,-0.6470345466881309,0.0
